development_row,fold,y_true,raw_probability,calibrated_probability,raw_selected_at_0_40,calibrated_selected_at_0_40
0,4,0,0.5962699330579185,0.5855958841665888,1,1
1,1,0,0.04239366450572949,0.04802593763571334,0,0
2,3,1,0.2919110270717863,0.2927401696620152,0,0
3,5,0,0.031010545345851147,0.03534485740356385,0,0
4,2,1,0.6886177265724541,0.6770253147104504,1,1
5,4,1,0.7820523560312631,0.7706379744093048,1,1
6,3,0,0.47072094588051366,0.46367524070098565,1,1
7,1,0,0.28964279546190785,0.2891178536863582,0,0
8,2,1,0.5993778859365299,0.5905901764887581,1,1
9,5,0,0.013541138052825315,0.016551398557638746,0,0
10,1,0,0.18539735692993176,0.18996896981975536,0,0
11,1,0,0.027632984049068075,0.03192659383764905,0,0
12,5,0,0.15232973197334787,0.15743282654707066,0,0
13,1,1,0.38208393320718825,0.37606206747567844,0,0
14,5,0,0.4573624399094455,0.45522720515521325,1,1
15,2,0,0.03610719505344008,0.0404252877325825,0,0
16,3,0,0.007064937411973168,0.009002701101574976,0,0
17,2,0,0.04484442698364712,0.05031300384193993,0,0
18,4,1,0.17615266117299488,0.18062722522782032,0,0
19,3,0,0.553453840299543,0.5454060783754752,1,1
20,1,1,0.6935626186278432,0.6786771760782854,1,1
21,2,0,0.06516468920452523,0.07083259401267641,0,0
22,4,1,0.21445470345358797,0.21632946017179408,0,0
23,4,0,0.03203334181706414,0.03526465109533476,0,0
24,2,1,0.44510617254286505,0.43684878493311763,1,1
25,4,1,0.46462820433525015,0.4583349140665957,1,1
26,3,0,0.015146865148783654,0.017221091663779168,0,0
27,5,1,0.353526696242027,0.3538950198015257,0,0
28,2,0,0.7307650196242741,0.7192655839999859,1,1
29,5,0,0.03411009735001561,0.03826242348565399,0,0
30,1,0,0.41268166654249366,0.4111394281554306,1,1
31,2,1,0.6584275503781712,0.6467646064686481,1,1
32,3,0,0.2296891749653151,0.23427668901023888,0,0
33,4,1,0.5845266065357807,0.5745880791818222,1,1
34,4,1,0.6778976796755469,0.6673920104718756,1,1
35,3,0,0.11497707681783964,0.12078341908831787,0,0
36,2,0,0.01220137777659075,0.014517284880768347,0,0
37,1,0,0.3499038729979354,0.35484032856459563,0,0
38,1,0,0.4457725383615258,0.4395542416482712,1,1
39,2,0,0.33201734382160997,0.3318440817745881,0,0
40,3,1,0.737158895019505,0.7256907445991786,1,1
41,5,0,0.03214892995843015,0.036163491260231495,0,0
42,1,0,0.007405061247541368,0.009284165645171174,0,0
43,4,0,0.5246634381788283,0.519430322776097,1,1
44,4,1,0.6290944766316757,0.6206876192354385,1,1
45,1,1,0.7507821806541729,0.7389844792244312,1,1
46,3,0,0.1401307305872519,0.14531508431767112,0,0
47,3,0,0.1720222951419714,0.17511138867099652,0,0
48,3,0,0.015410007752692861,0.017927218510727864,0,0
49,3,0,0.08980490933677511,0.09514560498614015,0,0
50,5,0,0.5274965293007943,0.5197246818901982,1,1
51,3,0,0.004448113236779317,0.005653508793418772,0,0
52,2,0,0.0948214473585819,0.10132810148275193,0,0
53,2,1,0.7511179090762697,0.7378177167218293,1,1
54,3,0,0.5171863221002575,0.5106222054923009,1,1
55,1,0,0.2311848374210245,0.23349934066135636,0,0
56,2,0,0.05069536095961947,0.056021959385449585,0,0
57,4,0,0.0061214651830962885,0.00745325320669156,0,0
58,5,0,0.4300680266638166,0.4275793860576059,1,1
59,1,0,0.30939510145571963,0.3124579978082906,0,0
60,1,0,0.014164096730827814,0.017373205060501586,0,0
61,5,0,0.06515884020041425,0.07038528945891366,0,0
62,4,0,0.2392751910690819,0.24087794007992075,0,0
63,2,0,0.06572902347024837,0.07166760938969327,0,0
64,4,0,0.29249022406733266,0.2944411204816082,0,0
65,5,0,0.02291417853708383,0.026011777832843735,0,0
66,2,1,0.690861625083137,0.6788099794571641,1,1
67,4,0,0.4378798208306514,0.4335522222122165,1,1
68,3,1,0.5555551363601113,0.5466372850052669,1,1
69,4,0,0.29878196862217854,0.2983087084719142,0,0
70,1,0,0.006637450822813259,0.008595764390865634,0,0
71,2,0,0.7084597801424658,0.6950970833737852,1,1
72,4,0,0.07886954173922955,0.08477638436695145,0,0
73,5,0,0.005941693381561652,0.007242919995268185,0,0
74,5,0,0.0085871161912885,0.010289477564380143,0,0
75,5,0,0.23929886157943972,0.24255899118864416,0,0
76,5,0,0.254046726476505,0.2556369397583963,0,0
77,3,0,0.23607550635987937,0.23789007289698122,0,0
78,2,0,0.08462467338704119,0.09066510629405747,0,0
79,4,1,0.6288688592036539,0.6191261161456139,1,1
80,1,0,0.013976286770066121,0.016829686734606317,0,0
81,1,1,0.14864832840985537,0.1541625652739819,0,0
82,3,0,0.00468664992231444,0.005977594282585333,0,0
83,2,1,0.6066247301048222,0.5962344800921204,1,1
84,2,0,0.19592704778735975,0.20028826417755435,0,0
85,2,0,0.2084916133020169,0.21207643507577378,0,0
86,1,0,0.1991524733816845,0.20507301235557093,0,0
87,5,1,0.08357032375777618,0.0884556210511456,0,0
88,2,0,0.4559902320482818,0.4499878087237675,1,1
89,4,0,0.12981192322411428,0.13447847990678832,0,0
90,5,0,0.06755873521768505,0.07366108342838906,0,0
91,2,0,0.26293282707973326,0.26553059835274484,0,0
92,4,0,0.002339631087343104,0.0029652569783608384,0,0
93,3,1,0.26177224444917135,0.26371238133663527,0,0
94,4,0,0.02326435129117677,0.026246506894758586,0,0
95,4,1,0.5306150096879813,0.5245766322437806,1,1
96,3,0,0.02655563523170369,0.030316890504651563,0,0
97,4,0,0.4891780252060595,0.4840240719419131,1,1
98,2,0,0.0371070989455698,0.041711277723047474,0,0
99,3,1,0.6840544082293893,0.6716614766653053,1,1
100,5,0,0.00903408229582564,0.010820903054796879,0,0
101,5,0,0.34457275755909883,0.34633560468214253,0,0
102,4,1,0.7424297171584642,0.7313384759219167,1,1
103,5,0,0.1883527008879466,0.19270498071028186,0,0
104,1,0,0.11485482819269166,0.12340912175211498,0,0
105,3,0,0.002715331112253813,0.003594943680325016,0,0
106,5,0,0.1816289518886518,0.18533761758363937,0,0
107,4,0,0.06742325924491575,0.07313403650344504,0,0
108,3,1,0.2429853543263347,0.24512455357548232,0,0
109,3,0,0.006338406761560556,0.007755442196242387,0,0
110,2,1,0.6783678349867439,0.6655472874967577,1,1
111,2,1,0.43808530980276794,0.433190798488725,1,1
112,4,0,0.0034358457610703984,0.004259176010865717,0,0
113,4,0,0.006166904456182513,0.00749355001288927,0,0
114,4,1,0.650711307672028,0.6419338947099903,1,1
115,4,0,0.016961155237094364,0.019123820322514494,0,0
116,4,1,0.3615766473874851,0.36017476559883643,0,0
117,5,0,0.1210248587474416,0.12628185494356306,0,0
118,5,0,0.07433535308258671,0.0802314888137246,0,0
119,2,0,0.004299258821898927,0.005385527788294662,0,0
120,4,0,0.1127443880722588,0.11801035445728095,0,0
121,2,1,0.49991005167155855,0.4937506884023241,1,1
122,2,0,0.07241704212494861,0.07845853018782131,0,0
123,1,0,0.1934286798663011,0.19872142087546368,0,0
124,1,0,0.4663786008067613,0.4634546678693803,1,1
125,1,0,0.011330999905984712,0.013801438608403122,0,0
126,4,0,0.14572395248883907,0.1489029232773659,0,0
127,3,0,0.5692670860621829,0.5581370846781797,1,1
128,2,0,0.5862751624779987,0.5748369093456809,1,1
129,5,0,0.046323770877803226,0.05162225026836705,0,0
130,2,0,0.055321636060054004,0.061212457033599635,0,0
131,5,1,0.44156350600671096,0.43866573916286367,1,1
132,3,0,0.7162557485625348,0.7050488470766154,1,1
133,1,0,0.027903380665540094,0.0323802458737028,0,0
134,4,0,0.0649051528529058,0.0694274443168634,0,0
135,3,0,0.0014631885939005902,0.0020075763730833195,0,0
136,5,1,0.6254626141436131,0.6149440892509649,1,1
137,5,0,0.01567575235037376,0.018177510609385765,0,0
138,4,1,0.17070572722523225,0.17541082436746644,0,0
139,1,0,0.09413511974048286,0.09980152885771693,0,0
140,5,0,0.07393430132464046,0.08076740549619381,0,0
141,3,1,0.18425806487194074,0.18850636463651993,0,0
142,1,0,0.02663949662542087,0.030985698413050933,0,0
143,3,0,0.07363962816003054,0.07965194158109183,0,0
144,4,1,0.6219810543318023,0.614348539542504,1,1
145,2,1,0.46097076955528743,0.45727997657901864,1,1
146,5,0,0.00903479141975754,0.010856939106947131,0,0
147,3,0,0.3732481833089731,0.3729978606959915,0,0
148,1,1,0.6086872238883476,0.5957728042722402,1,1
149,5,0,0.057002168660340996,0.06241624954940865,0,0
150,2,1,0.5460368863162199,0.5379111804688133,1,1
151,5,1,0.6429556410654275,0.6319859769674838,1,1
152,1,0,0.2100954737795291,0.2156200946661611,0,0
153,2,0,0.4792509671135495,0.47391144690654896,1,1
154,3,0,0.09444291184801287,0.10070319772214475,0,0
155,2,0,0.0520745762818405,0.058127232626035585,0,0
156,4,1,0.6420433020575816,0.63050147788716,1,1
157,3,0,0.0015781548690066577,0.0021969792079415177,0,0
158,1,0,0.0021931558726214695,0.0030423274903619963,0,0
159,5,0,0.033240310196286545,0.03703362923509352,0,0
160,4,0,0.3606262818872759,0.35652414972186974,0,0
161,3,0,0.06462741898026442,0.06851095752115599,0,0
162,5,0,0.16152696790298676,0.16596171365523835,0,0
163,1,0,0.2660394559760254,0.2709059801824795,0,0
164,3,0,0.4232169182361106,0.4214156774242738,1,1
165,1,0,0.05534277152129459,0.06083686028648858,0,0
166,4,0,0.21748615743108707,0.22083341695440722,0,0
167,2,0,0.008355133568498525,0.010112970581528456,0,0
168,5,1,0.6838261603853267,0.6729238429466732,1,1
169,1,1,0.4838247256473597,0.4840639192304388,1,1
170,3,0,0.10071787521774189,0.10485434568290497,0,0
171,5,1,0.4129368444621323,0.4112005016628214,1,1
172,4,0,0.044646732067221556,0.04895811993697504,0,0
173,3,0,0.6264754905207068,0.6179967142297301,1,1
174,2,0,0.10589620174758939,0.11179326314963278,0,0
175,4,0,0.004988629438490754,0.0060209632498361915,0,0
176,5,0,0.013122555315809753,0.015485032216208307,0,0
177,3,0,0.020792979427528748,0.023477334556017332,0,0
178,1,0,0.6225191956046998,0.6119055916063901,1,1
179,2,1,0.6721466547724707,0.6607467601671366,1,1
180,4,0,0.004363821744016054,0.005435408851257767,0,0
181,1,1,0.28423195905608395,0.2878908615336022,0,0
182,4,0,0.09968007286550132,0.10573417301266799,0,0
183,5,0,0.19646392703601753,0.2024876587719418,0,0
184,5,0,0.07164814033832023,0.0773434527680115,0,0
185,3,1,0.3935967017819637,0.39183281713144,0,0
186,3,0,0.45324261431166046,0.44949351902504675,1,1
187,5,0,0.030794170702129975,0.03463367980176676,0,0
188,2,0,0.0791813046713289,0.08577584227891547,0,0
189,2,0,0.16708498267210645,0.17294986845699228,0,0
190,1,1,0.5364540625747632,0.527969068740189,1,1
191,3,0,0.0016503584603583502,0.0022680586438719543,0,0
192,1,0,0.10209334741778216,0.10932718529547614,0,0
193,4,1,0.4182807269399226,0.414825875235029,1,1
194,3,0,0.15422573720456895,0.16222610622814876,0,0
195,4,0,0.618535381549974,0.6081423333398133,1,1
196,2,1,0.7228382068573087,0.7102605769984129,1,1
197,3,0,0.017889914967367308,0.020471060789890423,0,0
198,1,0,0.0529475567484362,0.05830443365522044,0,0
199,4,0,0.05509179414227254,0.05933666498627079,0,0
200,5,0,0.14486452468659064,0.14980267359376742,0,0
201,3,0,0.39624481858482313,0.39535629416190876,0,0
202,3,1,0.33903383204378706,0.33840959328107884,0,0
203,4,0,0.15757095101850424,0.16150790060575548,0,0
204,2,1,0.5868137553270688,0.5770443759230415,1,1
205,3,1,0.6204572754063951,0.6097432909434239,1,1
206,3,0,0.08111776862799422,0.08636417285112982,0,0
207,5,0,0.02934790425265305,0.03321072438881599,0,0
208,2,0,0.04453902419886545,0.04947933721644234,0,0
209,3,0,0.11701172718022661,0.12214704441871116,0,0
210,3,1,0.46517128950914516,0.45913966484159696,1,1
211,3,0,0.32462713739922505,0.32724268173416193,0,0
212,5,1,0.6676159314665112,0.6579607101614641,1,1
213,5,0,0.3930736557116177,0.3895971872046978,0,0
214,1,0,0.04351495136211234,0.04917799636589943,0,0
215,4,0,0.1375970032753365,0.1410718203904886,0,0
216,4,0,0.014800606919781068,0.016809460554653162,0,0
217,3,0,0.43059765429418645,0.4283248757917645,1,1
218,1,1,0.0023021063892569977,0.003203353878080478,0,0
219,3,0,0.003108550994375445,0.004076052191293108,0,0
220,2,0,0.012601888722845235,0.014863888503030123,0,0
221,2,0,0.6161973601987086,0.6066578415181211,1,1
222,5,1,0.5518803996456966,0.5446978804694075,1,1
223,2,1,0.6207762667538542,0.6113851212491921,1,1
224,2,1,0.4634795047852218,0.4550284227818701,1,1
225,2,0,0.22423962760916294,0.2283591367313659,0,0
226,1,0,0.507858461870993,0.5029693957118393,1,1
227,2,0,0.3149273225227822,0.3143228571047637,0,0
228,5,0,0.20602158559053566,0.21003584569368275,0,0
229,3,0,0.34337961194630046,0.3444353402576118,0,0
230,3,0,0.21622937250618326,0.21993294971137414,0,0
231,4,0,0.04176669377428268,0.04586907362781713,0,0
232,4,0,0.36293544427806385,0.36394831918378845,0,0
233,1,0,0.36048428555150164,0.35977590178044244,0,0
234,2,1,0.641418233085201,0.6292092590622975,1,1
235,3,1,0.3584353264054844,0.3577119846035207,0,0
236,1,1,0.5996741286628854,0.5931800466283805,1,1
237,4,0,0.04386480774443983,0.0485430060105817,0,0
238,5,0,0.1329768112615702,0.1396180269204549,0,0
239,4,0,0.7868860409254246,0.7761780523829729,1,1
240,2,0,0.13030721493153877,0.1359465650567177,0,0
241,4,0,0.214408875050619,0.21630325040465864,0,0
242,3,0,0.028852827771483985,0.032588922500592685,0,0
243,4,0,0.6409569658813871,0.630572233000879,1,1
244,2,0,0.27880617613267317,0.28131220757688036,0,0
245,4,1,0.49340080060541597,0.48887036805462636,1,1
246,3,0,0.2060872626479954,0.21015121999952044,0,0
247,4,1,0.8366078409559495,0.8257241983021542,1,1
248,4,0,0.6418040474065536,0.6324106461071801,1,1
249,5,0,0.3467903150418551,0.3471990264471289,0,0
250,4,1,0.5508858966775642,0.544004945414223,1,1
251,5,0,0.04158960158387018,0.046465632819413294,0,0
252,3,0,0.48348196096145457,0.47653101823529714,1,1
253,3,0,0.28667395650701333,0.2860127630918073,0,0
254,4,0,0.4578840609816448,0.45307479667651485,1,1
255,3,0,0.08906064417791897,0.09411518284574819,0,0
256,2,0,0.6934083583287327,0.6816038946758904,1,1
257,4,1,0.710442100602465,0.7007232692178966,1,1
258,1,0,0.11665813630538312,0.12193230122850851,0,0
259,2,0,0.0032464298414825055,0.004136753505000227,0,0
260,1,0,0.4361777499211222,0.43529500505236063,1,1
261,5,1,0.04486360383446784,0.049591964333070525,0,0
262,3,0,0.0179826571611815,0.02092721686192244,0,0
263,3,0,0.5437073332467103,0.536051781754114,1,1
264,1,0,0.11335112638457459,0.11925101197402928,0,0
265,1,0,0.01141209911694715,0.0141019191337157,0,0
266,3,0,0.3128411872375486,0.31013693353433414,0,0
267,5,0,0.6530059906330183,0.6446362586275508,1,1
268,2,1,0.7193487158425661,0.7075099920853536,1,1
269,5,0,0.40142690291225663,0.4027812866932359,1,1
270,1,0,0.5993248948041149,0.5931445058933831,1,1
271,5,0,0.01433949264495376,0.0167321109478985,0,0
272,1,0,0.1116203821799568,0.11736533384918817,0,0
273,3,0,0.18256055070282598,0.18706909653495035,0,0
274,3,1,0.7248020956259206,0.713113165200875,1,1
275,4,1,0.6050656696035139,0.5962322063597563,1,1
276,4,1,0.024570860290858188,0.028194485151802517,0,0
277,5,0,0.026753513254778087,0.030170037468043392,0,0
278,2,0,0.45082148608697115,0.4438963030052802,1,1
279,4,1,0.3760788535241041,0.36936095534729707,0,0
280,5,0,0.010468244348462661,0.012272756942370764,0,0
281,3,0,0.033425521724924474,0.03798302357730683,0,0
282,2,0,0.006780109625445839,0.008337388824550884,0,0
283,1,0,0.8011727150862828,0.7864489781317159,1,1
284,3,1,0.7861026393819368,0.7739813791086869,1,1
285,2,0,0.002712358800173282,0.0034804018769512687,0,0
286,1,0,0.5107795926576084,0.5030243871879511,1,1
287,2,0,0.07022260167444824,0.07608326481943126,0,0
288,1,0,0.0243509760512467,0.02828787250802377,0,0
289,4,0,0.7789159887727714,0.7683031779545487,1,1
290,3,1,0.550095691976261,0.5393965073926896,1,1
291,2,1,0.39850037414766715,0.4006024461913701,0,1
292,5,0,0.37816968089700964,0.37889672570039845,0,0
293,4,0,0.11094746955030542,0.11544339439695261,0,0
294,2,1,0.19678282713152237,0.20225668600046925,0,0
295,4,0,0.22506518918073257,0.22820605358967616,0,0
296,4,0,0.153073856330128,0.15682951213033197,0,0
297,4,0,0.026642223291669168,0.03033457003482475,0,0
298,3,0,0.0076053175544566415,0.009526498345548248,0,0
299,1,0,0.40907544471440704,0.408193489668183,1,1
300,1,1,0.5671240869996447,0.5599494109688012,1,1
301,1,0,0.21395298180786293,0.2173987602451807,0,0
302,4,0,0.22366559329204902,0.22490853225262292,0,0
303,2,0,0.15741690219619814,0.1622669801163479,0,0
304,3,0,0.046395146355617645,0.049317958410602894,0,0
305,4,0,0.024144091413278005,0.02739796517415218,0,0
306,5,1,0.8041249794774598,0.793519937190487,1,1
307,4,0,0.039922411977822904,0.044042447584492515,0,0
308,3,0,0.12046326248348842,0.12505844736336863,0,0
309,1,0,0.4145445408704034,0.4102256365876927,1,1
310,4,0,0.07898409915322378,0.0838916475775174,0,0
311,1,1,0.5537646202227061,0.545914673858416,1,1
312,5,0,0.12606281517591025,0.1314476504573233,0,0
313,4,1,0.30681385738608996,0.307190208134486,0,0
314,4,0,0.014132392027458916,0.016329035123303706,0,0
315,3,1,0.7114732325668188,0.6997672565816682,1,1
316,2,0,0.15809412517862984,0.1648580818895755,0,0
317,2,1,0.32533824008568374,0.32482274415891804,0,0
318,3,0,0.3458566552229787,0.3461117509730987,0,0
319,5,0,0.40976267061617994,0.4065034314151039,1,1
320,1,0,0.6121652112018541,0.6002311992051095,1,1
321,4,0,0.560547559605616,0.5544319630675275,1,1
322,3,0,0.08359279485975325,0.08984328333086572,0,0
323,2,0,0.6031789000199688,0.5926614028960122,1,1
324,4,0,0.022444887057699425,0.02504955563192491,0,0
325,1,1,0.3244464745739494,0.3230748247086243,0,0
326,2,0,0.3690324622454426,0.3713453847954745,0,0
327,4,0,0.03861240249088947,0.042460453131919776,0,0
328,2,0,0.028262937946096595,0.03206245587132883,0,0
329,2,0,0.0724488676196402,0.0780061397035289,0,0
330,4,1,0.23867349036761493,0.23912155074446284,0,0
331,4,0,0.011512484853698032,0.013801910232076161,0,0
332,3,0,0.032168078605796936,0.03636169671683719,0,0
333,4,0,0.004120721950508441,0.005126252164876466,0,0
334,3,0,0.09130423200985113,0.09686382186658252,0,0
335,5,0,0.450487886891676,0.44609531111389417,1,1
336,3,1,0.24260461519137516,0.24523323750770637,0,0
337,4,1,0.7478333094320732,0.737476401257094,1,1
338,4,0,0.2834679047179214,0.2824238636893239,0,0
339,1,0,0.27726496367459985,0.27949833373543065,0,0
340,1,0,0.3395017277753742,0.33593333755431043,0,0
341,4,0,0.046184361808802844,0.05022733011164824,0,0
342,5,0,0.015595612377067643,0.01813535764595547,0,0
343,4,1,0.42500125835840363,0.41968985567067973,1,1
344,4,1,0.6488548773706528,0.6406461953705918,1,1
345,1,0,0.5943549181980556,0.5824464397787914,1,1
346,1,0,0.1818748110296553,0.1871786258075877,0,0
347,3,0,0.011845420558402332,0.014350688751616639,0,0
348,2,0,0.26640784040655613,0.26867627769463226,0,0
349,3,0,0.08034350928488869,0.08679252726083955,0,0
350,1,0,0.2701067500954704,0.27102254263741277,0,0
351,1,0,0.6428660370991081,0.6306417527263068,1,1
352,4,0,0.5278047684620519,0.5216345971095961,1,1
353,1,0,0.016644962721967384,0.019918621239556882,0,0
354,2,0,0.01165142098942928,0.013827431112915348,0,0
355,4,0,0.3575450559949989,0.35495033484294314,0,0
356,4,1,0.29598331650092186,0.2978756856332133,0,0
357,4,0,0.022393566408209838,0.02581012109263473,0,0
358,5,0,0.26260119527833925,0.2686882627470327,0,0
359,3,0,0.05170559215139522,0.05474611320027885,0,0
360,1,0,0.4252611633529877,0.4199090015280472,1,1
361,2,0,0.29327303095400004,0.29711618314619714,0,0
362,3,0,0.545025714214473,0.5398065786252771,1,1
363,3,0,0.3566488029001253,0.3567050729230409,0,0
364,4,0,0.2983332541302546,0.29871600973102314,0,0
365,5,0,0.3948007184560719,0.3911771908678393,0,0
366,1,1,0.43252872458114805,0.42528194907634453,1,1
367,2,0,0.6681980586250736,0.6566956149611507,1,1
368,4,0,0.012153661530213336,0.014356679562371702,0,0
369,4,0,0.09310672321305458,0.09809638676969505,0,0
370,4,1,0.474016505421764,0.4686675293530696,1,1
371,2,0,0.6543961282689865,0.642280256034058,1,1
372,4,0,0.12678812712633608,0.1319175962095924,0,0
373,5,0,0.04044049171741229,0.04496373288109767,0,0
374,4,0,0.1961199121617378,0.19795905658296034,0,0
375,1,0,0.7592853682284492,0.7456963761358679,1,1
376,3,0,0.13169051554002079,0.13710301256715088,0,0
377,1,0,0.3056380263543263,0.30573661013603837,0,0
378,5,1,0.7063018740650375,0.6965612682664319,1,1
379,2,1,0.7665950570962241,0.7529945837833034,1,1
380,2,0,0.05736435710958104,0.06254543580236295,0,0
381,4,0,0.016537424596491917,0.019122162379266294,0,0
382,2,0,0.10879637963516355,0.11486569037552015,0,0
383,2,0,0.11094989276369936,0.11664368247913834,0,0
384,5,0,0.0068090465560876326,0.008263638303385707,0,0
385,5,1,0.33499750601100053,0.33445586168450436,0,0
386,3,0,0.06047183158366786,0.06633771870130803,0,0
387,4,0,0.3884566854533608,0.3858368711057528,0,0
388,3,0,0.088194792914282,0.09365769621309769,0,0
389,2,1,0.606118393840051,0.5956690820821283,1,1
390,4,1,0.5485312931087003,0.5409040460450762,1,1
391,4,0,0.2117488392122193,0.21628553080461937,0,0
392,2,0,0.22970084640518953,0.23702688290792776,0,0
393,3,1,0.6946637227122935,0.6850720523453345,1,1
394,1,1,0.3796907199271336,0.3760982397584301,0,0
395,2,0,0.031049360470617907,0.035157016329883786,0,0
396,5,1,0.11232022951052802,0.11815865751013666,0,0
397,5,0,0.648362186339746,0.6400665931131587,1,1
398,1,0,0.16839347857054496,0.17091168359034487,0,0
399,1,1,0.6088182146059673,0.5973351222608501,1,1
400,2,0,0.05697082760056547,0.06270739345609744,0,0
401,3,0,0.7219236986379122,0.7094181435830893,1,1
402,5,0,0.024427113779289085,0.027831360993542352,0,0
403,4,0,0.13482926384448118,0.14233224425914068,0,0
404,4,1,0.7098219048532097,0.6995843724949297,1,1
405,1,0,0.08005811161996326,0.08619415590612715,0,0
406,2,0,0.5039654255460698,0.4975832438431701,1,1
407,2,1,0.5820522120709478,0.5740007629645973,1,1
408,4,0,0.21434014579793956,0.21626395362903317,0,0
409,2,1,0.19894160643671915,0.2044979999756356,0,0
410,4,0,0.0032063904075239906,0.0040725905167554085,0,0
411,1,1,0.5379766859607557,0.5277910366499997,1,1
412,4,1,0.5221294278208494,0.5134316337328568,1,1
413,3,0,0.16183656042983552,0.16754679828195498,0,0
414,5,0,0.03688407997873095,0.04107714364854363,0,0
415,3,0,0.10065008548490229,0.10608790348286394,0,0
416,3,0,0.009262892362414324,0.010872064536645656,0,0
417,2,1,0.6576033805284309,0.6470345836232563,1,1
418,4,1,0.6883702133803138,0.678273172128401,1,1
419,5,1,0.6496727066241635,0.6423441187511726,1,1
420,5,0,0.1820346119720761,0.18554423376567475,0,0
421,1,0,0.1608391705644885,0.16766239395505836,0,0
422,1,1,0.7758510069418325,0.7620733662897667,1,1
423,5,0,0.3424713220730314,0.33971481955899063,0,0
424,1,1,0.356526098278193,0.3569179649590083,0,0
425,2,0,0.04744257790090346,0.05267426654776638,0,0
426,1,0,0.6535214724388028,0.643041992693549,1,1
427,2,0,0.13326414622483052,0.13855041738998006,0,0
428,4,0,0.1772402476035614,0.18084999100306157,0,0
429,5,0,0.2296424571400846,0.2317360013567201,0,0
430,5,0,0.1156745340296248,0.12245915106245289,0,0
431,5,0,0.04723255576643747,0.05177264013094194,0,0
432,3,0,0.0966735380208755,0.10164102344859256,0,0
433,5,0,0.009974339120155542,0.011907426131060012,0,0
434,2,0,0.09112928770026042,0.09722865960533417,0,0
435,4,0,0.026718908467999857,0.03012125504770467,0,0
436,2,0,0.002197152456522802,0.002850693096697838,0,0
437,2,0,0.7248706684847398,0.7119059509043478,1,1
438,3,0,0.1490646785520737,0.1540965314037098,0,0
439,5,1,0.8033509370203565,0.7927174943784159,1,1
440,2,0,0.6987581064203656,0.6867631739815886,1,1
441,1,0,0.04517475017521744,0.05070987936560689,0,0
442,2,0,0.04017419913326157,0.04465761621804236,0,0
443,1,0,0.47174525620860946,0.4648947863323448,1,1
444,2,0,0.19948971358414064,0.2038161263814521,0,0
445,1,1,0.6532535702677401,0.6426441898474685,1,1
446,2,1,0.315341383171931,0.31951090979109875,0,0
447,5,0,0.23368949523380422,0.236469530129603,0,0
448,4,1,0.2560303648429767,0.25863904108562563,0,0
449,1,0,0.1801576479979502,0.1845898245804182,0,0
450,2,0,0.15583498567186685,0.1613709123511293,0,0
451,2,0,0.11389187581367845,0.1195979205086141,0,0
452,1,0,0.04813632166693811,0.05353616199100886,0,0
453,1,0,0.04423191536612189,0.048957459538177116,0,0
454,1,0,0.0025901780807410187,0.003567222974649667,0,0
455,2,0,0.031625322773720675,0.036102266118614564,0,0
456,1,1,0.38458149822411364,0.38071173229742233,0,0
457,4,0,0.21777313815849053,0.2199062854013968,0,0
458,1,0,0.036217558840436766,0.041127521468357284,0,0
459,1,0,0.4833026544912649,0.47943354320612713,1,1
460,1,0,0.2809419851332573,0.28215965079404143,0,0
461,4,0,0.2834097097443344,0.2821738658429401,0,0
462,5,0,0.25111760073302,0.25373600964911924,0,0
463,3,0,0.10926975378048022,0.1135327917971122,0,0
464,1,0,0.2817854932067204,0.2878842833797013,0,0
465,2,0,0.007298832260920323,0.008949953142148918,0,0
466,5,0,0.27580494754814183,0.2802922857153452,0,0
467,4,0,0.20429650559640977,0.20910377688862303,0,0
468,2,0,0.004315803695344293,0.005394673616877469,0,0
469,4,0,0.02476291044229502,0.028114804297754176,0,0
470,2,0,0.15552114539552173,0.1625452686886462,0,0
471,4,1,0.16288537992372518,0.16711534930313507,0,0
472,4,0,0.6104757057183289,0.6005684233788299,1,1
473,5,0,0.17574097708856934,0.18118734947169196,0,0
474,3,0,0.49316279155971493,0.4856236934972058,1,1
475,4,0,0.2511952794849513,0.2523814887231293,0,0
476,5,1,0.10100576167573869,0.1056429211956591,0,0
477,3,1,0.4554673939974029,0.45361161884226486,1,1
478,2,1,0.7818680218239891,0.7691950078918153,1,1
479,3,0,0.23540885320601745,0.23885520074826544,0,0
480,5,1,0.8260160524428966,0.8148768028191133,1,1
481,3,0,0.019579475579600047,0.022619082367338755,0,0
482,2,0,0.07062908837279809,0.07634847462692156,0,0
483,2,0,0.02144122836465656,0.024777002761263437,0,0
484,1,0,0.015300130036557546,0.018328589240574355,0,0
485,5,0,0.24585662447863624,0.2492672898189336,0,0
486,2,0,0.37802615946612067,0.3766135275013605,0,0
487,2,1,0.22884105812095112,0.23550639012861954,0,0
488,2,0,0.0631235969518336,0.06959795433985796,0,0
489,4,0,0.3496301861992158,0.34903186065175806,0,0
490,1,0,0.22043619661384733,0.22237471125880548,0,0
491,3,0,0.0030062720742136287,0.003939809930313975,0,0
492,4,0,0.4165625970825638,0.41561258255291894,1,1
493,5,0,0.09689733772662956,0.10245674348191766,0,0
494,1,0,0.09470809873423686,0.10112591683625487,0,0
495,1,0,0.12576886599948972,0.13304104575397915,0,0
496,2,0,0.24547563985775064,0.24988744527323892,0,0
497,1,0,0.013228821593263837,0.01591357074287472,0,0
498,5,0,0.02057855061646941,0.023713296127118682,0,0
499,4,0,0.022369479195862088,0.025402179168166904,0,0
500,1,1,0.4476065227407737,0.4381130472194599,1,1
501,4,1,0.12335605390924315,0.127338851940543,0,0
502,5,0,0.002474896266767136,0.0032092989413205577,0,0
503,2,0,0.2363245475824718,0.24055249237677803,0,0
504,2,0,0.03137560977747268,0.03589770918595027,0,0
505,2,0,0.3181186592463461,0.3193447240385353,0,0
506,4,0,0.4712607101414351,0.4674460927503574,1,1
507,1,0,0.2316917085756955,0.23503493108687062,0,0
508,3,0,0.12885765602411642,0.1340034869446154,0,0
509,5,0,0.6432082092967715,0.6314861259020026,1,1
510,5,0,0.5034554746008221,0.49433389146368373,1,1
511,4,0,0.2269367030566217,0.23100295955505343,0,0
512,2,1,0.16186489366279397,0.1662562505073347,0,0
513,4,0,0.5438061063927365,0.5367969000496604,1,1
514,3,0,0.4250778897478484,0.4219990299908747,1,1
515,1,0,0.18272956097809853,0.1860441015304977,0,0
516,2,0,0.08726087667408632,0.09321883951335497,0,0
517,5,1,0.2891773718098122,0.2894922308318166,0,0
518,4,0,0.010538209520314954,0.012186544182045907,0,0
519,1,0,0.0694077994342456,0.07536908247883431,0,0
520,3,0,0.09125991073332043,0.09798232491332756,0,0
521,1,1,0.3538840793215929,0.34797352790317904,0,0
522,4,0,0.11870797087694732,0.12479552222163737,0,0
523,5,1,0.16848667714854904,0.1727401343858086,0,0
524,4,1,0.7195074965613301,0.7076705241997404,1,1
525,1,1,0.13595001083738228,0.14335291172255743,0,0
526,1,1,0.7654320077965808,0.7522521857907308,1,1
527,2,0,0.16853036991969594,0.1734457317549457,0,0
528,2,0,0.18872543984867837,0.19410026446101153,0,0
529,1,1,0.43468077195425703,0.4301538819111981,1,1
530,2,1,0.7519016237139979,0.7391446314198209,1,1
531,5,0,0.367703181688226,0.36754394677958413,0,0
532,5,1,0.6351500634909292,0.6238313389912069,1,1
533,2,1,0.6098611392804713,0.6014527588340414,1,1
534,2,0,0.010430840303227587,0.012479093381519762,0,0
535,4,0,0.15895037123549294,0.16232739176991268,0,0
536,5,1,0.2097083888648438,0.21354261706860383,0,0
537,5,0,0.5814275794883362,0.576424691378316,1,1
538,2,0,0.014687540304968775,0.01727015486266892,0,0
539,5,0,0.0461025381466667,0.05145318651738491,0,0
540,4,1,0.08965173633626318,0.09455789157148622,0,0
541,2,0,0.04442395694978547,0.049086198190991505,0,0
542,2,0,0.1959460451248764,0.20027456528412518,0,0
543,2,0,0.004055435476544836,0.005092808430873936,0,0
544,2,0,0.12297025032740938,0.129082917619203,0,0
545,2,1,0.35515044694246756,0.35510668440708437,0,0
546,1,0,0.012185397178049255,0.014945631499161421,0,0
547,1,0,0.009288218231396216,0.011690468268195375,0,0
548,4,0,0.007623559290664114,0.009070707514655175,0,0
549,3,1,0.676163533614932,0.6663541327590167,1,1
550,2,0,0.019330123159172645,0.022539859537996764,0,0
551,2,0,0.6734015829089378,0.6626117132267405,1,1
552,3,0,0.02144324757012622,0.024339337847281445,0,0
553,4,0,0.32114344793255345,0.32305041564326203,0,0
554,4,0,0.5582062590324579,0.5517298512090996,1,1
555,3,0,0.4850824562587191,0.48104687315702543,1,1
556,4,0,0.024747648183296306,0.028582261517161728,0,0
557,2,1,0.4172603139038897,0.4167615270637216,1,1
558,3,0,0.025395626636670977,0.029559471258377455,0,0
559,1,0,0.22655314055636558,0.22936919515213408,0,0
560,1,0,0.07551798734479458,0.08202408585239214,0,0
561,5,0,0.01097398956694121,0.013088089349354534,0,0
562,3,1,0.694989545601715,0.6839411424839339,1,1
563,4,0,0.08214161403910099,0.08748706948651372,0,0
564,2,0,0.23139585598158954,0.23574855484396878,0,0
565,2,1,0.40081812706518066,0.3993761955569275,1,0
566,1,0,0.15013317911345278,0.15584098895025195,0,0
567,4,0,0.007983667201001979,0.009406222307373823,0,0
568,1,0,0.01752916462176396,0.020993178486153792,0,0
569,1,0,0.4701506043577491,0.46536369796172466,1,1
570,3,0,0.00608276073114148,0.007464558653292953,0,0
571,4,0,0.363920254287267,0.36180429731133873,0,0
572,1,0,0.20476779721720376,0.20943527504371873,0,0
573,1,1,0.18012983104546013,0.1840366142618423,0,0
574,1,0,0.383063073534783,0.38341656625197934,0,0
575,1,0,0.3527670363875986,0.35601630453485444,0,0
576,2,0,0.3080965520212883,0.3088513589985973,0,0
577,1,0,0.38457289604226713,0.382312856374868,0,0
578,5,0,0.1855919062382978,0.18982072666030944,0,0
579,1,0,0.0019874901466188514,0.0027858947139861303,0,0
580,5,1,0.7586618640405817,0.7479888044813906,1,1
581,5,1,0.6713457202834042,0.6610596481144888,1,1
582,4,0,0.21964924721104648,0.22231768059110632,0,0
583,4,0,0.6542926099791938,0.645761284468947,1,1
584,1,1,0.286545439087405,0.29125296934431805,0,0
585,1,0,0.019129399205000997,0.02257237360982212,0,0
586,3,1,0.314932110419422,0.3192031545025628,0,0
587,5,0,0.1553057695452968,0.15989754451265462,0,0
588,2,0,0.48774225584726794,0.47902828475816583,1,1
589,5,0,0.24102205419894104,0.24570732753908325,0,0
590,1,0,0.021033585772286964,0.024412691650875035,0,0
591,4,0,0.34908345782137423,0.3485378785310248,0,0
592,4,0,0.020880860760506145,0.023561862252565412,0,0
593,5,0,0.020038064731465306,0.023275410515467766,0,0
594,4,0,0.6308777381906191,0.6212098604035464,1,1
595,3,1,0.6353490310353184,0.6248280192288247,1,1
596,4,0,0.007056481596998667,0.008416640991309125,0,0
597,4,0,0.385556127422408,0.38466376546537945,0,0
598,3,0,0.09189464121695165,0.09620725208161379,0,0
599,5,0,0.05020319414995929,0.05469866821630378,0,0
600,1,0,0.5309655487972756,0.5267805822649019,1,1
601,5,0,0.006176365780561744,0.007579924256996652,0,0
602,4,0,0.10156228704168678,0.1063599872584573,0,0
603,1,0,0.13075796492536568,0.1375243671777014,0,0
604,2,0,0.011951181946227268,0.014239844603644991,0,0
605,5,0,0.205017180113244,0.2106178146014505,0,0
606,3,0,0.06118699545128266,0.0659868474285913,0,0
607,3,0,0.5423591503137319,0.5352571865435543,1,1
608,3,1,0.7148228652603567,0.7027754773430622,1,1
609,2,0,0.0032607155853368926,0.004176341187111115,0,0
610,3,1,0.5251321559207974,0.5154839939953741,1,1
611,5,0,0.025166155705156807,0.028411081018001542,0,0
612,1,1,0.5777539386177248,0.5688984464960712,1,1
613,2,0,0.005725542738246958,0.007128471223488854,0,0
614,3,0,0.0015778015256944352,0.0021539967257861933,0,0
615,5,0,0.5012618919150221,0.49722130114343843,1,1
616,2,0,0.4766204449517165,0.4701178088608927,1,1
617,2,0,0.0611191010377568,0.06672329096946716,0,0
618,4,0,0.3142562231060755,0.31472711037161544,0,0
619,1,0,0.10052814237520658,0.10728292956207378,0,0
620,4,1,0.7430531817587233,0.7316608293475341,1,1
621,2,1,0.3508060108373054,0.3508324288690923,0,0
622,2,0,0.06385596297773434,0.06939234842049616,0,0
623,1,0,0.4060911718940925,0.3976527666590658,1,0
624,3,1,0.7159010074356125,0.7053766270839963,1,1
625,4,0,0.10126373465208531,0.10518632310607146,0,0
626,3,1,0.4561939764451558,0.4527240974247329,1,1
627,4,0,0.011387270639872901,0.013163809532274575,0,0
628,4,0,0.11092011405631166,0.11546634752527044,0,0
629,2,1,0.4327184569879986,0.4323473439678353,1,1
630,2,0,0.014723925015119441,0.017394932873849914,0,0
631,2,0,0.006215283140395624,0.0077394212048979266,0,0
632,3,0,0.01354198765450067,0.01586012897205743,0,0
633,1,0,0.5626914330596928,0.5512004882888606,1,1
634,2,0,0.19856213464224448,0.2045692131845692,0,0
635,5,0,0.1363355850680786,0.1404244921081763,0,0
636,1,0,0.22866880434949455,0.2307076132607246,0,0
637,5,0,0.05574127619387246,0.06095122995713096,0,0
638,1,1,0.7488427194986361,0.7361778839112494,1,1
639,2,0,0.014758401888909731,0.01746314229598292,0,0
640,3,0,0.028684772628793338,0.032332510282816404,0,0
641,5,1,0.7091263709800717,0.6993914763617939,1,1
642,3,0,0.024302926809152414,0.027814329935972205,0,0
643,5,0,0.15271436455886664,0.1590214273568849,0,0
644,4,0,0.05739897054561523,0.06105053726683013,0,0
645,3,1,0.5448053300367689,0.5348718751574154,1,1
646,3,1,0.7096465236901787,0.6983870653077047,1,1
647,4,1,0.19120213381872905,0.19541440409389157,0,0
648,4,1,0.06218392005622157,0.06639805692103569,0,0
649,2,0,0.018200780197109773,0.02119501500841665,0,0
650,4,0,0.05671992523182025,0.062385736759248786,0,0
651,5,0,0.17899842727416346,0.18181471995796744,0,0
652,5,0,0.5659779840967553,0.5596916269156389,1,1
653,1,1,0.6252556539078383,0.6150099652002916,1,1
654,1,0,0.12988091259436627,0.1342262418958641,0,0
655,5,1,0.6301940345117889,0.622626650514593,1,1
656,2,0,0.025202835156124672,0.028946735769696957,0,0
657,2,0,0.3777826705314308,0.37448457773979077,0,0
658,1,0,0.026165277317550407,0.030037042685138217,0,0
659,3,0,0.30481688828635795,0.30397311632479407,0,0
660,3,1,0.43439329793807074,0.4291554640679555,1,1
661,4,1,0.7246357880422889,0.714859813925762,1,1
662,3,0,0.11727715519792987,0.1230433757886007,0,0
663,3,1,0.0804658208667838,0.08651420510990444,0,0
664,5,0,0.24570412162492708,0.25184782337127665,0,0
665,3,1,0.1768417054704081,0.18039811476957107,0,0
666,4,0,0.011274097973370647,0.013258543529600125,0,0
667,1,0,0.4644934151872075,0.45733887397368067,1,1
668,5,1,0.7637057552732089,0.7528901140661621,1,1
669,2,0,0.24093487871202893,0.2428695083570017,0,0
670,2,0,0.015123294507961765,0.01800747609423192,0,0
671,4,1,0.3449487134730525,0.34410792557738135,0,0
672,5,0,0.12502833972260066,0.13113564237063252,0,0
673,4,0,0.011123787931230974,0.013116924461463392,0,0
674,3,1,0.33892304463425593,0.33882155997273816,0,0
675,2,0,0.06802229881984592,0.07374368372015101,0,0
676,4,1,0.06023875891885152,0.0652609994915152,0,0
677,3,1,0.7799520509329894,0.767683154143205,1,1
678,5,0,0.04703383190734199,0.05150021486990238,0,0
679,3,0,0.015210170477327527,0.017629517037615207,0,0
680,5,0,0.0988235546172316,0.10425231101435391,0,0
681,3,0,0.017344167350405584,0.019605976110100114,0,0
682,1,0,0.010593763583830686,0.012845165739135389,0,0
683,1,0,0.020683436339465566,0.02429289586238737,0,0
684,4,0,0.2554336401813109,0.25572712320804925,0,0
685,1,1,0.2703810225302597,0.2699262269728539,0,0
686,5,0,0.011698299792674663,0.013793647467882166,0,0
687,2,1,0.4086476813518919,0.4050530427475977,1,1
688,1,0,0.07436327309878779,0.07993254292162504,0,0
689,1,0,0.008557073419865967,0.010674805369725125,0,0
690,2,0,0.03807741440072258,0.043169451235386146,0,0
691,5,1,0.5645365833042649,0.5569804513654506,1,1
692,3,1,0.7522447388503491,0.739351986008592,1,1
693,2,1,0.6548976592107355,0.6424558120459927,1,1
694,4,1,0.480443348236699,0.4752645624203442,1,1
695,5,0,0.02284753133453071,0.026165531449643387,0,0
696,3,0,0.21561420147963156,0.22006097032116684,0,0
697,2,0,0.03622917574450058,0.04043656538209613,0,0
698,3,0,0.12503356521912345,0.12934650336609282,0,0
699,1,0,0.0014158288256220944,0.002031062881175793,0,0
700,3,1,0.14131033179041788,0.14959149447994388,0,0
701,1,0,0.1079427882281377,0.11461815754587149,0,0
702,2,0,0.5951764787094899,0.5849895709227075,1,1
703,4,0,0.04332602201135629,0.04794221778427385,0,0
704,2,0,0.19625867575902586,0.20097835252370974,0,0
705,1,1,0.47214614025118606,0.47243176463380265,1,1
706,1,0,0.03987113575478501,0.044828825031016026,0,0
707,4,1,0.6511661619441605,0.6402609313518488,1,1
708,4,0,0.172331732563635,0.17484901124053456,0,0
709,4,0,0.035370482227250664,0.038972645521822155,0,0
710,1,0,0.2273707761907251,0.2299445641400768,0,0
711,2,0,0.7083213045718215,0.6966366709682817,1,1
712,5,0,0.3362537995256653,0.33624530337745206,0,0
713,5,0,0.2544378031836892,0.2576096152429027,0,0
714,4,1,0.29330627946698856,0.29214645142308804,0,0
715,2,0,0.4675941695630482,0.4636970307212368,1,1
716,5,1,0.5660021492264958,0.5569465523134982,1,1
717,1,0,0.11880741793254705,0.12493547326053608,0,0
718,2,0,0.051262769087769444,0.05649542698111977,0,0
719,5,0,0.14769999831852887,0.1538549817572466,0,0
720,4,1,0.4703759494215396,0.46681238961368676,1,1
721,5,0,0.2558172021171677,0.25696147099173156,0,0
722,3,0,0.19352713151411727,0.19775286056885344,0,0
723,3,1,0.6351627884535562,0.6242415280571791,1,1
724,1,1,0.4965036496109817,0.4908526097807185,1,1
725,4,0,0.13654215138689177,0.14029806802508243,0,0
726,5,0,0.009294294238074695,0.011230053128731383,0,0
727,4,0,0.5208193359382216,0.5161661322085321,1,1
728,5,0,0.14684614046733668,0.1521880147586812,0,0
729,4,0,0.1433908293628452,0.14717910533176562,0,0
730,3,0,0.11255203776695724,0.11718619924668723,0,0
731,3,1,0.6379699230301007,0.6270526524728031,1,1
732,4,0,0.5778009402499938,0.5718616874902971,1,1
733,1,0,0.11942919915913319,0.12467291424650298,0,0
734,2,0,0.06814016455861768,0.07367766914041851,0,0
735,1,1,0.7882149142434393,0.7736041973140069,1,1
736,1,0,0.3655217608091547,0.3663522396158988,0,0
737,4,0,0.01569276140422,0.018188603932675296,0,0
738,4,0,0.28824675382602727,0.28996014439066364,0,0
739,3,0,0.0066998043897244595,0.008512996794062942,0,0
740,3,0,0.11289860612282199,0.11902885440593898,0,0
741,4,0,0.06942791588251564,0.07439649544743189,0,0
742,4,1,0.7573189404180252,0.7463455580047058,1,1
743,4,1,0.5696992852125656,0.5616461686825946,1,1
744,3,0,0.07516364706848826,0.07905788649277042,0,0
745,3,0,0.24862252437849874,0.2531915479854421,0,0
746,2,0,0.4182484363007009,0.41206811061265025,1,1
747,1,0,0.0013386014701174693,0.0019432082592554397,0,0
748,1,1,0.8093598433493404,0.7960996064133914,1,1
749,1,1,0.6505288038660522,0.6391124618111517,1,1
750,2,0,0.14441151820621492,0.14893915614798653,0,0
751,2,0,0.033052077563887505,0.03721239521956615,0,0
752,1,0,0.3436701476066471,0.3411457071138168,0,0
753,3,0,0.5070029966038798,0.5001596049782295,1,1
754,5,0,0.01033052717763291,0.012320313288186852,0,0
755,2,0,0.2534573225489083,0.2547121643465663,0,0
756,2,0,0.17102327708813322,0.17640243715988646,0,0
757,5,0,0.47437249026551365,0.472193965528272,1,1
758,1,1,0.6246254176087955,0.6155175177554846,1,1
759,1,0,0.007523435823283411,0.009570118884306523,0,0
760,5,0,0.5590267103396741,0.5519739966050641,1,1
761,4,0,0.703184572237653,0.6924306250804726,1,1
762,5,1,0.33343322879130294,0.3324669397811869,0,0
763,2,0,0.0030770642335398533,0.003957452951085816,0,0
764,2,0,0.29855735421422974,0.30198273536919634,0,0
765,1,0,0.1318264064063549,0.13954204606958429,0,0
766,5,0,0.4690740138408559,0.46525744913360123,1,1
767,4,0,0.3712467423066228,0.36897583068378975,0,0
768,4,0,0.08038693576110238,0.08611029696134684,0,0
769,1,0,0.017808895038740065,0.02109178083920122,0,0
770,2,1,0.42779050737320956,0.4250491983597371,1,1
771,2,1,0.4990565484902099,0.4963732196217432,1,1
772,3,1,0.20996580023755343,0.21385011449571678,0,0
773,1,0,0.1303309629235676,0.135745262891334,0,0
774,3,0,0.006107207503928046,0.007444079915301806,0,0
775,4,1,0.8144369122392299,0.803594820527381,1,1
776,3,1,0.7382634378088421,0.7270771623716319,1,1
777,1,0,0.26043148882417333,0.26064614596404634,0,0
778,4,0,0.013469813346096161,0.015799383128935217,0,0
779,5,1,0.21288333846603705,0.21842331489692723,0,0
780,3,0,0.023517627841804598,0.026629182241269388,0,0
781,2,1,0.06769693024147916,0.07339301666984364,0,0
782,1,1,0.7025780716208636,0.6892225982724377,1,1
783,5,1,0.27463111607228846,0.27527488100649455,0,0
784,1,0,0.04594388635290494,0.051094068729316475,0,0
785,2,0,0.008403981025274313,0.010158059484765971,0,0
786,3,0,0.06937712783454167,0.07542944978357427,0,0
787,5,1,0.8026618010971722,0.7924037212377197,1,1
788,3,1,0.43504853129309595,0.4299603659014221,1,1
789,2,0,0.2886011984610266,0.2888641474131034,0,0
790,5,0,0.19034747216107373,0.19248892176463644,0,0
791,2,0,0.056127281197731874,0.061114220927043605,0,0
792,3,0,0.017698737544143858,0.020738429310334615,0,0
793,3,0,0.03196364715745161,0.035703127419834155,0,0
794,1,0,0.004628497521083578,0.006141081625270288,0,0
795,3,0,0.02907142864965909,0.03259911951524298,0,0
796,1,0,0.04304169733406652,0.04858248244805973,0,0
797,1,0,0.03197491795023356,0.036679159527414004,0,0
798,3,1,0.24878945630398971,0.2530511487517257,0,0
799,4,1,0.8378602084464166,0.8267951227069685,1,1
800,3,0,0.0014697316767780114,0.002035246918430701,0,0
801,2,0,0.47494328888503207,0.47123281936577477,1,1
802,2,1,0.7283995982241502,0.7164666906191035,1,1
803,2,0,0.5434732087449948,0.5354978717380121,1,1
804,1,0,0.008562988078178834,0.010814198374202768,0,0
805,5,0,0.08044758219629096,0.08579751077974666,0,0
806,3,0,0.2947313558465158,0.29618145814180785,0,0
807,1,1,0.6521140759862639,0.6422024711778962,1,1
808,3,1,0.6501459280176614,0.6403441760733843,1,1
809,2,1,0.4216893298219973,0.41787956387072767,1,1
810,5,0,0.3154339845176168,0.3165832276370284,0,0
811,1,0,0.0060787905835079205,0.007846972993536636,0,0
812,3,0,0.5942615182370488,0.5850931160132868,1,1
813,5,0,0.41912625993095726,0.4155925579559449,1,1
814,1,1,0.27158429699373604,0.2723038020777803,0,0
815,1,1,0.18613910226186653,0.18925939399584413,0,0
816,2,0,0.011204956076979494,0.013443273015205943,0,0
817,4,0,0.1215955071971494,0.126067150244292,0,0
818,1,0,0.0668445300113755,0.07276563548355455,0,0
819,1,0,0.04825451681381625,0.05363119001553825,0,0
820,3,0,0.7230835432060461,0.7111132152503303,1,1
821,2,0,0.4194575290892759,0.41667827941262264,1,1
822,4,0,0.30718538800141376,0.30822511456752405,0,0
823,2,1,0.8003798682263757,0.7882499758690243,1,1
824,4,1,0.5467845615391769,0.5399549907306821,1,1
825,4,1,0.48021498600397944,0.4785134711540861,1,1
826,1,0,0.22159818527137418,0.22594117691640875,0,0
827,3,1,0.7593489632479985,0.7459647311587181,1,1
828,5,0,0.0048079112492724375,0.005914808681022935,0,0
829,3,0,0.010510133012875508,0.01240896511937958,0,0
830,3,0,0.05416011544264791,0.05752599810314257,0,0
831,5,0,0.5124514750323773,0.5061410833031761,1,1
832,2,0,0.17410155203400818,0.17903197145686828,0,0
833,2,1,0.2551324930886921,0.25734159013511143,0,0
834,1,1,0.5750229275291513,0.5694297428627475,1,1
835,3,0,0.4981037177441351,0.49232531459135825,1,1
836,1,1,0.300581365014426,0.29923061656557043,0,0
837,3,0,0.11543292978834134,0.1213728354935587,0,0
838,3,0,0.4088720881617266,0.4016907421983823,1,1
839,2,0,0.035707519452137834,0.04007573397967941,0,0
840,5,0,0.3499912256225209,0.3517026703946179,0,0
841,1,0,0.03507193741960339,0.0400201574701963,0,0
842,2,1,0.19947687631519126,0.2038259712466397,0,0
843,2,1,0.515939723748187,0.5117573038041534,1,1
844,1,0,0.41282757257890895,0.4049443788011368,1,1
845,5,1,0.5377733484889685,0.5295028483249347,1,1
846,3,1,0.47594399910564594,0.46858306948232337,1,1
847,3,0,0.01691994247160737,0.0201906700262847,0,0
848,2,1,0.7184745205858708,0.7062164885583844,1,1
849,5,1,0.5109077509181216,0.5067162990808044,1,1
850,4,1,0.5736142122485598,0.5675426441899063,1,1
851,4,0,0.040063127514810316,0.044742718689801814,0,0
852,2,0,0.09199603670646388,0.09788869108817,0,0
853,1,0,0.11675345166882577,0.1235509182744818,0,0
854,5,1,0.5008326173072581,0.4937485234643413,1,1
855,5,0,0.0066563895779923705,0.008135288923256656,0,0
856,5,0,0.41613918142087336,0.413515276243235,1,1
857,4,1,0.3566941197435311,0.3532157611286184,0,0
858,3,0,0.06839951429113471,0.07431252581344598,0,0
859,5,1,0.5583886408778261,0.5481627731033648,1,1
860,4,1,0.3743186417028137,0.37329419081266796,0,0
861,1,1,0.7009210800599335,0.687238603275559,1,1
862,4,0,0.21401962113686376,0.21608085234198984,0,0
863,4,0,0.16959793978098037,0.17360205589967542,0,0
864,1,0,0.011394492800653704,0.014158732806428969,0,0
865,5,0,0.670116473359888,0.6602785718101642,1,1
866,4,0,0.022325016717908517,0.02583071418050843,0,0
867,3,0,0.5408765164194439,0.5311826110226012,1,1
868,5,0,0.008308849536679078,0.009965906225063523,0,0
869,3,1,0.6305443125724324,0.6222021621722557,1,1
870,2,1,0.6526716122260183,0.6402916787551558,1,1
871,2,0,0.2458908515733478,0.25042703440111935,0,0
872,4,1,0.6691414619841369,0.6594567959532622,1,1
873,3,0,0.0037923158390651187,0.004659346855413837,0,0
874,4,0,0.042539497655977844,0.04604520931020891,0,0
875,5,0,0.07021186985683016,0.07564667943869592,0,0
876,5,0,0.7619359694110239,0.7516310508770949,1,1
877,1,0,0.052462275392998525,0.05756365275209807,0,0
878,2,0,0.3357871514601464,0.3381964578862449,0,0
879,1,0,0.18265070238618347,0.1883088696786874,0,0
880,5,1,0.32380828824583896,0.324982402151993,0,0
881,4,0,0.027714738920773394,0.031429792321759006,0,0
882,3,0,0.09382365739672367,0.09830004040656518,0,0
883,4,0,0.004627940587544087,0.005742832234241306,0,0
884,4,0,0.10683868717843041,0.1116840162149864,0,0
885,3,1,0.49241126966559073,0.48681257204998374,1,1
886,1,0,0.012719366812187435,0.015287247067149096,0,0
887,5,1,0.3550743502057292,0.35459787685768007,0,0
888,2,0,0.5429050671089455,0.5316110240030533,1,1
889,1,0,0.04541282433833834,0.05112075755737973,0,0
890,3,0,0.04351440621479952,0.04895345101700264,0,0
891,4,0,0.11832760140764532,0.12419736169768139,0,0
892,3,0,0.3084579690249208,0.30636815931207173,0,0
893,3,0,0.008110276683049178,0.009744910303844093,0,0
894,2,0,0.06374049265856048,0.06947648810748451,0,0
895,1,1,0.3508970056933242,0.3485149616053378,0,0
896,4,0,0.05955915051912021,0.06512563044597335,0,0
897,1,1,0.5878147884820378,0.5780959699631212,1,1
898,3,1,0.4333862788194868,0.43204604377364086,1,1
899,5,0,0.054213730397821194,0.05939903171267302,0,0
900,1,0,0.10103426731150175,0.10796052272652767,0,0
901,1,1,0.36635643309336696,0.3650240501797414,0,0
902,5,1,0.6641461452551141,0.6535331832578773,1,1
903,3,0,0.161257518479442,0.16577451436109752,0,0
904,1,0,0.24628042692407012,0.2497514191441354,0,0
905,1,0,0.06615511737547863,0.0714276417378079,0,0
906,4,0,0.0036906790708296647,0.004544317311684791,0,0
907,1,0,0.06501314321479391,0.07093808063788351,0,0
908,3,0,0.07295967483796158,0.07808882442925576,0,0
909,4,0,0.18139032616158252,0.18496194471592758,0,0
910,1,0,0.5914203789644689,0.5827296491387334,1,1
911,4,0,0.23120068411923028,0.23352369567288847,0,0
912,4,1,0.6778352860752831,0.6663956013940446,1,1
913,5,0,0.28061684670082576,0.2808641517659758,0,0
914,4,1,0.8154967229842219,0.8044887605604558,1,1
915,1,1,0.4975583255451693,0.4924476243471288,1,1
916,5,0,0.2701056756492238,0.2732689793770843,0,0
917,1,0,0.34016878317131816,0.34198296848743526,0,0
918,1,0,0.04290028742467237,0.048280860227478704,0,0
919,1,0,0.012105371265946423,0.014707817907464341,0,0
920,3,0,0.14852417649836858,0.15447994943313625,0,0
921,1,1,0.7627905585047666,0.7496952700543231,1,1
922,3,0,0.6232968666827963,0.6126519719571659,1,1
923,5,1,0.49543036526219686,0.48964452489054205,1,1
924,1,0,0.02395334848111573,0.027967836559959613,0,0
925,1,1,0.6160505456282114,0.6053608973569217,1,1
926,1,0,0.013765845348152832,0.016695617904915055,0,0
927,3,0,0.48223679280362225,0.4767846257352188,1,1
928,2,0,0.15451056857122464,0.1612543607754029,0,0
929,1,0,0.029599545989609975,0.03431538870202811,0,0
930,2,0,0.049338993490957876,0.054177418200432204,0,0
931,4,1,0.18747544140945357,0.19146682471650459,0,0
932,3,0,0.6259784094987052,0.6136168236318209,1,1
933,1,1,0.31433796782972734,0.31403301467722505,0,0
934,5,0,0.48793116685782884,0.4844650782278328,1,1
935,2,1,0.6512821093700016,0.6423640477905695,1,1
936,4,0,0.043383341804028204,0.04757998739691834,0,0
937,5,0,0.4573197380383976,0.45528392257155514,1,1
938,4,0,0.029435059851152245,0.03328965274662859,0,0
939,3,1,0.29562182667547704,0.29751376397593965,0,0
940,3,0,0.11846568744591537,0.12519675961549784,0,0
941,3,0,0.20518517347583856,0.20896839762951255,0,0
942,3,0,0.3113692639952594,0.3115528636172414,0,0
943,4,1,0.6256642777089203,0.6161873052635097,1,1
944,4,0,0.02864831518404563,0.03228581834714181,0,0
945,4,0,0.32497382150896886,0.32518415425834235,0,0
946,3,0,0.310171617230158,0.31042498267836144,0,0
947,2,0,0.0235521748366058,0.027124997409575035,0,0
948,1,1,0.7251481111568528,0.7136153061585058,1,1
949,1,0,0.027692281259178272,0.03198756119643172,0,0
950,1,0,0.3112848393688731,0.31289982613385214,0,0
951,3,0,0.4320133304080908,0.4275785134688034,1,1
952,2,0,0.13986353472825513,0.14524471468108552,0,0
953,5,0,0.01292977458068985,0.015158875187744045,0,0
954,5,0,0.46751719904493627,0.4622841894992506,1,1
955,4,0,0.25528302302963995,0.2583099824791171,0,0
956,4,1,0.15088728507305874,0.15651110157100223,0,0
957,2,0,0.006184974135813318,0.007621575119463819,0,0
958,2,0,0.2791619238225589,0.2803327573948122,0,0
959,5,1,0.773874593201455,0.7630685246627864,1,1
960,1,0,0.7046163415337471,0.6915493438270868,1,1
961,5,0,0.34595209967780344,0.349389285851412,0,0
962,4,1,0.7457545890699366,0.7354811113116284,1,1
963,4,0,0.147194904723679,0.15185448940842228,0,0
964,4,1,0.49993576909280957,0.49413000680251884,1,1
965,4,1,0.3918048754327912,0.38995822105813754,0,0
966,3,0,0.001597368285917707,0.0022217096969277574,0,0
967,1,1,0.5852925147202425,0.5737367923134377,1,1
968,2,0,0.004612178438333054,0.005754164106880793,0,0
969,2,1,0.5431765128661488,0.5335859166754968,1,1
970,5,0,0.4644216952212013,0.4597033698274592,1,1
971,2,0,0.006951165167791365,0.008435848739506892,0,0
972,2,1,0.7473144074895622,0.7351747017222575,1,1
973,2,1,0.3714271787279091,0.37084045598352333,0,0
974,4,1,0.5054207479189192,0.49981981402993203,1,1
975,2,0,0.003652969263587786,0.004648644101235075,0,0
976,5,0,0.15551692023078398,0.16139683105123084,0,0
977,4,0,0.3476783593598793,0.3449453044344611,0,0
978,1,0,0.01434796720440621,0.017216536600081704,0,0
979,2,0,0.3073244307711095,0.305485682210157,0,0
980,4,0,0.19462230472864922,0.19765508708247653,0,0
981,3,1,0.3239445733459192,0.3232954330611823,0,0
982,4,0,0.003532840112184468,0.004429076796486858,0,0
983,3,0,0.13460083121462793,0.14048278391111815,0,0
984,1,0,0.1412363726384746,0.14680034949906517,0,0
985,4,1,0.7409549508395927,0.73047154462672,1,1
986,4,0,0.07530425845365991,0.08056039624121544,0,0
987,2,0,0.09122982003350127,0.0972000782426761,0,0
988,5,0,0.20962373964566966,0.2139362751319333,0,0
989,2,0,0.2656942940916726,0.26837547465101097,0,0
990,4,1,0.44395640005624537,0.4398324376201613,1,1
991,2,1,0.11788959064371521,0.12301855351467765,0,0
992,1,0,0.6595642770924904,0.6492132442417099,1,1
993,2,0,0.3665014829552369,0.3640657534683879,0,0
994,4,0,0.19260535238945803,0.1962732866420544,0,0
995,2,1,0.6221142183305685,0.6128687094262993,1,1
996,3,1,0.3561716649563158,0.35631112281520416,0,0
997,1,0,0.0935022768935841,0.09964938111239058,0,0
998,4,1,0.6184580880285806,0.6096532018747904,1,1
999,4,0,0.2936485623349532,0.29277077196318335,0,0
1000,4,1,0.7055967940729135,0.6950107006003761,1,1
1001,3,0,0.05371554634169733,0.0587221887324606,0,0
1002,3,1,0.5942676456354044,0.5872653085397593,1,1
1003,3,0,0.015227619049157055,0.017480406055057206,0,0
1004,4,0,0.14795183009322427,0.15413977879837673,0,0
1005,5,1,0.18408130351837437,0.18935358753805534,0,0
1006,1,0,0.37202706738751695,0.36997047998386073,0,0
1007,4,0,0.5553532823218699,0.5479274457455766,1,1
1008,5,0,0.39067848525396165,0.3893918820645659,0,0
1009,1,1,0.25770747525986054,0.2587784477722845,0,0
1010,4,0,0.11414321409490172,0.12017855906340018,0,0
1011,4,0,0.7292279599595032,0.7188226982661581,1,1
1012,5,0,0.022421889789898567,0.02564630319015329,0,0
1013,2,1,0.17661473340021247,0.18173207440009417,0,0
1014,1,0,0.03874804632137723,0.043485739000769796,0,0
1015,1,0,0.0025995454410576804,0.003585998060127285,0,0
1016,5,0,0.0556954568843831,0.06103243439830889,0,0
1017,2,0,0.1379176847212994,0.14321370137778355,0,0
1018,5,0,0.2845028893582576,0.2857346016218033,0,0
1019,5,0,0.08585810999229451,0.0912541678542608,0,0
1020,3,0,0.006748725014841885,0.008090759432894525,0,0
1021,1,0,0.04404634449002124,0.04907533900577643,0,0
1022,1,0,0.06482928815643937,0.07058889047837671,0,0
1023,2,0,0.04533244198658911,0.05039239114039691,0,0
1024,1,0,0.06567657665097991,0.0709863323334544,0,0
1025,1,0,0.02875711803047062,0.03324089666795406,0,0
1026,2,0,0.5366515502885445,0.5290773667385776,1,1
1027,2,0,0.003530351820760763,0.004463853299148389,0,0
1028,5,0,0.205221495116292,0.21154747603550242,0,0
1029,3,0,0.49019154131758064,0.480634382478837,1,1
1030,1,0,0.0017768251945433594,0.002524097447095566,0,0
1031,2,1,0.47539844319521446,0.46987725412124287,1,1
1032,3,0,0.07407235293737778,0.07783893619524945,0,0
1033,5,0,0.016014946558411312,0.0185297900605261,0,0
1034,2,0,0.5137579505908467,0.5059967745074984,1,1
1035,1,0,0.6908204989029683,0.6790619698824037,1,1
1036,3,1,0.4357037315713026,0.43120911059172007,1,1
1037,2,0,0.0707048973705103,0.07624637108835257,0,0
1038,3,0,0.005700372352693643,0.006942238770325187,0,0
1039,3,0,0.024038921079433354,0.02724506467474761,0,0
1040,1,1,0.6631569487251584,0.6500577791064786,1,1
1041,5,0,0.24209133238204583,0.24492854724952226,0,0
1042,3,1,0.08083251814569054,0.0863725061406995,0,0
1043,3,1,0.6230498190103324,0.6136834880461052,1,1
1044,5,0,0.08458399992697767,0.0909038201764086,0,0
1045,2,1,0.4228314090915139,0.4173926982781809,1,1
1046,2,1,0.1658492320775083,0.1714584749815086,0,0
1047,5,0,0.02847685417835974,0.03196689515850805,0,0
1048,5,0,0.21226525538750138,0.21524929880615726,0,0
1049,2,0,0.36827008418086354,0.3696505470702965,0,0
1050,2,1,0.1943342229244157,0.1991129466355721,0,0
1051,3,0,0.1066998057964603,0.11286419056552247,0,0
1052,3,0,0.1902016692059969,0.19373885575195954,0,0
1053,1,0,0.0030059613182392727,0.004170537648506878,0,0
1054,2,1,0.1463277135366885,0.15170103118094383,0,0
1055,3,1,0.7644040500890439,0.7526954350500661,1,1
1056,3,0,0.04180666224802191,0.046765202745443955,0,0
1057,5,1,0.22325520126207285,0.22495254085654892,0,0
1058,2,0,0.19053187347681064,0.19629625119711852,0,0
1059,1,0,0.0014690120487267785,0.002133432581416349,0,0
1060,5,0,0.07296330907364705,0.07862410204440667,0,0
1061,4,0,0.004778301773544036,0.005962533860582603,0,0
1062,3,0,0.02431200206432192,0.02814029106433834,0,0
1063,2,1,0.6629476895303434,0.6515897945420075,1,1
1064,4,1,0.3937343984917119,0.3919203148819942,0,0
1065,2,0,0.42132467806097734,0.41490175360265374,1,1
1066,2,0,0.016204695792169127,0.019047400879897133,0,0
1067,5,1,0.18157196213693527,0.1853822683629117,0,0
1068,5,0,0.08535551227700129,0.09267140700907217,0,0
1069,2,0,0.04516762936446843,0.050302685135197554,0,0
1070,5,0,0.027944420192071683,0.0317373126110068,0,0
1071,4,0,0.0742835895199647,0.07858971033063762,0,0
1072,5,0,0.2235552040599291,0.2264270565350523,0,0
1073,3,1,0.6660363613520465,0.6520881892022179,1,1
1074,5,0,0.034647078705175166,0.03901091192649288,0,0
1075,2,1,0.6659306841637777,0.6534692720769602,1,1
1076,3,0,0.19600709547182726,0.20203371104364787,0,0
1077,5,0,0.008088139999722995,0.009835924655883364,0,0
1078,1,0,0.17551140738685214,0.18038534533502318,0,0
1079,2,0,0.010223674520198818,0.012223791210040354,0,0
1080,5,0,0.009639861890427759,0.011690240357551767,0,0
1081,5,1,0.6535642168199536,0.6455519013300689,1,1
1082,2,0,0.22113851555114739,0.22553216594451303,0,0
1083,1,0,0.6566700616564454,0.6447121469485829,1,1
1084,3,0,0.31235039537851644,0.3101179342028524,0,0
1085,1,0,0.44851916733602104,0.44390607734766097,1,1
1086,4,1,0.7837923845752129,0.7726288267300314,1,1
1087,5,1,0.7985329685580885,0.7875572170576988,1,1
1088,1,1,0.6747740765421142,0.6624265530407396,1,1
1089,1,0,0.01238138878507647,0.015132952259627023,0,0
1090,2,0,0.01504330291546416,0.0176067302331649,0,0
1091,2,1,0.10797342587740846,0.1141741985967969,0,0
1092,4,0,0.2983553726618287,0.29845974921659385,0,0
1093,1,0,0.13798527832629817,0.14484220285129087,0,0
1094,4,0,0.02929916885686863,0.03325932222817911,0,0
1095,3,0,0.16860648795836458,0.17317124512375442,0,0
1096,1,0,0.0090583312202892,0.011387870217496324,0,0
1097,1,1,0.3127209660230469,0.3147795392184804,0,0
1098,4,0,0.007114645120244674,0.008533080196967975,0,0
1099,2,0,0.0982603955808529,0.10439623879394175,0,0
1100,1,0,0.005272402014818334,0.006918691959320204,0,0
1101,2,0,0.09670454129601672,0.1022409589421501,0,0
1102,2,0,0.5669911857738289,0.5580975805060558,1,1
1103,5,0,0.016010428876104894,0.01862427910066585,0,0
1104,3,0,0.08366579160509002,0.08902306447166966,0,0
1105,1,0,0.02230139838992389,0.02602230752832966,0,0
1106,5,0,0.002634731078178559,0.0033871469825051833,0,0
1107,2,0,0.3160632306531625,0.3178637445821811,0,0
1108,5,1,0.5624319651162265,0.5541551255104066,1,1
1109,4,0,0.00692530866355131,0.008261607821175252,0,0
1110,5,0,0.5127012993933334,0.5066690019229547,1,1
1111,2,0,0.021295005615998234,0.024508561963726347,0,0
1112,3,0,0.2031132576164278,0.20742814997658385,0,0
1113,2,0,0.16048425868385466,0.1651266005338727,0,0
1114,1,1,0.21379041995782058,0.2175916000670169,0,0
1115,5,1,0.18071992770861514,0.18517869528518094,0,0
1116,5,0,0.615210377803269,0.606489824607042,1,1
1117,5,0,0.4362054420558162,0.4356468634728383,1,1
1118,3,0,0.0498202520128126,0.05480352092358602,0,0
1119,2,0,0.15164744490712317,0.15688486549410197,0,0
1120,5,1,0.6705943618475179,0.6621264271316383,1,1
1121,5,1,0.47496387991788214,0.47071120875255534,1,1
1122,1,0,0.5562693160306841,0.5497855683129751,1,1
1123,4,1,0.7153723141553765,0.7049562636844172,1,1
1124,4,0,0.00596298831163586,0.007223808777994003,0,0
1125,1,0,0.09122710521634862,0.09795396115912872,0,0
1126,3,0,0.12253351467309047,0.12729477681491352,0,0
1127,4,0,0.33254514394362783,0.3306974175503744,0,0
1128,3,0,0.49930171757945246,0.4917300570826294,1,1
1129,2,1,0.613452802060513,0.6033122388108663,1,1
1130,4,0,0.021629161179147368,0.024037978674393515,0,0
1131,2,0,0.41975191548183344,0.41667769154700307,1,1
1132,2,0,0.100417325274058,0.10668556330933594,0,0
1133,4,0,0.029000094455939218,0.03250104834700358,0,0
1134,1,0,0.001990333871948642,0.0028107631632499535,0,0
1135,2,0,0.4059540268961442,0.39910965537436616,1,0
1136,4,1,0.7023093444076456,0.6927972111290241,1,1
1137,2,0,0.04179351099960041,0.046479641929540974,0,0
1138,3,1,0.7088976580072989,0.6968749155476688,1,1
1139,4,0,0.013921683398288155,0.016260273031320258,0,0
1140,1,0,0.4286955585293147,0.42895173986080265,1,1
1141,1,0,0.08499464055302638,0.09019039121920025,0,0
1142,3,1,0.6008655042929504,0.5919757744002772,1,1
1143,2,0,0.009274310032148065,0.011213293599548178,0,0
1144,4,0,0.07103362361954375,0.07582553679683299,0,0
1145,3,0,0.08053705387349532,0.08597076693599798,0,0
1146,5,0,0.04645291903917782,0.051001317995269746,0,0
1147,2,0,0.21372456919987373,0.2200296219351639,0,0
1148,3,1,0.5926160464431983,0.5850833663956119,1,1
1149,2,0,0.26555674766118065,0.2662384040962468,0,0
1150,5,1,0.7847908821188645,0.7745560651513823,1,1
1151,5,0,0.19957011414321005,0.20412295250294704,0,0
1152,4,0,0.0715611370714171,0.07723473364445835,0,0
1153,3,1,0.6285126522385661,0.6205674907224099,1,1
1154,1,0,0.07197989075754999,0.07725547665251299,0,0
1155,5,0,0.12763790967786137,0.13363396667967778,0,0
1156,2,0,0.08230497619976643,0.0889543766286251,0,0
1157,5,0,0.5981030670806243,0.5910042600678229,1,1
1158,2,0,0.5189388454492272,0.5122493963772919,1,1
1159,1,1,0.4828841009502243,0.48099197896772,1,1
1160,3,0,0.09772957085548466,0.10434626600836265,0,0
1161,4,0,0.21431205966577596,0.2173296897100922,0,0
1162,1,0,0.13880758324271833,0.14343533084970772,0,0
1163,5,0,0.1402191338506585,0.1463540245024723,0,0
1164,3,0,0.5396611977749743,0.5298926534647975,1,1
1165,5,0,0.06846556167754872,0.07370765404062982,0,0
1166,1,0,0.10129007780631626,0.10811347508956375,0,0
1167,1,1,0.7195131971479768,0.7060147500012164,1,1
1168,5,0,0.3475002245972971,0.34918145624222724,0,0
1169,5,1,0.2463877237178376,0.24884901519287905,0,0
1170,4,1,0.6860828342047502,0.6748836280854016,1,1
1171,2,0,0.369448145237111,0.3701066992713209,0,0
1172,2,0,0.022112559201291435,0.02546865958891777,0,0
1173,4,1,0.6344203457665704,0.6255484323988479,1,1
1174,5,0,0.18862902657992572,0.19372703382168122,0,0
1175,2,0,0.4876510896247386,0.47987509987718713,1,1
1176,3,0,0.2886426015551142,0.2894874170318845,0,0
1177,5,0,0.21260162576186556,0.21869791478854333,0,0
1178,4,1,0.35423834507660334,0.35347110090327766,0,0
1179,2,0,0.4385678585296194,0.43277720215932974,1,1
1180,3,1,0.537441517427112,0.529070138298184,1,1
1181,5,1,0.6947306735140699,0.6843342640384805,1,1
1182,5,0,0.346958538735554,0.34295709071357966,0,0
1183,5,0,0.05742756181257216,0.06281267947029426,0,0
1184,2,0,0.1886863667214525,0.19325594300391552,0,0
1185,2,1,0.14855411955982945,0.15451416305567625,0,0
1186,1,0,0.18219917965834978,0.18781136704176132,0,0
1187,2,0,0.05959132426475921,0.0651234774067389,0,0
1188,2,0,0.011334293554894175,0.01346349709524736,0,0
1189,3,0,0.7304453980407251,0.7202669721273873,1,1
1190,2,0,0.025237170163503908,0.02901181980800866,0,0
1191,1,1,0.722184756983285,0.711859849692225,1,1
1192,2,1,0.3267976107458499,0.3288762395354462,0,0
1193,5,0,0.258909450127889,0.26178798648167495,0,0
1194,2,0,0.04776570259390227,0.05280750492655882,0,0
1195,1,0,0.0568729990975865,0.06302602122424636,0,0
1196,5,0,0.18207743765801784,0.18550876401066638,0,0
1197,5,1,0.7104243982986499,0.7000703865539551,1,1
1198,3,0,0.4101951064216766,0.4071958653470566,1,1
1199,2,1,0.07689459951126547,0.08286405892489669,0,0
1200,1,0,0.15463494007785503,0.15900278236537854,0,0
1201,3,0,0.31281522145093305,0.31340809389581664,0,0
1202,3,0,0.1276755075861776,0.1331934566561563,0,0
1203,4,1,0.6485344941093304,0.6400223990644359,1,1
1204,4,0,0.3475841524224198,0.34306186676885503,0,0
1205,3,0,0.21714257831895015,0.22323224195434638,0,0
1206,4,0,0.34182085340088575,0.3422390977547508,0,0
1207,5,0,0.5840504039316627,0.5773729060930243,1,1
1208,5,1,0.7929333199700516,0.7823819986217803,1,1
1209,5,0,0.02063977347316847,0.023915929237312613,0,0
1210,5,0,0.004628313518633029,0.005745497891651521,0,0
1211,5,0,0.45760841115473966,0.44990065354759157,1,1
1212,1,1,0.5386518099182136,0.5319791747648089,1,1
1213,1,0,0.6788362268299578,0.6663893512988135,1,1
1214,3,1,0.6197638798075122,0.6114016341529105,1,1
1215,4,0,0.1321535961067568,0.13723117024700643,0,0
1216,1,0,0.7000330884062417,0.6856376830919004,1,1
1217,1,0,0.2574629175735963,0.25863661195281423,0,0
1218,2,0,0.17716327228190099,0.18192831705894458,0,0
1219,5,1,0.5522539714453545,0.5429919206050544,1,1
1220,2,0,0.21547232182029477,0.22002094656546123,0,0
1221,2,0,0.04926571161574475,0.05440204837872222,0,0
1222,5,1,0.15385860469072749,0.1586878664732252,0,0
1223,1,0,0.29653741451263926,0.2971911614092541,0,0
1224,2,0,0.2801479743175553,0.2802852191217996,0,0
1225,5,0,0.0019297032287051306,0.0025407965669727965,0,0
1226,3,0,0.4301501090583368,0.42772936340428214,1,1
1227,1,1,0.4491323540886715,0.4465461064588627,1,1
1228,4,0,0.1097227229113323,0.11423906037025937,0,0
1229,2,0,0.12295530919367448,0.12829884466242308,0,0
1230,1,1,0.5127879479551574,0.5068625949484323,1,1
1231,5,0,0.0020047439048716674,0.0025803331604048996,0,0
1232,5,0,0.008453955474774495,0.010158570564498965,0,0
1233,2,0,0.024663002876452924,0.02804087006196588,0,0
1234,3,1,0.6945871718063727,0.6834458914369232,1,1
1235,3,0,0.32262406586349596,0.32326509780380713,0,0
1236,1,0,0.10273676083613432,0.10785348796742558,0,0
1237,4,1,0.6097097782019257,0.6002720757907636,1,1
1238,4,0,0.16405180435357286,0.16851059337298685,0,0
1239,4,0,0.09847517969608766,0.1041404777655881,0,0
1240,2,0,0.004378796140767167,0.005486149647385751,0,0
1241,4,1,0.251879501076246,0.25232141125335605,0,0
1242,2,0,0.37601390026021064,0.37481564766453385,0,0
1243,1,1,0.4342513818628649,0.42985404514132597,1,1
1244,5,0,0.7339762274688725,0.7240296189761752,1,1
1245,2,0,0.03248424533643089,0.036927143674803535,0,0
1246,5,0,0.22484374177819705,0.22808406250025487,0,0
1247,4,0,0.08175081421947357,0.08653154807150365,0,0
1248,3,1,0.1438348958596753,0.14897344777009916,0,0
1249,4,1,0.5865109254759757,0.580348811951138,1,1
1250,3,1,0.5852030500565075,0.5764236526442515,1,1
1251,3,0,0.19432515574963644,0.19891615676064928,0,0
1252,5,0,0.04963933092836151,0.05477605923731991,0,0
1253,3,1,0.7554036726126362,0.7437173609765152,1,1
1254,4,0,0.23574877893528567,0.23766991140206736,0,0
1255,5,0,0.645278590797748,0.6363502251249374,1,1
1256,2,0,0.2263279681500229,0.22915066047415672,0,0
1257,2,0,0.01609698710515693,0.019060779478017785,0,0
1258,2,0,0.7019024611337883,0.6919684170686612,1,1
1259,5,0,0.2729056515021567,0.27540352488817593,0,0
1260,3,0,0.0213194745256058,0.0244889964056674,0,0
1261,4,0,0.17828142595986793,0.18134744017708404,0,0
1262,2,1,0.47039246137289137,0.46655625853604493,1,1
1263,4,0,0.058140994651645864,0.0627187320508788,0,0
1264,4,1,0.2528505065359442,0.25278680655589564,0,0
1265,4,0,0.01983108959892658,0.022905501876085543,0,0
1266,1,1,0.27032893032308686,0.2731445729862875,0,0
1267,2,1,0.35594177175235736,0.35852405434984763,0,0
1268,3,1,0.7193052738180755,0.7076896458527842,1,1
1269,5,0,0.26623445297853093,0.27040043838856087,0,0
1270,3,0,0.026985123928213256,0.031314792700782405,0,0
1271,1,0,0.4581960538620598,0.45057875197728753,1,1
1272,1,0,0.025921526205068796,0.0303240023969626,0,0
1273,2,0,0.06869114779325429,0.07507705593741065,0,0
1274,1,0,0.055741934079705485,0.060656495620376824,0,0
1275,5,0,0.3297855249862238,0.3327312549209019,0,0
1276,3,0,0.49585630829369715,0.49065642386962127,1,1
1277,3,0,0.003039987169159354,0.003998019431841606,0,0
1278,4,0,0.12230880604127799,0.12684903771530914,0,0
1279,4,1,0.28492176785146167,0.28694991332535175,0,0
1280,3,0,0.003458116604307512,0.004522020573063653,0,0
1281,1,1,0.6747842715778481,0.6634735334650743,1,1
1282,3,0,0.7108659878424451,0.6993203114540286,1,1
1283,5,0,0.0853297420324283,0.09078582980574676,0,0
1284,3,0,0.01825431559641468,0.021081241755610568,0,0
1285,4,0,0.012519377097534912,0.014566451097471211,0,0
1286,1,1,0.7863015494280562,0.7726908834460658,1,1
1287,4,0,0.27003949258632365,0.27123784758788216,0,0
1288,1,1,0.5755805714453126,0.5662987878765202,1,1
1289,2,0,0.07595842125893255,0.08191249127648545,0,0
1290,4,0,0.005505614763269654,0.0067519930823916234,0,0
1291,1,1,0.4963067032976359,0.49115397579462294,1,1
1292,5,0,0.06973823238151765,0.07536486586667474,0,0
1293,4,0,0.23004977333283408,0.23133598924290108,0,0
1294,1,0,0.006876636797563744,0.008640977400801629,0,0
1295,3,1,0.06937431859082503,0.07559562042503463,0,0
1296,3,0,0.03494038581256354,0.03960859903387635,0,0
1297,4,0,0.012714422418326326,0.014884857559121256,0,0
1298,3,0,0.012694535474328911,0.015600817720735863,0,0
1299,3,0,0.00429597255510495,0.005497076699523957,0,0
1300,1,0,0.2205938576035757,0.22821821517376678,0,0
1301,2,1,0.644824082696188,0.6334312799273583,1,1
1302,5,0,0.011826424500893856,0.014020464272956631,0,0
1303,3,0,0.3985929688447997,0.3941691552030885,0,0
1304,5,1,0.5850682416120487,0.5786057850943319,1,1
1305,5,0,0.027028844606847464,0.03081351610928254,0,0
1306,4,1,0.5172375497878372,0.5101440774531671,1,1
1307,2,0,0.16295333520950928,0.16913552856413486,0,0
1308,4,0,0.4841762861945928,0.47942896074959096,1,1
1309,3,0,0.00820822877990213,0.009964537031973026,0,0
1310,3,0,0.5772893731241017,0.5645296022414514,1,1
1311,2,1,0.2579440759719576,0.2603576900412156,0,0
1312,3,0,0.016956032076141096,0.01981884765486713,0,0
1313,3,0,0.4258412157621108,0.4233556959978326,1,1
1314,5,0,0.017646915130166918,0.020576438526681146,0,0
1315,4,0,0.0417244190754781,0.045459130174268315,0,0
1316,4,0,0.014897053390943694,0.01715221055960515,0,0
1317,5,0,0.055343002713393374,0.05988032949969191,0,0
1318,3,0,0.37569445296013326,0.3748065712528259,0,0
1319,2,1,0.40716648531037586,0.405153089419529,1,1
1320,4,0,0.01593343296304567,0.01833345523524278,0,0
1321,2,1,0.5388009986140784,0.5285954280038808,1,1
1322,5,0,0.22313931357274103,0.22705864578386598,0,0
1323,5,0,0.15873249802635314,0.16513944946782555,0,0
1324,5,0,0.19644955198364766,0.20109775620255138,0,0
1325,1,0,0.0025519839597115982,0.0035445586656148997,0,0
1326,3,0,0.09218036473748525,0.09726396649363012,0,0
1327,4,1,0.27552092731606015,0.2766115727123739,0,0
1328,2,0,0.1971423943467144,0.20122332560060655,0,0
1329,3,1,0.2326787003287733,0.23487038167396648,0,0
1330,2,0,0.013031268803759951,0.01562299278075548,0,0
1331,3,0,0.3514773817333207,0.34850996660608163,0,0
1332,3,1,0.473212252699672,0.46538655237679727,1,1
1333,4,1,0.3771187900618641,0.37496112949410715,0,0
1334,2,0,0.6982200003893447,0.6869531653179091,1,1
1335,4,0,0.05392180079049769,0.05870303960492211,0,0
1336,4,0,0.11990003112633552,0.1255238111907401,0,0
1337,5,0,0.3792583599337305,0.3781084023549255,0,0
1338,2,0,0.6494159789631344,0.6385102195727037,1,1
1339,3,0,0.08238860119231467,0.08799195904970332,0,0
1340,4,0,0.005470526121706534,0.006556765428098072,0,0
1341,5,0,0.023567400972537615,0.026760068398638086,0,0
1342,4,1,0.5464362950856202,0.540183878936821,1,1
1343,2,0,0.6403219084761193,0.6310637313155797,1,1
1344,3,0,0.05473960483515347,0.05944051313911318,0,0
1345,1,0,0.1136372046450873,0.1186035955715122,0,0
1346,2,0,0.35471454324212404,0.35626792187027057,0,0
1347,1,0,0.009910290425890395,0.01244700994001025,0,0
1348,5,0,0.002853835768539953,0.0035999090522551556,0,0
1349,2,0,0.02519459745727785,0.028992852529612877,0,0
1350,4,0,0.13196081911502636,0.1371691672231536,0,0
1351,5,0,0.0705788698920908,0.07606370344787279,0,0
1352,4,0,0.013420334151668508,0.015619888320967775,0,0
1353,2,0,0.3307266231599313,0.33198768237906384,0,0
1354,4,0,0.13375550194040983,0.13809901676744862,0,0
1355,2,0,0.0034744549874575945,0.0043962833569977655,0,0
1356,4,0,0.07964605290945483,0.08576929023623867,0,0
1357,4,0,0.04249103212066681,0.04564227965282098,0,0
1358,1,1,0.7097078103996914,0.6941434639573186,1,1
1359,2,0,0.0549580473850584,0.06014978110960636,0,0
1360,2,1,0.781985553117209,0.7693504051801442,1,1
1361,5,0,0.006296717024251678,0.007644295318294763,0,0
1362,2,0,0.022218320266256676,0.025543060835242697,0,0
1363,5,0,0.007215314814198625,0.008789369204126119,0,0
1364,2,1,0.13519679717325225,0.14020533175372157,0,0
1365,4,1,0.530191146271957,0.5211398507686862,1,1
1366,3,0,0.421735289983988,0.4207323318280176,1,1
1367,3,1,0.7637049597023231,0.7508305302962045,1,1
1368,4,0,0.2543207178568125,0.25545220619272535,0,0
1369,3,0,0.04715934307447352,0.0508811493950479,0,0
1370,4,0,0.6784771895265823,0.6683964033750331,1,1
1371,3,1,0.4881075095730996,0.4832360580595174,1,1
1372,3,0,0.6414023406911941,0.6320520729418667,1,1
1373,4,0,0.17529362907165202,0.18060843631157966,0,0
1374,5,0,0.06779270954410035,0.07293734523727549,0,0
1375,2,0,0.006587711812422846,0.008031896765181781,0,0
1376,5,0,0.39947192408848975,0.3971517045741384,0,0
1377,2,0,0.0025034994714475548,0.003222506341756244,0,0
1378,3,0,0.6350033904537676,0.6280984550659726,1,1
1379,5,0,0.6923871664964762,0.6807148534997323,1,1
1380,3,0,0.08108236392996715,0.08840068519809349,0,0
1381,4,0,0.04395178622408398,0.048022607026200606,0,0
1382,1,0,0.7743685033250832,0.7609893853157896,1,1
1383,1,0,0.7725701567499863,0.759704585641626,1,1
1384,5,0,0.23992071197351925,0.24352393978539374,0,0
1385,4,0,0.26037336598990457,0.2633072999217569,0,0
1386,3,0,0.025354696857192324,0.028714220577722178,0,0
1387,3,1,0.626246938503294,0.6159990307332718,1,1
1388,2,1,0.7266920492145641,0.7144983033259262,1,1
1389,2,0,0.1863526217617336,0.1901467741587513,0,0
1390,2,0,0.19607272964333333,0.20018350233102714,0,0
1391,4,1,0.6461242798824839,0.636526076298775,1,1
1392,1,0,0.02958741899040308,0.03366151262585932,0,0
1393,1,1,0.19432703052481143,0.19765138239603572,0,0
1394,5,0,0.36947877860740413,0.36793289455359046,0,0
1395,3,1,0.7095948418995104,0.6985708634565667,1,1
1396,5,0,0.04345006676182323,0.04774865609786859,0,0
1397,5,0,0.3786819780894221,0.3754351360190836,0,0
1398,2,1,0.636027816681352,0.6242163609333683,1,1
1399,3,0,0.17335472815023997,0.1776601190437877,0,0
1400,3,0,0.004445293492239499,0.0057080731728531816,0,0
1401,2,0,0.04791828635639167,0.053054681352670205,0,0
1402,3,1,0.7134897540235214,0.6989434893290006,1,1
1403,5,0,0.004588498667187664,0.005652846366793535,0,0
1404,3,0,0.0798195975770952,0.08496748925718114,0,0
1405,3,1,0.6145031471213043,0.6067367899512451,1,1
1406,1,0,0.029625659658527613,0.03388152938861903,0,0
1407,2,0,0.036381479097006154,0.04108052343440123,0,0
1408,2,0,0.297660892777764,0.30035655591818894,0,0
1409,3,0,0.06959202289660792,0.0756463216580468,0,0
1410,1,0,0.0328019123956059,0.03732070102058533,0,0
1411,2,0,0.003097808574291819,0.003954989797447188,0,0
1412,4,0,0.10502615996484913,0.1095798836510089,0,0
1413,2,0,0.00855141882195705,0.010427681469289879,0,0
1414,4,0,0.3424380167418584,0.3417362247954362,0,0
1415,1,0,0.008319993821157157,0.010385580236931594,0,0
1416,2,0,0.1539846797900749,0.15945829796985905,0,0
1417,2,0,0.034020562798704135,0.03823166232372841,0,0
1418,2,0,0.05096441786929127,0.05611921189400317,0,0
1419,5,0,0.024059078765173977,0.027638015103964415,0,0
1420,1,0,0.201034213262015,0.20311665212651486,0,0
1421,1,1,0.7173765153471052,0.706397328783512,1,1
1422,1,1,0.6638456121490794,0.6529812367736685,1,1
1423,4,0,0.003531604525622567,0.0044325694524728725,0,0
1424,4,0,0.2740126231803745,0.2749944544788554,0,0
1425,2,0,0.09450486733326381,0.10135843245630168,0,0
1426,3,0,0.2026283014604246,0.20828353242482694,0,0
1427,1,0,0.0016534749848781565,0.0023649211761770485,0,0
1428,2,0,0.594177267132844,0.5861071293707597,1,1
1429,2,1,0.04294185010301529,0.04759616945770639,0,0
1430,5,0,0.37396490638413754,0.3770865469626807,0,0
1431,4,1,0.6500921228233828,0.6419242632248713,1,1
1432,3,1,0.17674916506163535,0.1818643644813645,0,0
1433,2,0,0.015414956853942872,0.018151575674912462,0,0
1434,5,1,0.23307709885118894,0.2374169531249218,0,0
1435,1,0,0.3135448950787296,0.3130185540493799,0,0
1436,2,0,0.0061482191045880525,0.007567235093020293,0,0
1437,1,0,0.07359098662750695,0.08095391554002748,0,0
1438,4,1,0.5050479909656446,0.4983210524464818,1,1
1439,4,0,0.04128467234819491,0.04548000044023491,0,0
1440,3,0,0.10700416166738187,0.11222156873023192,0,0
1441,2,0,0.002841240983193409,0.003695205625879337,0,0
1442,3,0,0.009294082111169649,0.01095868271993484,0,0
1443,3,1,0.48186609758301,0.4768862559173793,1,1
1444,3,0,0.016860871257801967,0.019723030644786137,0,0
1445,4,0,0.038754459777810175,0.043595386017229884,0,0
1446,4,1,0.7254437299282891,0.7139688452285278,1,1
1447,1,0,0.4611593600714249,0.4528456627173969,1,1
1448,2,0,0.07517300273448782,0.0819594422984066,0,0
1449,2,0,0.006448485614748712,0.008003656675099804,0,0
1450,3,0,0.01279106215281813,0.014972830000631977,0,0
1451,5,1,0.6169442102888751,0.6090751472642102,1,1
1452,4,1,0.5646341690662098,0.556634041282505,1,1
1453,2,1,0.6086796953636391,0.5982136096202408,1,1
1454,1,0,0.5128252344500471,0.5083304961343329,1,1
1455,5,0,0.41968068633294753,0.4158715059070322,1,1
1456,1,0,0.5280437811084097,0.5257403015122546,1,1
1457,2,0,0.002598480066284626,0.0033263727182576723,0,0
1458,5,0,0.1817073355203655,0.1852763199219309,0,0
1459,5,0,0.0705051602600585,0.07554778851433988,0,0
1460,1,0,0.1364566521992722,0.14245565631974663,0,0
1461,2,0,0.014688224279653361,0.017147508655413316,0,0
1462,4,0,0.2997750875013783,0.29985697691232915,0,0
1463,1,1,0.5363144285089403,0.5292402582160506,1,1
1464,5,1,0.4747104232371888,0.4725874241023461,1,1
1465,4,1,0.42634169034617425,0.42351343467885394,1,1
1466,5,0,0.0018937686414746131,0.002494756552898961,0,0
1467,1,0,0.27695291321087107,0.27977447537118294,0,0
1468,5,0,0.3229739600632865,0.3214310736820256,0,0
1469,3,0,0.14451925954695463,0.15108636992699534,0,0
1470,5,0,0.7272455450187912,0.7168798778656932,1,1
1471,3,0,0.01064825776414192,0.012758960660520655,0,0
1472,2,1,0.2292222326355001,0.2335008420951032,0,0
1473,1,1,0.5010697871011688,0.4970316336012684,1,1
1474,3,0,0.5568517991549602,0.5480990131713155,1,1
1475,1,1,0.5461848173326085,0.5424194084877862,1,1
1476,1,1,0.19220521263844323,0.19549086815722036,0,0
1477,2,0,0.4156692609937947,0.4101076380068478,1,1
1478,1,0,0.09653383712081355,0.10397962927640785,0,0
1479,3,1,0.042959823874740725,0.04645965222771529,0,0
1480,4,0,0.02335108390862892,0.026630923214933162,0,0
1481,4,0,0.1886542439394192,0.19266394995142772,0,0
1482,1,0,0.022415935069985342,0.026030475291586384,0,0
1483,4,0,0.02702796892604555,0.03136503790451762,0,0
1484,4,0,0.057478970017845916,0.06239930819355841,0,0
1485,1,0,0.017982290693704925,0.021463994493180802,0,0
1486,1,1,0.43833338381972703,0.43483274388858834,1,1
1487,1,0,0.10664437909082032,0.11386041135938471,0,0
1488,4,1,0.35211645996075075,0.3521134760607288,0,0
1489,5,1,0.4445725722995572,0.4406024858871659,1,1
1490,3,1,0.69048880459362,0.6767626337303227,1,1
1491,4,0,0.009354668167743047,0.011115868481416002,0,0
1492,1,1,0.1088180940827762,0.11631560476437693,0,0
1493,4,0,0.007352980163577569,0.00872449185984748,0,0
1494,1,1,0.29556333381987565,0.29536626108421365,0,0
1495,5,1,0.35170870807611754,0.35110684752518095,0,0
1496,5,0,0.16570108988690524,0.17403527894786638,0,0
1497,4,0,0.1204307628194952,0.12516042953341872,0,0
1498,4,0,0.12852556594508416,0.13433659155124306,0,0
1499,1,0,0.12878669116377803,0.13396058965136795,0,0
1500,4,1,0.6447900442214312,0.6355869485698427,1,1
1501,5,0,0.0024167413457089025,0.003092892483808686,0,0
1502,1,0,0.26560199521374217,0.2652474202817797,0,0
1503,5,0,0.008025704878708743,0.00960682585874071,0,0
1504,3,0,0.007394554271232518,0.009055279635610963,0,0
1505,4,0,0.031718036992126206,0.034949104783137605,0,0
1506,1,0,0.3383998056832167,0.33538705174692723,0,0
1507,5,0,0.010504246675818618,0.012433074156708954,0,0
1508,4,0,0.24936299911621201,0.251287986027976,0,0
1509,3,1,0.7095726908971501,0.6986494643059935,1,1
1510,2,1,0.7869200987174396,0.7745137044571021,1,1
1511,5,0,0.24712359935188025,0.24892462431113033,0,0
1512,4,0,0.14038507271759562,0.14468418541775105,0,0
1513,4,1,0.34086748153779944,0.34085628103210086,0,0
1514,3,0,0.139087487508954,0.1436778736250986,0,0
1515,2,1,0.5971234255102787,0.5860261883009961,1,1
1516,2,0,0.3730980911573093,0.37175357930177294,0,0
1517,4,1,0.29338390989809837,0.2928487568902372,0,0
1518,3,1,0.42336866045410404,0.421914728543564,1,1
1519,2,0,0.6359297100823177,0.6252590474315528,1,1
1520,1,0,0.30200375925363654,0.3026073679542199,0,0
1521,1,0,0.27387987847359313,0.2760648577247868,0,0
1522,5,0,0.017893271232117543,0.02069670517877182,0,0
1523,1,0,0.09483193865248982,0.10220705803939585,0,0
1524,5,1,0.20037393303367657,0.20386938508871352,0,0
1525,1,0,0.479661948613677,0.47274151978326806,1,1
1526,4,0,0.045761381955294014,0.05007998763030515,0,0
1527,2,0,0.08757433691493562,0.09343578409923034,0,0
1528,2,0,0.012804600404688737,0.015201107217461193,0,0
1529,1,0,0.028413181567152432,0.033165492554578034,0,0
1530,5,0,0.0023530469629196105,0.0030342308265539626,0,0
1531,2,0,0.06510886132426154,0.07072833373085993,0,0
1532,4,0,0.4977329350494193,0.4912539280046497,1,1
1533,4,0,0.026261541660460175,0.028857736794654587,0,0
1534,3,0,0.013590748253446042,0.016561393274422274,0,0
1535,1,0,0.19841479769749565,0.20226943013213283,0,0
1536,4,0,0.47267609821709966,0.46960278906272,1,1
1537,2,0,0.19066437639114517,0.1965614711900165,0,0
1538,3,1,0.28608039308138955,0.2866894620998416,0,0
1539,4,0,0.016344519883302044,0.018568160900550613,0,0
1540,3,1,0.31772847640221213,0.3208930751752824,0,0
1541,4,0,0.11084357454364802,0.11606916429114682,0,0
1542,5,0,0.019497120524339554,0.022339890788183703,0,0
1543,1,0,0.2860196333046813,0.29018341030505024,0,0
1544,5,0,0.009626579488732865,0.011485482908487311,0,0
1545,3,0,0.5062706374099188,0.49847169101932043,1,1
1546,4,0,0.020305558918883315,0.02315926153569732,0,0
1547,3,1,0.42841930948147133,0.4221684644447081,1,1
1548,3,1,0.3310585783708199,0.3294626450271618,0,0
1549,1,1,0.04904426117029671,0.05434202100192407,0,0
1550,1,0,0.6875629844191165,0.6739991748196061,1,1
1551,4,0,0.32803697880958343,0.32682461315913663,0,0
1552,5,0,0.2042323295822667,0.20709473049134003,0,0
1553,4,0,0.21443178836198826,0.2163163540965974,0,0
1554,1,1,0.5572279061455309,0.5481387103211065,1,1
1555,4,0,0.01895175584550754,0.022126105175721864,0,0
1556,3,0,0.02285482745114266,0.0263271391086237,0,0
1557,3,0,0.031853700185669596,0.035633384092829845,0,0
1558,3,0,0.2030494717723756,0.2076423545912119,0,0
1559,5,0,0.21527309518677806,0.21896905246065962,0,0
1560,4,0,0.02813796114627794,0.031745276481087804,0,0
1561,2,0,0.4186832077302129,0.41527073311242324,1,1
1562,4,0,0.010139835975639899,0.011999528870865148,0,0
1563,3,0,0.5231822198476794,0.5161384256122739,1,1
1564,1,0,0.27712757388505854,0.27745690322389605,0,0
1565,2,0,0.06845569932297227,0.07399202081098981,0,0
1566,3,1,0.7095392623165531,0.6992723096454619,1,1
1567,2,0,0.04014205218160555,0.04519803857055575,0,0
1568,1,1,0.23170230934659838,0.23453454249178307,0,0
1569,3,1,0.6376115841800402,0.6270979971008465,1,1
1570,3,1,0.7553374637187377,0.743936275465633,1,1
1571,2,0,0.3934163046068243,0.3877563493257556,0,0
1572,3,0,0.04665200716887047,0.051044935195200605,0,0
1573,2,0,0.10800005841230124,0.11413842612999792,0,0
1574,4,0,0.22166405217153995,0.22395704575808556,0,0
1575,1,0,0.061183027104976875,0.06791296042178659,0,0
1576,2,0,0.2801431465768285,0.28392395617803523,0,0
1577,1,0,0.4832222298370255,0.4764261196760917,1,1
1578,1,0,0.0133242714073261,0.01639529989268152,0,0
1579,4,1,0.1686114716123049,0.17351653251979304,0,0
1580,1,0,0.23206098140665948,0.23810040788348324,0,0
1581,5,0,0.18060676998257497,0.18544305434700145,0,0
1582,2,0,0.03175297573553153,0.0359005560349326,0,0
1583,4,1,0.6931571083220758,0.6831949013207855,1,1
1584,3,0,0.06557810449426492,0.07154636163056413,0,0
1585,5,0,0.5357563591515486,0.528323920436446,1,1
1586,1,0,0.012334929708199525,0.014891896093795084,0,0
1587,5,0,0.022344807255674535,0.025628114885359245,0,0
1588,3,1,0.846812949886515,0.8347515157609348,1,1
1589,2,1,0.31627399510710813,0.31529228113048624,0,0
1590,5,0,0.09507147617900917,0.10040623130819067,0,0
1591,3,0,0.09090174740097191,0.09685175181685565,0,0
1592,4,1,0.27168174884417967,0.2723655003974329,0,0
1593,1,0,0.04553789917036087,0.050727758205334886,0,0
1594,1,1,0.24378645700194945,0.24477210481863443,0,0
1595,3,0,0.04157529440847388,0.04684300040634607,0,0
1596,5,1,0.7437976366213962,0.7334081163774555,1,1
1597,1,0,0.08139705035492929,0.08730480457133907,0,0
1598,4,0,0.5950999114987688,0.587291885635732,1,1
1599,3,1,0.5182018227198907,0.5106205158104329,1,1
1600,4,0,0.05134310303661804,0.05611806646787223,0,0
1601,1,1,0.7443962439184407,0.7313802359664382,1,1
1602,2,0,0.006522727565989332,0.008019233625031966,0,0
1603,2,1,0.6679434600616315,0.6546577113431216,1,1
1604,1,0,0.5119395865274641,0.5087449617457099,1,1
1605,4,0,0.19429114752544074,0.19670977894514496,0,0
1606,5,0,0.01488859591320422,0.01745053363454427,0,0
1607,3,1,0.4589826742861699,0.4557262726667667,1,1
1608,2,1,0.1821616634142501,0.18724980954120632,0,0
1609,1,1,0.7311636324686015,0.7174772271927645,1,1
1610,2,1,0.5326564278919123,0.5299619727345157,1,1
1611,4,0,0.009957385868165417,0.011663591375932167,0,0
1612,1,1,0.6536750975119843,0.6412178170187622,1,1
1613,5,0,0.09564397697292493,0.10113304191398338,0,0
1614,2,1,0.31019528575627026,0.31054635005291503,0,0
1615,1,0,0.02297171614192121,0.026809247141080007,0,0
1616,1,0,0.13916813277728118,0.1469021385632174,0,0
1617,3,0,0.1521782628247877,0.15799801823616216,0,0
1618,5,1,0.679920279436678,0.6702227271398293,1,1
1619,3,0,0.009849608781505035,0.011866679565629864,0,0
1620,3,1,0.155353994766714,0.15966387874266677,0,0
1621,1,0,0.04819949094399554,0.05404217395336319,0,0
1622,5,0,0.6288153760295468,0.6199386934997211,1,1
1623,1,1,0.733756728845269,0.7215705499202975,1,1
1624,3,0,0.447066578333354,0.445173664298357,1,1
1625,4,0,0.0431488045624194,0.04665570189057771,0,0
1626,1,0,0.12477091045115511,0.13185716769921574,0,0
1627,1,0,0.038111574044960364,0.043167813228054144,0,0
1628,4,0,0.04021657260021038,0.044360943872257426,0,0
1629,3,1,0.07008554887101927,0.07589394419297356,0,0
1630,2,0,0.40484489329724194,0.40160305229564486,1,1
1631,3,0,0.031523369508885214,0.03587216337684428,0,0
1632,5,0,0.7227996874258057,0.7121369644346932,1,1
1633,3,0,0.6705656120664042,0.6616174737830373,1,1
1634,2,1,0.5590692233759106,0.5499500168929876,1,1
1635,2,1,0.5554238660249925,0.5453738170027287,1,1
1636,4,0,0.05382644741886392,0.05877355828085168,0,0
1637,2,0,0.17671471022213098,0.18244161375255025,0,0
1638,5,0,0.5386312102491013,0.5327211318859293,1,1
1639,4,0,0.09585030303481462,0.10120439077719456,0,0
1640,1,0,0.07811392875038312,0.08406878328399928,0,0
1641,4,0,0.43295147334242334,0.42946857174559205,1,1
1642,5,0,0.4701540962680838,0.46784202873652453,1,1
1643,2,0,0.16156784009557015,0.16589737689660627,0,0
1644,2,0,0.002265347325046688,0.002916074349783479,0,0
1645,1,0,0.4884268141866223,0.48294096178264656,1,1
1646,3,1,0.24417195979250178,0.2451377197700849,0,0
1647,2,1,0.5689932941653464,0.560807822630698,1,1
1648,4,0,0.332129579223876,0.3300514857685848,0,0
1649,5,0,0.22318398040709678,0.22567808119552568,0,0
1650,5,1,0.34049654610426794,0.3424752473097079,0,0
1651,5,0,0.011360670974265965,0.013463878031016948,0,0
1652,4,0,0.4286791097858698,0.42323961986546105,1,1
1653,4,0,0.015345926147427523,0.01755979424360332,0,0
1654,3,1,0.319450000278813,0.32032225262130787,0,0
1655,2,0,0.0060784969048724305,0.007532754972890439,0,0
1656,4,0,0.03573788576578055,0.03996969826275927,0,0
1657,2,0,0.02470437013448391,0.028201830349167144,0,0
1658,1,0,0.5059705810825845,0.501082042339724,1,1
1659,5,0,0.005158386129163004,0.006391009805609206,0,0
1660,1,0,0.21648039990975,0.21789648762885533,0,0
1661,1,1,0.6933358092975896,0.6827019065622386,1,1
1662,5,1,0.0836865734274177,0.08916581561865947,0,0
1663,5,0,0.03669271993773388,0.04062503565791105,0,0
1664,5,0,0.017341352780371945,0.020252834703907457,0,0
1665,4,0,0.1326030629858997,0.1367944132291486,0,0
1666,4,1,0.30412791162251523,0.3069999403385027,0,0
1667,3,0,0.4734732905704545,0.4682849002751112,1,1
1668,3,1,0.6602523730386475,0.6519344090643218,1,1
1669,2,0,0.022388242572458448,0.02567253251550964,0,0
1670,5,0,0.3663094259737614,0.36619100454158976,0,0
1671,1,1,0.24386002388520467,0.24579522729153153,0,0
1672,2,1,0.5279236183884132,0.517751370094615,1,1
1673,1,1,0.6892115537297533,0.6765272025025393,1,1
1674,1,1,0.48469548712406196,0.48009397711443935,1,1
1675,2,1,0.4487297012616364,0.44449494958051583,1,1
1676,2,0,0.10972541784373036,0.11671853229398846,0,0
1677,4,0,0.02122174883749852,0.02418898663211492,0,0
1678,4,0,0.08610170558099138,0.09108614628226624,0,0
1679,4,0,0.0070672188150645915,0.008441363696802331,0,0
1680,1,0,0.008604785362153823,0.010678007863262054,0,0
1681,4,0,0.11926545735392807,0.12346993161578637,0,0
1682,3,1,0.7310641020504579,0.7194232627288797,1,1
1683,4,1,0.3044505474136732,0.30302536558106624,0,0
1684,1,0,0.6935387065774294,0.6816057693202036,1,1
1685,5,0,0.5478506060732592,0.5408339123963376,1,1
1686,5,0,0.30040143591013124,0.3030857463568287,0,0
1687,4,0,0.12350767231346077,0.12965656231255787,0,0
1688,2,0,0.48937295040804796,0.48399225775904575,1,1
1689,1,0,0.6573762043587928,0.6461204043134396,1,1
1690,5,1,0.6680297383453468,0.6583782639223053,1,1
1691,1,1,0.7059869070674963,0.6936956834052616,1,1
1692,4,0,0.5169130096061075,0.5061786813926179,1,1
1693,3,0,0.07510793720258281,0.08153847789401399,0,0
1694,3,0,0.017578568677028877,0.020425212129271005,0,0
1695,4,0,0.28559086079520674,0.2851479236355436,0,0
1696,2,0,0.013484169003703717,0.015941445279643765,0,0
1697,1,0,0.08975745599565423,0.09677709139417227,0,0
1698,3,0,0.18681111062062244,0.19037606530112283,0,0
1699,3,0,0.05955451198939426,0.06500286106600983,0,0
1700,3,0,0.09272397668951886,0.09775667433783755,0,0
1701,3,1,0.4841074713582437,0.47967541515028767,1,1
1702,1,0,0.0061766303164157346,0.007946731328235748,0,0
1703,2,0,0.014173808497616567,0.016788658490994143,0,0
1704,1,0,0.002607255022183131,0.0036083543366150967,0,0
1705,1,0,0.17858649200999635,0.18293928496713932,0,0
1706,2,0,0.2755110103999741,0.28142490826023414,0,0
1707,4,0,0.49224837575489716,0.4861771714500701,1,1
1708,3,0,0.03395485800968775,0.03786204900511586,0,0
1709,4,0,0.3449179771203098,0.3440909003657299,0,0
1710,2,0,0.10939935792148066,0.11591525232073174,0,0
1711,4,1,0.7543524279140374,0.743369645030056,1,1
1712,2,0,0.021844887407329365,0.025148921223025013,0,0
1713,3,0,0.02800982231371565,0.031966905243429114,0,0
1714,2,1,0.7265403451699723,0.7146085452930279,1,1
1715,4,0,0.22319354869991542,0.22464690174941587,0,0
1716,2,0,0.6186018215812926,0.607464160997067,1,1
1717,5,1,0.35080787693763704,0.35006788825182883,0,0
1718,3,0,0.1195150643961335,0.12535851585909819,0,0
1719,5,0,0.07158445731506485,0.07777350202493478,0,0
1720,2,0,0.14239319428994154,0.1507633661046305,0,0
1721,4,0,0.3153753895726296,0.3166983721205595,0,0
1722,3,0,0.5092829623251487,0.5034363728757062,1,1
1723,3,0,0.12392495994503087,0.12914173641088997,0,0
1724,3,0,0.1251122576366533,0.13104888459250888,0,0
1725,2,0,0.13506306268367144,0.14048494684667312,0,0
1726,1,0,0.41207304020493163,0.4078539507766322,1,1
1727,4,0,0.006150224617919948,0.007580154125642427,0,0
1728,5,0,0.48718307494324953,0.48237001353158204,1,1
1729,1,0,0.013197996221186116,0.016082350120262053,0,0
1730,3,1,0.6128614741639798,0.6023527945764752,1,1
1731,3,1,0.7112972938647867,0.7008250807590286,1,1
1732,5,0,0.25980398628374457,0.2604326575883439,0,0
1733,1,0,0.03329708379070194,0.037967218671394166,0,0
1734,1,0,0.03995959702415614,0.04538159345779561,0,0
1735,1,0,0.008861379142882755,0.010884947107127113,0,0
1736,1,1,0.6864585228684843,0.6743056435880016,1,1
1737,4,0,0.39882166750034276,0.3954427887254999,0,0
1738,5,1,0.6843778148253379,0.6735704772209894,1,1
1739,5,0,0.022664495866022663,0.025746657348885878,0,0
1740,1,0,0.0659083403695249,0.07178827774400157,0,0
1741,2,0,0.09241399813165352,0.0984341594019522,0,0
1742,4,1,0.7768819819316596,0.7656765259874121,1,1
1743,2,0,0.09082892499961288,0.09781221566907353,0,0
1744,1,0,0.4931766001416221,0.4874706595142418,1,1
1745,5,0,0.34113606216393816,0.3404427361951601,0,0
1746,2,0,0.655586013023922,0.644444236869492,1,1
1747,2,0,0.05118429377788651,0.056134615482439566,0,0
1748,2,1,0.3949987078396877,0.393485510430539,0,0
1749,2,0,0.0030909637183181844,0.003939312535943387,0,0
1750,1,0,0.05428505062842359,0.05982135896094241,0,0
1751,2,0,0.006046547582604883,0.007431826575150244,0,0
1752,1,0,0.04077828721998346,0.04550130188100241,0,0
1753,4,0,0.12095980665458354,0.12567723278233692,0,0
1754,1,0,0.398692638888512,0.39867143167164865,0,0
1755,2,1,0.8008228372966644,0.7885846181540972,1,1
1756,3,1,0.18601366387880205,0.19122367919533917,0,0
1757,3,0,0.005282427729267382,0.0065736352449603476,0,0
1758,5,0,0.2905530126818014,0.2956042342950536,0,0
1759,2,1,0.8040728438252631,0.7913774871359724,1,1
1760,3,0,0.024161554322249965,0.027061985041324843,0,0
1761,5,0,0.010895158923610634,0.013119212537738775,0,0
1762,1,1,0.733387923698547,0.7204738828623259,1,1
1763,4,0,0.051673321383806356,0.05604517345871205,0,0
1764,5,0,0.07669228454091667,0.08191469480895044,0,0
1765,4,0,0.12192051576363822,0.12708322820961224,0,0
1766,5,0,0.006408818709397771,0.00784280469100938,0,0
1767,4,0,0.17943886915911436,0.1848929941927343,0,0
1768,1,0,0.054959495207503054,0.06081598352413833,0,0
1769,3,1,0.5912557267891069,0.5834703141219137,1,1
1770,1,0,0.06581437998214722,0.07049394661962868,0,0
1771,2,1,0.12462173527309575,0.13076045112020962,0,0
1772,5,0,0.39075910897766686,0.39007440223776085,0,0
1773,5,1,0.8290680561068523,0.8184137099643779,1,1
1774,3,0,0.19719885262385206,0.20001757791378028,0,0
1775,1,0,0.2225653774568192,0.22445469000118345,0,0
1776,3,0,0.06817559422094423,0.07376457065522937,0,0
1777,2,0,0.041976694624438024,0.046961475925966605,0,0
1778,3,1,0.6459929937607711,0.635945433379977,1,1
1779,2,0,0.011496031411766482,0.013678890337064254,0,0
1780,1,0,0.2726156745634483,0.2750652875617222,0,0
1781,2,0,0.0110596742277156,0.013191085910621616,0,0
1782,1,0,0.5900536668533978,0.5842382985900698,1,1
1783,2,0,0.01117156274670827,0.01334639911438939,0,0
1784,3,0,0.0032524510378826696,0.004058995627728434,0,0
1785,5,0,0.4567788556721599,0.4520878861680188,1,1
1786,4,1,0.5927238965111435,0.5827886456939448,1,1
1787,2,1,0.5522804492181995,0.5443510674476238,1,1
1788,3,0,0.1579896015930189,0.1649137910242952,0,0
1789,2,0,0.03852078158911627,0.04341633624714876,0,0
1790,5,0,0.013675310572820672,0.016236673551373093,0,0
1791,4,0,0.6070182472992872,0.5975721469553175,1,1
1792,3,0,0.009587304982606196,0.011447552984992984,0,0
1793,3,0,0.04200762778452406,0.046633770423266704,0,0
1794,1,0,0.037622894213433844,0.043044935109010626,0,0
1795,1,0,0.06963230565493055,0.07665692191846173,0,0
1796,4,0,0.6230250204274712,0.6162121155372815,1,1
1797,4,0,0.13572183759796394,0.14154997450899776,0,0
1798,5,0,0.005409619112193577,0.006648677826087962,0,0
1799,3,0,0.017652419113764986,0.019983153628247836,0,0
1800,5,0,0.007306612990606356,0.008782097981631593,0,0
1801,5,0,0.42461731683114384,0.4194447969146909,1,1
1802,5,1,0.06154117006096184,0.0669020037454077,0,0
1803,1,0,0.07004464643020776,0.07601393154156985,0,0
1804,1,0,0.008425144311889227,0.010625069832772288,0,0
1805,5,0,0.29953673955097443,0.30272603062649617,0,0
1806,3,0,0.06383146651507242,0.06947754736767528,0,0
1807,4,0,0.49183553532244084,0.48616775943181467,1,1
1808,4,0,0.006312785425056736,0.007856963499916709,0,0
1809,4,0,0.0077181566515722435,0.00925544851634434,0,0
1810,5,0,0.029579108110911044,0.03310542463956273,0,0
1811,2,0,0.2427908527021956,0.2480463104920383,0,0
1812,1,0,0.06056202926526536,0.0665716432598884,0,0
1813,5,0,0.04483828370621868,0.049256287892466936,0,0
1814,4,0,0.023651772364527673,0.027151579701808315,0,0
1815,4,0,0.05369641642059702,0.05850791039723391,0,0
1816,3,0,0.11363791657584,0.1202994431618472,0,0
1817,5,1,0.7557838701540907,0.7454912166485232,1,1
1818,2,1,0.4157500797217744,0.4140569331085314,1,1
1819,2,0,0.048767586584689625,0.05396797242792456,0,0
1820,1,0,0.059517733381225756,0.06430090994188205,0,0
1821,1,0,0.0105063504305969,0.013124631811690546,0,0
1822,4,1,0.5583404403789392,0.5518018803377551,1,1
1823,2,1,0.7322442147162099,0.7206988071389514,1,1
1824,3,0,0.5687391747849683,0.5612244186519788,1,1
1825,5,0,0.4665714380085566,0.4629013465649562,1,1
1826,3,0,0.025541880606899145,0.02918562894844321,0,0
1827,2,1,0.40704752296168006,0.4062085638494775,1,1
1828,3,0,0.43265574388275335,0.4289609999755094,1,1
1829,5,1,0.3350467200371554,0.3333802645744306,0,0
1830,2,0,0.005235179157534644,0.006499957110559574,0,0
1831,1,0,0.7248617843107485,0.7134102801380682,1,1
1832,5,1,0.3710944235030941,0.3710153404844374,0,0
1833,4,1,0.30004936753023814,0.29927522861109135,0,0
1834,5,1,0.6367139722106819,0.6284576817971006,1,1
1835,4,0,0.2170593735393397,0.22014106224690888,0,0
1836,2,1,0.2655967173921158,0.26691622089942235,0,0
1837,5,0,0.33206618953965583,0.3349118795861566,0,0
1838,4,1,0.07519887846558743,0.0797279570832238,0,0
1839,3,0,0.031965549608248996,0.03503281580301635,0,0
1840,2,1,0.7707192280103717,0.7579475554852272,1,1
1841,3,0,0.02006976350303542,0.022660792541838136,0,0
1842,3,0,0.01527037306136198,0.01753438410394596,0,0
1843,2,1,0.7236801668586652,0.7111930950072488,1,1
1844,5,1,0.6493032474492457,0.6385480332078928,1,1
1845,4,0,0.4949564646334097,0.4906029312880674,1,1
1846,5,1,0.19550543684541677,0.19918362951960722,0,0
1847,3,0,0.014282312378467315,0.016790025748638786,0,0
1848,2,0,0.013320300621803841,0.015773688284651782,0,0
1849,1,1,0.43012512313633594,0.4247111240823086,1,1
1850,4,0,0.09519612277893626,0.1002710731590674,0,0
1851,4,0,0.40611082813838656,0.401783288493266,1,1
1852,1,0,0.7057585248136433,0.6924638717476863,1,1
1853,3,0,0.14553509141275295,0.15120040699594356,0,0
1854,4,0,0.06457642539382023,0.07025671879547439,0,0
1855,2,0,0.08742922491607996,0.09417697159158109,0,0
1856,3,0,0.010751588397752568,0.012775711269207037,0,0
1857,1,0,0.2965604354528475,0.30056377944240165,0,0
1858,5,0,0.04883339844142457,0.0537136300540221,0,0
1859,5,0,0.21721283436842637,0.2216867531914904,0,0
1860,1,0,0.15526565790014962,0.16048767911629522,0,0
1861,1,0,0.005054629917349387,0.006679848897516406,0,0
1862,5,0,0.029528157116943822,0.033213085406113056,0,0
1863,5,0,0.6229415602194397,0.6134992430148133,1,1
1864,2,0,0.016876851075742605,0.01971950994648447,0,0
1865,2,0,0.2656131864543219,0.2656235870892728,0,0
1866,2,1,0.6014542812339186,0.5939983918941341,1,1
1867,4,0,0.26703947035458114,0.26727643144324376,0,0
1868,2,0,0.09960865973396199,0.10490811724425204,0,0
1869,5,0,0.46013833791456016,0.45886209404319234,1,1
1870,4,0,0.4824206293962523,0.4766281795733855,1,1
1871,2,0,0.06256905347299874,0.06853242577099941,0,0
1872,5,0,0.04425632925451602,0.04887384156602497,0,0
1873,3,0,0.02914441162518749,0.0331651379454958,0,0
1874,3,0,0.6440869018523172,0.6333965186590474,1,1
1875,3,0,0.26474312439097164,0.2690250440890255,0,0
1876,5,1,0.5048880965241778,0.49617023384693776,1,1
1877,2,1,0.22890063094521423,0.231666503010901,0,0
1878,5,0,0.0018633781500459932,0.002456571029812722,0,0
1879,3,1,0.7587817671605133,0.7464218281236454,1,1
1880,3,0,0.03664299429040919,0.04122601350166853,0,0
1881,2,0,0.04536620561386194,0.05016556713567762,0,0
1882,1,0,0.44078230570454174,0.43518443217385333,1,1
1883,3,0,0.07801446266289008,0.08480083854673445,0,0
1884,1,0,0.1877660882593577,0.19075218175383574,0,0
1885,1,0,0.054999953123009024,0.06054018805472786,0,0
1886,5,0,0.08347608291969495,0.0888787112795183,0,0
1887,4,0,0.03732380258466666,0.04164364794602314,0,0
1888,1,0,0.020211648391207974,0.023754156330847234,0,0
1889,4,0,0.7725949775156739,0.7615070163160299,1,1
1890,3,0,0.010458689771263279,0.012370559606459854,0,0
1891,5,0,0.1950451486409374,0.1975690492574207,0,0
1892,2,0,0.7275956050969207,0.7149885335055791,1,1
1893,3,0,0.03709068590134529,0.04099316573996703,0,0
1894,3,0,0.0068532543035558155,0.008424851803414627,0,0
1895,5,0,0.10305315177200959,0.10917938135052477,0,0
1896,2,0,0.013002234244128847,0.015282674232716753,0,0
1897,4,0,0.0037231129764646203,0.004605195833527977,0,0
1898,2,0,0.12300768501446989,0.12924514634625578,0,0
1899,1,0,0.5471743572285545,0.5376608642476868,1,1
1900,1,0,0.6086907382861826,0.5953094994095491,1,1
1901,2,0,0.5173390937921916,0.5109217952199502,1,1
1902,4,1,0.6567917813094812,0.6484785203505241,1,1
1903,3,0,0.04295434325825967,0.04675712206789544,0,0
1904,4,0,0.05220574164339513,0.05598340729383614,0,0
1905,2,0,0.010632556975102372,0.012772256806821564,0,0
1906,4,0,0.2077312675150828,0.20970442409542578,0,0
1907,2,0,0.042309094362824234,0.04661964295403932,0,0
1908,5,0,0.0881080202079407,0.09443642643355328,0,0
1909,4,1,0.4154506747871474,0.41185271433508525,1,1
1910,3,1,0.47750380417892796,0.46995922974831517,1,1
1911,1,0,0.2312148759771703,0.23327761826192747,0,0
1912,4,0,0.06963051429859239,0.07421218827779841,0,0
1913,1,0,0.3481816340081058,0.345716923510548,0,0
1914,1,0,0.4048849766787718,0.4015681907530781,1,1
1915,3,0,0.3877896234011852,0.3854678623651161,0,0
1916,4,0,0.06441950397080307,0.06889773435691876,0,0
1917,5,0,0.7168291491213646,0.7066767534492256,1,1
1918,1,0,0.6095098704657822,0.598270443079039,1,1
1919,2,0,0.028655987103170338,0.03268732373262256,0,0
1920,3,0,0.10462324400186412,0.1102462081207289,0,0
1921,5,0,0.5857782492422604,0.5786250986849827,1,1
1922,2,0,0.5848224609753426,0.5759732298100272,1,1
1923,4,1,0.25395307551636304,0.25537131607409413,0,0
1924,5,0,0.0844825176377785,0.0903358196465347,0,0
1925,1,0,0.48101044548253963,0.4784979816856126,1,1
1926,4,1,0.7683471664815604,0.7572872258238509,1,1
1927,5,0,0.47777282843358104,0.47182569117976386,1,1
1928,1,0,0.5333244310932388,0.520938610185721,1,1
1929,3,0,0.3451042559217166,0.34391968896910036,0,0
1930,2,0,0.28708152297917655,0.29132381399781954,0,0
1931,5,0,0.022874708908294926,0.026121223617848233,0,0
1932,1,0,0.17139273250829534,0.1762550254748339,0,0
1933,5,1,0.6980466213251809,0.6879669005148126,1,1
1934,5,1,0.7541281198804585,0.7440832199041761,1,1
1935,5,1,0.7081163498128626,0.6978085173200876,1,1
1936,1,0,0.0043067992998113945,0.005732355673413164,0,0
1937,5,0,0.33540335115624975,0.3345631036786873,0,0
1938,3,0,0.02869580047798989,0.031987858758433865,0,0
1939,3,1,0.03465962032394209,0.03888590293734538,0,0
1940,5,0,0.051227104188597467,0.05554648138145568,0,0
1941,5,1,0.47450200373171275,0.47060885090253424,1,1
1942,2,0,0.41376763892370044,0.41017407495447583,1,1
1943,5,0,0.3766747845570553,0.3764155977281167,0,0
1944,5,0,0.4896578329279928,0.4836266765448863,1,1
1945,5,0,0.33275160137828175,0.3319818123997469,0,0
1946,1,0,0.05673993129412556,0.0633721954722537,0,0
1947,3,0,0.7507307773763601,0.7396055317894815,1,1
1948,4,0,0.06448175400836327,0.0693236346310675,0,0
1949,2,1,0.09432109005698668,0.10098504038108262,0,0
1950,3,0,0.10923735191032405,0.11602451054311377,0,0
1951,2,0,0.33831576407787356,0.33869628008922126,0,0
1952,2,1,0.6315276173694534,0.6192636214448448,1,1
1953,3,1,0.43782261036521936,0.43015233565107935,1,1
1954,3,0,0.03431086652410337,0.03855921512962818,0,0
1955,2,1,0.5791732919284025,0.5705861787089035,1,1
1956,2,0,0.026477075966508633,0.030018408703706145,0,0
1957,4,0,0.1634509529870829,0.16614242639135773,0,0
1958,5,0,0.298980231859696,0.30268018343507724,0,0
1959,4,0,0.35328676723499386,0.3543109086364045,0,0
1960,2,0,0.05648536795952601,0.06145187197536965,0,0
1961,3,0,0.6174327647253007,0.61072390668804,1,1
1962,5,1,0.7940064328174526,0.7832959604813757,1,1
1963,2,0,0.04128755294881808,0.04594619986516074,0,0
1964,4,1,0.6722447661646946,0.6621697450761257,1,1
1965,4,0,0.22699008318986658,0.22938754105091422,0,0
1966,5,1,0.5859477335278896,0.5796052726969002,1,1
1967,4,0,0.6462520373693795,0.6362601501916252,1,1
1968,1,1,0.7357166659313304,0.7242344930198941,1,1
1969,3,0,0.30932014692390336,0.30886485109159,0,0
1970,2,0,0.04516655827959959,0.05013356547315804,0,0
1971,3,1,0.2702377914149564,0.2724176704757835,0,0
1972,2,1,0.6255582433997685,0.6155353860612032,1,1
1973,2,1,0.6206781747176487,0.6112994021454204,1,1
1974,1,0,0.18743447772957256,0.19280332944723816,0,0
1975,3,0,0.1445266283455534,0.14929555607798264,0,0
1976,4,0,0.20987007681429706,0.212988404429218,0,0
1977,1,0,0.0036360220418965613,0.0048901861972891186,0,0
1978,2,0,0.005017873243408522,0.0062773043843533955,0,0
1979,2,0,0.24200439109653613,0.24657676139861545,0,0
1980,1,1,0.7716465712546065,0.7591127171040684,1,1
1981,5,0,0.0031482969422992834,0.004017066245385343,0,0
1982,5,0,0.28368109885149173,0.2856986106210611,0,0
1983,4,1,0.6382443286552536,0.626674007174692,1,1
1984,2,0,0.031852467002164375,0.035853244586899514,0,0
1985,1,0,0.004081086589025362,0.00552020890830688,0,0
1986,2,1,0.3893834854864252,0.3835913200948312,0,0
1987,2,0,0.007598460573608297,0.009282621308809809,0,0
1988,4,0,0.14581769774056735,0.14901164220187807,0,0
1989,1,0,0.49863635661450645,0.49112053753975016,1,1
1990,5,0,0.032226034387214754,0.03633992711857378,0,0
1991,5,0,0.012080130904663205,0.014231418704963212,0,0
1992,1,0,0.5151933075457298,0.5085250854448575,1,1
1993,3,0,0.32673526037127304,0.32758406828341735,0,0
1994,2,1,0.4034319077564019,0.3964487401562185,1,0
1995,4,0,0.007707578624714502,0.009320983707413247,0,0
1996,3,0,0.5448518738897697,0.5365730640591682,1,1
1997,3,1,0.3061869698582802,0.30664426534786454,0,0
1998,5,0,0.10101299128869734,0.1061660904604329,0,0
1999,3,1,0.6312506126650576,0.6232360426731255,1,1
2000,5,0,0.35831288433318986,0.35999304029571405,0,0
2001,4,0,0.09317678862507348,0.09830904371326646,0,0
2002,3,1,0.4483609523486982,0.4443637567659707,1,1
2003,1,0,0.7415409308665439,0.7274899798440545,1,1
2004,2,1,0.368103639717296,0.3653736905924447,0,0
2005,4,0,0.034784613093531,0.03882204551944974,0,0
2006,5,0,0.15843817820366243,0.1621769334805229,0,0
2007,2,0,0.18277958624036045,0.18764641701250168,0,0
2008,3,0,0.025932658825941257,0.02991204423933705,0,0
2009,3,0,0.04425763224613868,0.0493031551659399,0,0
2010,3,0,0.0016424884948056506,0.0022492513562885966,0,0
2011,3,0,0.010292138291653782,0.012782342484263543,0,0
2012,2,1,0.5830280467784086,0.5750870430187635,1,1
2013,2,0,0.02523410272782655,0.028799515746969172,0,0
2014,5,0,0.003498285532644717,0.004363826340245224,0,0
2015,1,0,0.00405374617512545,0.005507114530176756,0,0
2016,1,0,0.0970174811848189,0.1031102845238939,0,0
2017,4,0,0.00532567288224066,0.006566326043841347,0,0
2018,5,1,0.6990541682679835,0.6889557924719645,1,1
2019,2,0,0.18936669038611498,0.1949101870956149,0,0
2020,2,0,0.0861376154893015,0.09242246351366949,0,0
2021,1,0,0.0027657578153794755,0.0037848249486696307,0,0
2022,4,1,0.6541034286694674,0.6443551091783687,1,1
2023,1,0,0.06604878066246216,0.071617598509226,0,0
2024,1,0,0.759681927342485,0.7471629851760203,1,1
2025,2,0,0.02435432299096481,0.027909583248251452,0,0
2026,5,1,0.4798059815501715,0.4747818324855063,1,1
2027,1,0,0.06365763292952174,0.06933779783934613,0,0
2028,5,0,0.005411746510789111,0.006602924072237594,0,0
2029,4,0,0.00258622120362059,0.0032674205953011166,0,0
2030,2,0,0.02845938614359947,0.03269711774628923,0,0
2031,2,1,0.19602838301879708,0.20021532234534895,0,0
2032,3,1,0.7689529827410523,0.7560539518507514,1,1
2033,5,1,0.6474650185401317,0.6367539811084532,1,1
2034,2,1,0.04793143257058445,0.05312156517578953,0,0
2035,2,0,0.004663083126937648,0.0058360417566228505,0,0
2036,4,0,0.2357571634967988,0.24019343762786355,0,0
2037,5,0,0.06845026144713966,0.07398281670840254,0,0
2038,3,0,0.023506419005969708,0.026351807324613737,0,0
2039,3,1,0.045965415269515836,0.05116898274073125,0,0
2040,5,0,0.03770081673363676,0.041871982011378275,0,0
2041,4,0,0.07528032145704527,0.08194420384222156,0,0
2042,4,0,0.004775461753978316,0.00579336858779539,0,0
2043,3,0,0.05967340960559019,0.0634687452452431,0,0
2044,5,0,0.013750741316530903,0.01612221702117886,0,0
2045,4,0,0.08086450397475219,0.08649464032675563,0,0
2046,1,0,0.2859026668673574,0.28867192741200687,0,0
2047,5,0,0.19049892570729715,0.19699401931189095,0,0
2048,3,0,0.009362272737958865,0.011256480446852415,0,0
2049,5,0,0.5927943179146175,0.5863172773014484,1,1
2050,4,0,0.20684813499015475,0.20897708244249022,0,0
2051,3,0,0.1366686174570138,0.1420104061442135,0,0
2052,1,0,0.025288014779979787,0.029966812236430128,0,0
2053,1,0,0.26735809485211137,0.271633577325718,0,0
2054,3,0,0.2342081622912987,0.23921025484283379,0,0
2055,1,0,0.3435880838575017,0.3432119611361436,0,0
2056,3,0,0.015208591238610986,0.01830081086323098,0,0
2057,3,0,0.0791910239746014,0.08302763031630453,0,0
2058,2,1,0.3339527706577282,0.3325678043190204,0,0
2059,2,0,0.035792827000254324,0.040080048568183195,0,0
2060,4,0,0.01498722323790909,0.01739956485499631,0,0
2061,4,1,0.5336408603851817,0.5267651813609666,1,1
2062,3,1,0.21138020841866478,0.21729844516225647,0,0
2063,4,0,0.05273119020007922,0.05758096819705407,0,0
2064,5,0,0.012860048705344998,0.015114478244851307,0,0
2065,5,1,0.35191762333802235,0.3501499939699475,0,0
2066,3,0,0.026323988574164715,0.029669716808250618,0,0
2067,5,1,0.5664486285226313,0.557927729654289,1,1
2068,2,0,0.13125827180281432,0.1385867103633953,0,0
2069,5,0,0.003270021030826485,0.004119322152311013,0,0
2070,5,1,0.4794383906219025,0.47412054107473267,1,1
2071,3,1,0.5538689990967572,0.5439186685609194,1,1
2072,2,0,0.22992694337419103,0.23189134976151776,0,0
2073,5,1,0.8349113940599955,0.8243291085458105,1,1
2074,2,0,0.0076811664057192235,0.00934469084150753,0,0
2075,1,0,0.1346906490939476,0.1401074693200553,0,0
2076,4,0,0.6840798320652249,0.6736946146601581,1,1
2077,5,0,0.011005448366614358,0.01302569802517054,0,0
2078,2,0,0.026141924824831984,0.029584548793226674,0,0
2079,4,1,0.7788441619084213,0.7684470401776743,1,1
2080,1,0,0.3860189848197364,0.38233610882009683,0,0
2081,5,0,0.11790625984613354,0.12273713980809539,0,0
2082,5,0,0.0030816486800192334,0.0039032747539822347,0,0
2083,3,0,0.08970390088646138,0.09298076637450227,0,0
2084,4,0,0.11762606579459366,0.12344353531186261,0,0
2085,3,0,0.1478412823120632,0.15194336668412087,0,0
2086,1,0,0.6574494449900805,0.6458018108300972,1,1
2087,4,0,0.16976146795740818,0.1725955758036137,0,0
2088,4,0,0.08780244306319822,0.09161725525487326,0,0
2089,1,0,0.45529500036619414,0.45011082508279115,1,1
2090,4,1,0.7425593972943113,0.7324643477399418,1,1
2091,3,1,0.379803778639128,0.3785189719275989,0,0
2092,3,1,0.35526741925737115,0.35193836795844124,0,0
2093,1,1,0.101833956051214,0.10851785248356291,0,0
2094,1,0,0.2990938383948468,0.30351741571506874,0,0
2095,1,1,0.6411998081961513,0.6298080781559856,1,1
2096,5,1,0.0677145564755258,0.073151136322767,0,0
2097,2,0,0.017038228802131145,0.01994284915221396,0,0
2098,1,0,0.039896196063515056,0.04506216175770691,0,0
2099,2,1,0.569428661802696,0.5622784548100519,1,1
2100,3,0,0.2242020007575895,0.22839896408476495,0,0
2101,3,0,0.014283350707980282,0.016410296497222667,0,0
2102,5,0,0.19433551318404296,0.2008708058599069,0,0
2103,3,0,0.17325617425869558,0.1798891033334556,0,0
2104,2,0,0.2180265592693637,0.22176181170191644,0,0
2105,5,0,0.03476492282057876,0.039636793653421,0,0
2106,4,0,0.02536554877791825,0.028560218277293048,0,0
2107,5,0,0.4369148754164578,0.4357591752170385,1,1
2108,4,1,0.5463336783734039,0.5406106701041787,1,1
2109,1,0,0.03902100228784679,0.04376621806706226,0,0
2110,4,1,0.7992522432228626,0.787442537457731,1,1
2111,1,0,0.021523559272846483,0.0255783241994333,0,0
2112,3,0,0.08184551175342726,0.08722483587089433,0,0
2113,5,1,0.7013665228687999,0.6923937159864026,1,1
2114,3,0,0.021502010046156258,0.02459957554285726,0,0
2115,4,0,0.2212268765225595,0.22619676154518617,0,0
2116,3,1,0.3663261635014706,0.36490231955034524,0,0
2117,1,1,0.5948308256819113,0.5822867136091083,1,1
2118,5,1,0.3125799842836817,0.3138934216430454,0,0
2119,3,0,0.22828309797242147,0.2311342922025214,0,0
2120,1,0,0.0251548955128683,0.02922233651600336,0,0
2121,5,0,0.23230942004530747,0.23518755463791882,0,0
2122,5,0,0.19087878235933206,0.1969895407317844,0,0
2123,3,0,0.0034094935960460072,0.004389180534972248,0,0
2124,3,0,0.4641009192181147,0.4606436559479633,1,1
2125,2,1,0.6285458827047887,0.6167603259540612,1,1
2126,3,1,0.7762852036327933,0.7636080570800337,1,1
2127,1,1,0.522030429358735,0.5167185283627361,1,1
2128,2,0,0.08011137212786595,0.08624610423268851,0,0
2129,2,0,0.28657045909093876,0.2900702552619401,0,0
2130,2,0,0.027609804835306184,0.031379903922498745,0,0
2131,3,0,0.019601384734319983,0.022386091499069054,0,0
2132,2,1,0.6917595452699231,0.6786587276740719,1,1
2133,4,0,0.08888523379005564,0.09409854766962202,0,0
2134,4,0,0.226716953035952,0.22904937073206133,0,0
2135,2,0,0.04318331136249506,0.04802768746079631,0,0
2136,1,1,0.14469205328132217,0.14935103486052043,0,0
2137,3,1,0.5848126204775623,0.5757806292498643,1,1
2138,1,0,0.1233215692026363,0.12924185267196742,0,0
2139,4,0,0.28294656681135727,0.28255020955450016,0,0
2140,2,0,0.03480238652549635,0.039232549627647044,0,0
2141,1,1,0.5290804834700479,0.5211715237099066,1,1
2142,2,0,0.20173439866630757,0.20707740268634472,0,0
2143,3,0,0.00579935303230682,0.007215859003386777,0,0
2144,2,0,0.0319539847310423,0.035974903297674846,0,0
2145,4,1,0.6027024853309754,0.5956241525249317,1,1
2146,4,0,0.03676303267393044,0.04094793607921189,0,0
2147,1,1,0.7460734029278702,0.7314809822557375,1,1
2148,5,0,0.007310144679220076,0.008954563087588553,0,0
2149,2,1,0.42007188083365815,0.41710983411232905,1,1
2150,3,0,0.13797958564413598,0.14312945483131048,0,0
2151,1,0,0.03504382091602162,0.039975022346208124,0,0
2152,1,1,0.6259507284010973,0.6174379179142977,1,1
2153,4,0,0.40766136973231154,0.403691096462235,1,1
2154,5,1,0.7238962919337929,0.7124417479489024,1,1
2155,2,0,0.05808650526283448,0.0637507340007628,0,0
2156,5,1,0.6031941322210713,0.596839492283322,1,1
2157,4,0,0.2631348932897967,0.2651496892830825,0,0
2158,5,0,0.0022564559416044043,0.002943603991959352,0,0
2159,5,0,0.11417167217732119,0.11877848810735228,0,0
2160,3,0,0.04038656577883316,0.04453655606141141,0,0
2161,3,0,0.00436852909357267,0.00546741781847577,0,0
2162,1,0,0.17233537826400078,0.17664161793957836,0,0
2163,5,0,0.5386936703468771,0.535831275741506,1,1
2164,4,0,0.24642266140175476,0.24949803984051622,0,0
2165,1,0,0.004735995041954498,0.006225592463483583,0,0
2166,1,0,0.4750013798660347,0.4682804364217237,1,1
2167,4,1,0.48158012446548754,0.47682658313486553,1,1
2168,2,0,0.03886369305932609,0.04362634523505564,0,0
2169,3,0,0.002280298994890321,0.0030532557392063684,0,0
2170,1,1,0.6017570472501191,0.5918218529861241,1,1
2171,4,1,0.6886238192685171,0.6786732895839604,1,1
2172,1,1,0.7103836774676153,0.7005723911895898,1,1
2173,5,0,0.3291717447447236,0.3301749184764647,0,0
2174,1,0,0.04418103108454751,0.04939208165014346,0,0
2175,4,1,0.27225244078819155,0.27530640107474785,0,0
2176,1,0,0.22655314055636558,0.22936919515213408,0,0
2177,2,0,0.09377487379466222,0.10058709922225972,0,0
2178,2,0,0.22601680576606764,0.23022392206177936,0,0
2179,4,0,0.010634581896615395,0.0124789016516988,0,0
2180,3,0,0.007576559371572521,0.009161692300951249,0,0
2181,2,0,0.02014208399429299,0.023460268789217767,0,0
2182,1,1,0.38921552106518364,0.3891935303819099,0,0
2183,2,1,0.7094496669102334,0.6973087153324837,1,1
2184,4,0,0.006485815313047297,0.008108599409424943,0,0
2185,2,0,0.5682263836736411,0.557991072807907,1,1
2186,4,0,0.01814561923739433,0.020827545193895514,0,0
2187,1,1,0.7301536723516384,0.7165739284947994,1,1
2188,2,0,0.2128340914352498,0.2166849427457563,0,0
2189,3,0,0.17662769056967093,0.18101570310903486,0,0
2190,2,0,0.4769814215041732,0.47302102580274175,1,1
2191,1,0,0.11212330967342872,0.1181188340621793,0,0
2192,4,0,0.30235901726052683,0.3035311718328816,0,0
2193,5,0,0.2975931099950708,0.2971160834424446,0,0
2194,4,0,0.16469012125137283,0.1683221255492113,0,0
2195,5,0,0.024359233594571008,0.027847807168069706,0,0
2196,3,0,0.14971800802339943,0.15486175786114217,0,0
2197,3,1,0.3733990692816112,0.37243169234444423,0,0
2198,2,1,0.7807508339098274,0.7678002395417076,1,1
2199,2,0,0.05015249936621496,0.054970749158135344,0,0
2200,4,1,0.8066768160158377,0.7954662397745025,1,1
2201,5,0,0.012233954015654967,0.014375340026870298,0,0
2202,4,0,0.21265918101151016,0.2151374938146909,0,0
2203,4,1,0.6896385330480016,0.6787839387813299,1,1
2204,4,0,0.10413733664962847,0.11079762482753278,0,0
2205,1,0,0.13046626287917407,0.13582136767529623,0,0
2206,3,0,0.28854256495339664,0.2911569062412548,0,0
2207,3,1,0.0860333823760033,0.0918405795489327,0,0
2208,4,0,0.30727212720750313,0.3069738899995081,0,0
2209,4,0,0.04869745367014691,0.05308663942666693,0,0
2210,2,1,0.19931004826019685,0.2039543760461972,0,0
2211,2,0,0.04312611745706631,0.048362033301767735,0,0
2212,2,0,0.16887754600623286,0.17391248464111264,0,0
2213,2,0,0.19936315163099602,0.20258839788734692,0,0
2214,3,0,0.044827678546531,0.04997945432832569,0,0
2215,5,0,0.10722796211306526,0.11306581045902542,0,0
2216,5,0,0.1561623266997259,0.16029167189955934,0,0
2217,3,0,0.06557140063717062,0.07132263411583654,0,0
2218,5,1,0.10942833289079117,0.1137446570739746,0,0
2219,3,1,0.6875062179564425,0.6727713648509187,1,1
2220,4,0,0.22655375782228884,0.22788984563364162,0,0
2221,4,0,0.00888654358869276,0.010322959100179292,0,0
2222,1,0,0.28662560700970197,0.2871670071097061,0,0
2223,2,0,0.2708847376858722,0.27457896698491185,0,0
2224,1,1,0.059517773008875785,0.06594479521088852,0,0
2225,1,1,0.4901042705473002,0.48416466410252823,1,1
2226,2,0,0.31279435612957707,0.3146978176648108,0,0
2227,2,1,0.7367690160004596,0.7239019048263342,1,1
2228,3,1,0.045785559577747235,0.05055307624877161,0,0
2229,3,0,0.5884318730997831,0.5800378889082038,1,1
2230,4,0,0.03907336408890052,0.043041796030464895,0,0
2231,2,0,0.3668236061503893,0.36398845847502526,0,0
2232,5,1,0.5942254836214812,0.5859157389428352,1,1
2233,1,0,0.04138941859972141,0.04689328931486035,0,0
2234,2,0,0.0028240597173208055,0.0036437570914566106,0,0
2235,5,1,0.13366492516783007,0.14039155706756054,0,0
2236,3,0,0.02568972246999957,0.029163821996378014,0,0
2237,3,0,0.2924931888281943,0.2938668466682346,0,0
2238,4,0,0.6774362150079402,0.6668724450029335,1,1
2239,1,0,0.13608111858311803,0.1431831706085607,0,0
2240,2,1,0.7276456505128468,0.7158158602938055,1,1
2241,4,0,0.2506565804167483,0.2519123026700326,0,0
2242,4,1,0.7967452748594142,0.7856284052780199,1,1
2243,1,1,0.6953691477499148,0.6835109897420115,1,1
2244,2,0,0.007777378474908089,0.009554773305452107,0,0
2245,2,0,0.07666565155153347,0.08209342275539225,0,0
2246,4,1,0.6004301978086248,0.5911437540695625,1,1
2247,1,0,0.008726965393626983,0.011033605250754062,0,0
2248,3,0,0.0064659034907381,0.007834696944298914,0,0
2249,3,0,0.06854348236791732,0.07402626431639138,0,0
2250,4,0,0.5802798463013813,0.5727039902953047,1,1
2251,3,0,0.1575323000626076,0.16138380126938418,0,0
2252,3,0,0.0073741884347627105,0.00907062694706794,0,0
2253,5,0,0.003623517816078826,0.004584399724982475,0,0
2254,5,0,0.00948940005952757,0.011305721636187982,0,0
2255,1,1,0.5333704418075256,0.5298691614642482,1,1
2256,5,0,0.09077671544270093,0.09602354314783014,0,0
2257,1,0,0.008199014323368723,0.010391435966447945,0,0
2258,5,1,0.28099690973037533,0.28257563560573973,0,0
2259,1,0,0.3069137159682428,0.3085984350232339,0,0
2260,1,1,0.7865570728824062,0.7723812180083606,1,1
2261,4,1,0.07551368303545045,0.07967841897669971,0,0
2262,1,0,0.010378095341974192,0.012989121319312758,0,0
2263,4,0,0.004287376345497692,0.0053073672816315795,0,0
2264,3,0,0.22935422432383157,0.23436342728825013,0,0
2265,4,0,0.19973736323574742,0.20394594613098901,0,0
2266,2,0,0.3887988046823773,0.3870470990210987,0,0
2267,4,0,0.06872778061104828,0.07424007960871992,0,0
2268,2,1,0.6694015518958967,0.658318223800509,1,1
2269,4,0,0.06271610394028093,0.06732022781178892,0,0
2270,5,0,0.009377701825240756,0.011366055231665732,0,0
2271,1,0,0.010526328685884254,0.013053542630935711,0,0
2272,1,0,0.02483906927474142,0.028674023877625986,0,0
2273,2,0,0.010316791046118488,0.012334170950733709,0,0
2274,5,0,0.00797577231035668,0.009546071318520333,0,0
2275,1,0,0.1605564301301512,0.16621390450273413,0,0
2276,5,0,0.5429826086769658,0.5345696029839792,1,1
2277,4,0,0.35087325460022717,0.3479713235960265,0,0
2278,1,0,0.0030261868364683917,0.004129624093593964,0,0
2279,3,0,0.5620797009638787,0.5547286763470444,1,1
2280,1,0,0.38307291451553543,0.38063090577048675,0,0
2281,5,0,0.06963112101803928,0.07552212822089188,0,0
2282,4,0,0.14954959625239708,0.15325062995733357,0,0
2283,1,0,0.44121845429557754,0.4382634281126032,1,1
2284,4,0,0.017247725098679566,0.019423618088348877,0,0
2285,1,0,0.01236416547805257,0.014998187970458623,0,0
2286,2,0,0.13407769961020163,0.14161790374103675,0,0
2287,2,0,0.007702867499784206,0.00934904837262119,0,0
2288,4,0,0.5728942206416493,0.5649063283355351,1,1
2289,1,0,0.016299964064264955,0.01952423109206129,0,0
2290,3,0,0.17078521594220372,0.17604054998847302,0,0
2291,3,0,0.0206794771662452,0.023055600458089097,0,0
2292,4,1,0.6395663201698822,0.6293912344180088,1,1
2293,2,0,0.37821519012322946,0.3764646007727618,0,0
2294,1,0,0.35090814437329637,0.35310986535236777,0,0
2295,2,0,0.046296885585114356,0.05141443300531438,0,0
2296,4,0,0.051783057895831285,0.05627246017943962,0,0
2297,2,0,0.5011385845941672,0.4934186346723285,1,1
2298,5,1,0.7619615768807199,0.7520046418544906,1,1
2299,5,0,0.10849206611005154,0.11518924565933739,0,0
2300,2,1,0.7022083587048719,0.6894637846886826,1,1
2301,3,0,0.013296408460885633,0.01567146560656766,0,0
2302,5,1,0.6342471772956169,0.622157742120752,1,1
2303,2,0,0.003663756413123496,0.004602233941063754,0,0
2304,3,1,0.3556892689941288,0.35056308535570807,0,0
2305,5,0,0.49674941956683455,0.48987671704885527,1,1
2306,1,1,0.3650785415435944,0.36026562878785306,0,0
2307,1,0,0.5815408922257471,0.568927607963747,1,1
2308,3,0,0.0018768044038259479,0.002515402954558296,0,0
2309,4,0,0.016711578190660145,0.019021759767504066,0,0
2310,2,1,0.6811126693584492,0.670556662491906,1,1
2311,2,0,0.02319591877238593,0.026909983726791636,0,0
2312,1,1,0.17765055351904133,0.18343307761211042,0,0
2313,5,1,0.7555057278252496,0.7447266764714622,1,1
2314,3,0,0.1914041791276504,0.19598422203285443,0,0
2315,3,1,0.025814745531353503,0.02954015241770584,0,0
2316,4,0,0.0326634366084081,0.036849728645715146,0,0
2317,4,0,0.13651394088704377,0.14267137193635113,0,0
2318,5,0,0.13552108344752395,0.14384989822985209,0,0
2319,5,0,0.0075951047541996325,0.009244628112754479,0,0
2320,5,1,0.7099141498877354,0.6998134748891764,1,1
2321,5,0,0.05867820996031633,0.06368973607792754,0,0
2322,2,0,0.2404269011620131,0.2438098216125661,0,0
2323,5,1,0.3429568011500542,0.34301561256099666,0,0
2324,2,0,0.2342433812083733,0.2389686992513674,0,0
2325,5,0,0.28749951948669616,0.29044570863778135,0,0
2326,5,1,0.580103776455158,0.5710456456691035,1,1
2327,5,1,0.6539123254897237,0.6439689548553785,1,1
2328,4,0,0.5734242697671572,0.5627627253109596,1,1
2329,4,0,0.025560615509580532,0.028606828504059906,0,0
2330,1,0,0.16015472891956187,0.16631963652062237,0,0
2331,2,0,0.011237408949688823,0.013304451396763357,0,0
2332,4,0,0.09736164530462615,0.10219329701126814,0,0
2333,1,0,0.0016531027612552032,0.002373012557916376,0,0
2334,1,0,0.4716620143589789,0.4622718789338983,1,1
2335,1,1,0.4116356103840136,0.4058395670679433,1,1
2336,4,1,0.586792681964023,0.5783764020018707,1,1
2337,4,0,0.10838781174841826,0.11346918608150278,0,0
2338,2,0,0.07223911096177,0.0778415926886233,0,0
2339,2,0,0.6912495360025377,0.6790081842353848,1,1
2340,1,0,0.017340459685754372,0.020653051556426178,0,0
2341,4,0,0.033882176011901084,0.0375752149899749,0,0
2342,1,0,0.011673382403400214,0.014472204263281102,0,0
2343,5,0,0.5309028482635934,0.52235922930492,1,1
2344,2,0,0.15899588034838155,0.16602259757743562,0,0
2345,2,0,0.004175523806065813,0.005304182031340886,0,0
2346,4,0,0.11150488470643002,0.11600044874445939,0,0
2347,1,0,0.4212466314467048,0.41452879297309975,1,1
2348,1,0,0.17267015597876711,0.17536246039883854,0,0
2349,3,1,0.40241587719424426,0.40206886902785444,1,1
2350,5,1,0.23957575486608543,0.24412459839603867,0,0
2351,2,0,0.010717417943668688,0.012794319125906417,0,0
2352,4,0,0.021990874723956243,0.025164927394818643,0,0
2353,5,0,0.3178934443741479,0.3187104341948285,0,0
2354,5,0,0.4694728637203698,0.4651734203061723,1,1
2355,1,0,0.28014122930515994,0.2829031121039148,0,0
2356,2,0,0.2229950427860312,0.2255067657621092,0,0
2357,4,0,0.31661053123674227,0.3158491381433254,0,0
2358,5,0,0.09787894629213989,0.1038204629007338,0,0
2359,4,0,0.08451786522974683,0.08890754368740676,0,0
2360,2,1,0.5696979698421273,0.558686992242987,1,1
2361,4,1,0.5731679191520999,0.5658240602211593,1,1
2362,3,0,0.2283146604061009,0.23102813976140912,0,0
2363,4,0,0.32503238924068,0.32506553337261074,0,0
2364,3,1,0.6126577416926523,0.603672460724151,1,1
2365,2,0,0.23658436797724747,0.24080233518619928,0,0
2366,2,1,0.4067195955000511,0.4063628468095031,1,1
2367,5,0,0.03705055585231427,0.04101703418414965,0,0
2368,2,0,0.11024924283431307,0.11703006263604054,0,0
2369,5,1,0.20807391149893048,0.21189142261178015,0,0
2370,2,0,0.6429730141897559,0.6330872005633991,1,1
2371,5,0,0.06781216461015573,0.07304573857161621,0,0
2372,3,0,0.6094102837100405,0.6005196098922492,1,1
2373,5,0,0.05767285782089898,0.0623914147163126,0,0
2374,3,1,0.6156284684099531,0.6081030389982758,1,1
2375,3,0,0.015860445421677968,0.018098768497408595,0,0
2376,3,0,0.00902533297084062,0.010754104361066084,0,0
2377,4,1,0.2739051766729029,0.27275454412062783,0,0
2378,3,1,0.4192422892385891,0.41457730094629686,1,1
2379,5,0,0.24024427772917545,0.24273075298884117,0,0
2380,1,0,0.38233360597308347,0.38392049521424604,0,0
2381,4,0,0.05159169025233872,0.056660937709375414,0,0
2382,4,0,0.004780451730556077,0.005836144734744612,0,0
2383,1,0,0.0016998815063203393,0.0024307921016116945,0,0
2384,4,0,0.013879945197018441,0.01620011295266761,0,0
2385,3,0,0.010582170809202502,0.01225786907526287,0,0
2386,2,0,0.12061409417094049,0.12845146111311842,0,0
2387,1,0,0.04882626598344891,0.05423219218364113,0,0
2388,2,0,0.011801043004561196,0.013994413139089567,0,0
2389,2,0,0.076419554781683,0.08224140068538842,0,0
2390,2,0,0.19436569074020119,0.19908949561231495,0,0
2391,1,1,0.48360701580317805,0.4724633028308275,1,1
2392,1,0,0.37099631746711054,0.3764469288119161,0,0
2393,2,0,0.010201395431682084,0.012211833471968676,0,0
2394,5,0,0.2373679430638095,0.2419168371265942,0,0
2395,4,0,0.6569807141681201,0.6470529008774273,1,1
2396,2,0,0.07824861382455653,0.08379180409881214,0,0
2397,2,1,0.7193151120378181,0.7062598577124011,1,1
2398,4,0,0.16024416823693113,0.16386169296265313,0,0
2399,5,0,0.09735987847140966,0.10398937729969888,0,0
2400,4,1,0.4387174574390415,0.43617379845567755,1,1
2401,5,1,0.6048110340744979,0.5955210320983078,1,1
2402,5,0,0.10801766594788716,0.11373571765571508,0,0
2403,1,1,0.6898674768727695,0.6790539484937866,1,1
2404,2,1,0.42867173111361545,0.42525090693419487,1,1
2405,4,0,0.08527637482875712,0.09032080510615016,0,0
2406,1,0,0.24930411919914003,0.2538701950753249,0,0
2407,2,0,0.03482387149968204,0.0391774412978663,0,0
2408,2,0,0.01254694154268209,0.014983170019179782,0,0
2409,1,0,0.26509976825347764,0.26901474635520073,0,0
2410,1,0,0.5095627166159897,0.504178796733313,1,1
2411,2,0,0.018135291080943895,0.021020113382944083,0,0
2412,2,1,0.5478877205104031,0.5404414307290337,1,1
2413,4,1,0.150172268400637,0.15455661750842226,0,0
2414,2,0,0.04617169926348624,0.05129811653321831,0,0
2415,4,0,0.18616158593271828,0.1889537311764687,0,0
2416,1,0,0.00914024459129478,0.011178642959284998,0,0
2417,1,0,0.0982891972745783,0.104057377103659,0,0
2418,5,0,0.0032275128636529045,0.00410840879349079,0,0
2419,2,1,0.6920806356522621,0.6795678442888169,1,1
2420,2,0,0.18106911580659893,0.18682893843100373,0,0
2421,3,1,0.26507426734808426,0.26824340627925247,0,0
2422,1,1,0.1684243363318949,0.1729396246001408,0,0
2423,4,1,0.7363092739183874,0.7259189778155761,1,1
2424,2,0,0.031161972637656365,0.03528532636048916,0,0
2425,2,0,0.06871063216642502,0.07457369101883161,0,0
2426,1,1,0.7320983257895708,0.7200769698210313,1,1
2427,4,0,0.5573463308345623,0.5504976104101437,1,1
2428,2,0,0.0224521975015579,0.025712679003629342,0,0
2429,1,0,0.42791890512342,0.423351668928645,1,1
2430,4,1,0.6787870843156666,0.6680397087567342,1,1
2431,2,1,0.43322823144798417,0.430776329232602,1,1
2432,3,0,0.17367668758374863,0.17638577973074923,0,0
2433,4,1,0.29696132080489823,0.296214469414925,0,0
2434,5,0,0.43423560362787655,0.4303846873222786,1,1
2435,4,0,0.010391969934809325,0.012191556260991507,0,0
2436,1,0,0.12914778554042017,0.13564087503058592,0,0
2437,3,0,0.13760382384669093,0.1432448418951425,0,0
2438,5,1,0.20219544073209433,0.20666576282444965,0,0
2439,4,0,0.02182287552345453,0.024588166832658617,0,0
2440,5,1,0.1754519606154747,0.18217381224876095,0,0
2441,5,1,0.7089102282730521,0.6993780735156447,1,1
2442,3,0,0.5903893229573004,0.5806240560679718,1,1
2443,1,0,0.5567809660860803,0.5469781094128574,1,1
2444,1,0,0.434394500961426,0.4299539846690316,1,1
2445,2,0,0.6277286653563751,0.6182516604208448,1,1
2446,2,1,0.6751808755890495,0.6622842944342967,1,1
2447,4,0,0.14826832622345332,0.15267185235625122,0,0
2448,1,0,0.1640946346366459,0.16943715509398422,0,0
2449,4,0,0.31240210850466943,0.31244971619771655,0,0
2450,1,0,0.024056847658273792,0.028009805919708825,0,0
2451,3,0,0.11697063282870215,0.12202472915580113,0,0
2452,4,1,0.308043710744438,0.30790694514256767,0,0
2453,4,0,0.018072977258039004,0.020817189904489886,0,0
2454,5,1,0.8218111783160686,0.8106425851408652,1,1
2455,4,0,0.46611423268111857,0.4605648376527035,1,1
2456,3,0,0.02317594385822379,0.026678741300617297,0,0
2457,1,0,0.006920794519069551,0.008855809315298946,0,0
2458,1,0,0.09632751136248635,0.10251766520234426,0,0
2459,2,1,0.7224284644128275,0.7086949167125325,1,1
2460,1,1,0.7626215970042255,0.7507064585950903,1,1
2461,3,1,0.4545231770503094,0.4491158462519903,1,1
2462,3,0,0.11125735644163966,0.11660912997857706,0,0
2463,5,1,0.5574213619142157,0.5494963029712874,1,1
2464,3,0,0.06454506025631347,0.0696210258272367,0,0
2465,5,0,0.08736962743413589,0.09313150359823244,0,0
2466,3,0,0.5795298833020427,0.5719675648997857,1,1
2467,4,0,0.020738604324253417,0.023540452963600862,0,0
2468,1,1,0.31578513592845087,0.31741833759666643,0,0
2469,5,0,0.28263708767981716,0.28350502101673014,0,0
2470,5,1,0.2521609482402568,0.2560659316197995,0,0
2471,1,1,0.362314392464324,0.3627581829845896,0,0
2472,2,0,0.7256122093389088,0.7134757549691472,1,1
2473,5,0,0.13574963589806735,0.14086165391625038,0,0
2474,3,0,0.005553083167578136,0.006989340735238385,0,0
2475,1,0,0.05714679494028413,0.062127428086346484,0,0
2476,2,0,0.009133948510750676,0.011163353717026831,0,0
2477,5,0,0.1821416908719947,0.18545562292882234,0,0
2478,3,0,0.04445046022562124,0.0481782052106245,0,0
2479,5,0,0.6287863092042598,0.6185505510665197,1,1
2480,3,0,0.3329270166801934,0.3332339696962501,0,0
2481,2,1,0.6145133561593525,0.6045409618144588,1,1
2482,5,0,0.14038658784160313,0.1460049108276408,0,0
2483,4,0,0.16488841137458218,0.16796241785246868,0,0
2484,5,0,0.014136199358301021,0.01658181481112867,0,0
2485,5,1,0.5139885657535228,0.5105837975601195,1,1
2486,3,0,0.0035090641891035224,0.004564907506860656,0,0
2487,5,0,0.004772841078274981,0.005989111818630944,0,0
2488,1,0,0.5087200755712228,0.5008556876939741,1,1
2489,4,0,0.008093269915307243,0.009670510690935436,0,0
2490,5,0,0.09777321170525428,0.10315833828616199,0,0
2491,5,0,0.13278118944117187,0.1375049497461595,0,0
2492,3,0,0.0906449815700273,0.09606873129032142,0,0
2493,5,0,0.08192447348359454,0.08756700103226055,0,0
2494,4,0,0.011300998708805937,0.013275373233914839,0,0
2495,2,0,0.5559835904634706,0.5496026110376766,1,1
2496,5,0,0.029289163048990693,0.03338428442417755,0,0
2497,4,0,0.041367945540147104,0.045510174597163486,0,0
2498,3,1,0.5863000945295965,0.5777242940064397,1,1
2499,2,1,0.5611346064491973,0.5526634466083964,1,1
2500,3,0,0.21154690283273928,0.2131821767340849,0,0
2501,4,1,0.5188838237199696,0.5129347511443022,1,1
2502,5,1,0.40410103767674227,0.3993705158443264,1,0
2503,2,0,0.5168915005013239,0.509842358600444,1,1
2504,5,1,0.5651627236283656,0.5611057742063246,1,1
2505,4,1,0.214615158940854,0.21642126942394654,0,0
2506,1,0,0.34836036697587774,0.35156830947864454,0,0
2507,3,0,0.15094942411020396,0.15596791346822042,0,0
2508,5,1,0.6033306666534717,0.5932948001770655,1,1
2509,4,1,0.48460571606370645,0.48090818646103584,1,1
2510,4,0,0.557601254805824,0.5483034481629072,1,1
2511,3,0,0.14378205323529542,0.1509270593179534,0,0
2512,5,0,0.2500059722304629,0.2536572485299219,0,0
2513,5,0,0.3783064909613578,0.3777071469383957,0,0
2514,1,0,0.20175016704280085,0.20663860744422768,0,0
2515,4,0,0.26541087421837917,0.26664555093555903,0,0
2516,4,0,0.6456197118670548,0.6363114036121917,1,1
2517,5,0,0.025590319408225697,0.029255532858578542,0,0
2518,5,1,0.2814043157454623,0.28309115668817164,0,0
2519,3,1,0.21693825862943938,0.22177615721499647,0,0
2520,5,0,0.8428495927791241,0.8324015182094833,1,1
2521,2,0,0.005048933868648969,0.00624163619971814,0,0
2522,2,0,0.06053231651180907,0.06598064217566335,0,0
2523,4,0,0.47546456840267637,0.46978257934154827,1,1
2524,5,0,0.5581302182942574,0.5505159367835247,1,1
2525,3,0,0.19989909951573875,0.20335367217148578,0,0
2526,3,0,0.009761690777960732,0.011504897572700944,0,0
2527,1,0,0.01286950695615397,0.015820684639284134,0,0
2528,4,0,0.040631909205133036,0.04524435186914315,0,0
2529,1,1,0.5046674056268011,0.4980758189942791,1,1
2530,5,0,0.0489917865070145,0.05342288913388007,0,0
2531,4,0,0.07945144173342913,0.08543601264946019,0,0
2532,5,1,0.49333102847662286,0.4849324461420168,1,1
2533,5,0,0.007668856670187299,0.009237192282862322,0,0
2534,4,0,0.03042413799612889,0.034238676263624424,0,0
2535,3,0,0.1855444504696577,0.19024220586942034,0,0
2536,2,0,0.014745996401582626,0.017400142081029975,0,0
2537,1,0,0.1281636696585624,0.13541154982484757,0,0
2538,5,1,0.6062513968591213,0.5985498148883786,1,1
2539,4,0,0.004655889988515778,0.005665701655442926,0,0
2540,4,0,0.3821146823537717,0.3792260346105484,0,0
2541,1,1,0.38068812564448784,0.37928437671717835,0,0
2542,1,0,0.428520556967205,0.4233359476493594,1,1
2543,1,0,0.0411685991877601,0.046261727122213894,0,0
2544,1,1,0.1793353969457036,0.18551307813315987,0,0
2545,5,0,0.5221483298963968,0.5164475591168957,1,1
2546,2,0,0.29430765403325393,0.2953780477397019,0,0
2547,4,0,0.005372227590998235,0.006627978316935049,0,0
2548,1,0,0.044138631700222565,0.04975325971632217,0,0
2549,5,0,0.5750658774861881,0.5667574789495756,1,1
2550,2,0,0.013233048912907474,0.015652518400496956,0,0
2551,5,0,0.023676376572719725,0.027093529840992513,0,0
2552,4,0,0.04165159283409204,0.045162339620056224,0,0
2553,4,0,0.1865552316221781,0.18920896329707462,0,0
2554,5,0,0.2002181208187916,0.20409711745477116,0,0
2555,5,0,0.078094997373265,0.08385328146722479,0,0
2556,4,0,0.33230712534675516,0.3299650060601699,0,0
2557,3,0,0.03385671508141875,0.03826875212480856,0,0
2558,2,0,0.16303761300264977,0.16811116590850575,0,0
2559,2,0,0.40143752384557946,0.39634825433898835,1,0
2560,5,1,0.28812625473389847,0.2896370417759747,0,0
2561,1,0,0.23350853791977497,0.23608280528730904,0,0
2562,1,0,0.051264794465071456,0.05639179142838693,0,0
2563,5,0,0.022253447130837194,0.02533344877160145,0,0
2564,2,0,0.011484983120829975,0.013865418199725022,0,0
2565,3,0,0.564170119838836,0.557285902708029,1,1
2566,5,0,0.35606776797558576,0.35244064265006403,0,0
2567,3,0,0.43874808354274003,0.4338224973656651,1,1
2568,5,1,0.5767426195243854,0.571520543238438,1,1
2569,2,0,0.3978591551283244,0.3983455819254207,0,0
2570,4,0,0.17248095200022684,0.17581341744839174,0,0
2571,3,0,0.2959705299064559,0.29807780320224964,0,0
2572,5,0,0.2808424378168035,0.2822006326192673,0,0
2573,5,1,0.7798770376142388,0.7690503511143381,1,1
2574,5,0,0.0027313396759532384,0.003509915075775525,0,0
2575,2,0,0.18498165326410831,0.19200289108227286,0,0
2576,4,0,0.03252679101782267,0.03637170982015345,0,0
2577,3,0,0.6288538550395305,0.6185350770297086,1,1
2578,3,0,0.017106259574112905,0.019900393270421108,0,0
2579,4,0,0.02051226417958364,0.02321750276400276,0,0
2580,2,0,0.34095617204392437,0.34034757032398955,0,0
2581,4,0,0.0041307794350596925,0.00509860088469629,0,0
2582,3,0,0.017715684618297707,0.02049551603404972,0,0
2583,5,0,0.24219151828177393,0.24684828537680845,0,0
2584,4,1,0.1397293642863371,0.145183578822971,0,0
2585,5,1,0.18157908509487616,0.18537668376070177,0,0
2586,5,0,0.0403781435841665,0.04487418114333678,0,0
2587,2,0,0.46095969633410144,0.4553702325677886,1,1
2588,5,0,0.30722627492278554,0.3090277889471712,0,0
2589,5,1,0.3084790692752363,0.31004875339175886,0,0
2590,2,1,0.405463760935123,0.40332557589925766,1,1
2591,1,0,0.07749869896457788,0.08346818843786712,0,0
2592,5,1,0.7668948222156065,0.7566134547162676,1,1
2593,2,0,0.24859619430429783,0.25333381638754804,0,0
2594,5,0,0.08804824339955383,0.09377671434434524,0,0
2595,3,1,0.49051521966629447,0.48253299136190303,1,1
2596,3,0,0.09443976373753893,0.10071941775901072,0,0
2597,1,0,0.38819868650599176,0.3841626113858876,0,0
2598,4,0,0.6765175387617677,0.6669485608269756,1,1
2599,4,0,0.5022942060486973,0.4959879251204649,1,1
2600,3,0,0.661888307621561,0.6502501216387939,1,1
2601,3,0,0.5381627733009098,0.5325155799789401,1,1
2602,3,1,0.3319119613799405,0.3320742374481778,0,0
2603,1,1,0.42424890225334894,0.41984800795885596,1,1
2604,4,0,0.09892325533901103,0.10387324130654023,0,0
2605,3,0,0.0013419342325058055,0.0018932865392520923,0,0
2606,1,0,0.008059839848113367,0.010196604795379562,0,0
2607,1,0,0.006559933808892415,0.008476930118946718,0,0
2608,5,0,0.7033409644464489,0.6949511148239569,1,1
2609,3,1,0.7670845216152802,0.7544146391185735,1,1
2610,4,1,0.6966785511751211,0.6862586326526636,1,1
2611,2,1,0.3604853913064522,0.35753372111200077,0,0
2612,1,0,0.02950181764598811,0.03415879683373793,0,0
2613,1,1,0.7368909349422939,0.7226320489292248,1,1
2614,3,0,0.0481245785948252,0.05303202663918568,0,0
2615,3,0,0.0243502017810904,0.02737357135921732,0,0
2616,3,0,0.011210145840251486,0.013258163351885097,0,0
2617,1,0,0.14459702470607932,0.1507744743156565,0,0
2618,2,0,0.005323902638042665,0.006580287421154106,0,0
2619,2,0,0.5021311238246716,0.494043792547134,1,1
2620,1,1,0.6561846810172898,0.646087792484964,1,1
2621,3,1,0.4494596422430424,0.4460789241546972,1,1
2622,1,0,0.024040656758692713,0.02817376691747231,0,0
2623,5,0,0.4005182488200792,0.39565216201274145,1,0
2624,2,0,0.34655598673961796,0.3480071054433719,0,0
2625,2,0,0.11429748693155285,0.12122687159210174,0,0
2626,1,0,0.5880440788780897,0.5758906658994638,1,1
2627,4,0,0.5533138325700133,0.5447707559606474,1,1
2628,4,0,0.007377393947059657,0.00878207319188439,0,0
2629,5,0,0.028231502950976293,0.031913712740981516,0,0
2630,1,0,0.13051892357609263,0.1351587447716402,0,0
2631,1,0,0.018101706287548657,0.021586594787912815,0,0
2632,1,1,0.745171334594476,0.7319414989198276,1,1
2633,5,1,0.5847670091257923,0.5732652514606343,1,1
2634,1,0,0.12009306093660929,0.12674543301216315,0,0
2635,4,0,0.5850766158745265,0.5769764967906758,1,1
2636,4,0,0.5174424816760665,0.5120236940617375,1,1
2637,1,0,0.043446802181120854,0.04903220103727934,0,0
2638,4,0,0.049146731632327384,0.053453154556889884,0,0
2639,3,0,0.037485628715427356,0.04222624838474631,0,0
2640,4,1,0.7380974157143698,0.7277513671045982,1,1
2641,4,0,0.21438596351948488,0.2162901490960422,0,0
2642,2,0,0.24588662733512218,0.2481652880411242,0,0
2643,1,0,0.18667872097366606,0.19161163175891033,0,0
2644,5,0,0.16224074656516338,0.16535445658819156,0,0
2645,1,0,0.09855219803006002,0.1053598718205971,0,0
2646,3,0,0.012676027808207998,0.015047782255102232,0,0
2647,4,1,0.37109927882303534,0.36870858113350097,0,0
2648,4,1,0.5237564624216065,0.5179723701888663,1,1
2649,1,0,0.2810221003815077,0.28342547123722284,0,0
2650,4,0,0.006160463892029981,0.00742591441434833,0,0
2651,4,0,0.0635695155601662,0.06793045561860174,0,0
2652,2,0,0.6293181959408563,0.6193906727413265,1,1
2653,1,1,0.7713986375654813,0.7580253901548677,1,1
2654,3,1,0.06386634271999696,0.0693237985110026,0,0
2655,3,0,0.11987674502104795,0.12624094878050673,0,0
2656,4,0,0.7118544572023685,0.7016525138126621,1,1
2657,1,0,0.24179553111773538,0.2467872131817709,0,0
2658,1,1,0.3617341866256187,0.3610900582026968,0,0
2659,1,0,0.024544834821772478,0.028537063385066563,0,0
2660,2,1,0.5450128368751631,0.5352254437904289,1,1
2661,1,0,0.2042443628507795,0.20932528943507928,0,0
2662,3,0,0.7280757717301045,0.7172283706011209,1,1
2663,4,1,0.5983238040549475,0.5894279899593501,1,1
2664,2,0,0.012316493149960403,0.014572438565875739,0,0
2665,4,1,0.7412315442893237,0.7306337921060673,1,1
2666,4,0,0.0908052118233011,0.09641049358175693,0,0
2667,5,0,0.06955226273837374,0.07576030065563047,0,0
2668,3,0,0.06068070956103165,0.06645094646136852,0,0
2669,3,1,0.5841059078531161,0.5760338559283091,1,1
2670,3,0,0.17692938935189487,0.17953419808125934,0,0
2671,5,0,0.017299633395427998,0.02008023311591495,0,0
2672,1,1,0.7658013657305158,0.7521887918687362,1,1
2673,4,1,0.4034588482789504,0.4010651754841669,1,1
2674,1,1,0.21753492300640132,0.22311788144053207,0,0
2675,2,0,0.5627441087335114,0.5524230611482389,1,1
2676,2,0,0.03351874890307284,0.037841440748606535,0,0
2677,4,0,0.03401170829196674,0.037164436849231736,0,0
2678,2,1,0.37064361757463005,0.37013601876553837,0,0
2679,5,1,0.4231357854885344,0.41960570248696544,1,1
2680,4,0,0.09901304395918961,0.1036662010949452,0,0
2681,4,0,0.07446358633112321,0.07955163320923074,0,0
2682,2,1,0.358282701170133,0.3589088234044575,0,0
2683,2,0,0.03314848960638261,0.03722002707534807,0,0
2684,5,1,0.6160809434963365,0.6068736992168802,1,1
2685,5,0,0.0245076630250133,0.027972962799822386,0,0
2686,3,0,0.3670962977053518,0.3648435131751732,0,0
2687,5,0,0.2956299206617179,0.2967999413629946,0,0
2688,1,0,0.4504310046519839,0.4503301808757646,1,1
2689,2,0,0.34032228809845916,0.3375560377193644,0,0
2690,2,1,0.720533907251503,0.7097032227702338,1,1
2691,3,1,0.28755962079874803,0.29023233289055483,0,0
2692,1,0,0.20558479871463442,0.20760011118758542,0,0
2693,4,0,0.004919826404172572,0.006013922297924458,0,0
2694,2,0,0.19245401372784132,0.1969035529945024,0,0
2695,2,1,0.8412171051651814,0.8288243779587197,1,1
2696,5,0,0.06452089349928815,0.06969728385485481,0,0
2697,1,0,0.0016424515998563613,0.0023546886939720827,0,0
2698,5,1,0.7353591564230718,0.724571867600953,1,1
2699,5,1,0.6370291436173424,0.6277173264896148,1,1
2700,2,1,0.7679929342125944,0.7551037599381518,1,1
2701,5,0,0.051814209361308546,0.05648313365750688,0,0
2702,3,0,0.15404241199373253,0.15982685929810664,0,0
2703,5,0,0.034646926356429006,0.03888591229779928,0,0
2704,5,0,0.6369246006659537,0.6282644450350224,1,1
2705,3,0,0.005998539851142988,0.007591365477765663,0,0
2706,2,0,0.17512131644963258,0.1797815922870591,0,0
2707,2,0,0.026237375554019032,0.029955895598342358,0,0
2708,2,0,0.09933614383807407,0.10654954098834964,0,0
2709,2,0,0.11810741240816167,0.12456827376715522,0,0
2710,2,0,0.07834929537151435,0.08440727870941059,0,0
2711,1,0,0.02944822070024192,0.03388575386065086,0,0
2712,3,0,0.09636898406506139,0.10170569316377427,0,0
2713,3,0,0.06739920178410369,0.07234732371879746,0,0
2714,1,0,0.0044013053995389465,0.005860418684132994,0,0
2715,1,0,0.19054711302260874,0.19454241125521615,0,0
2716,2,0,0.03539132093705321,0.03996931605357622,0,0
2717,1,0,0.10474408965118345,0.111043202819358,0,0
2718,1,0,0.026130000736563522,0.030454586861923472,0,0
2719,5,0,0.004350289504932954,0.005375132324379398,0,0
2720,4,1,0.29871797370730163,0.3000086727452134,0,0
2721,1,0,0.08578620109844907,0.09170980039554659,0,0
2722,4,1,0.37747112585707693,0.3772677380134183,0,0
2723,4,1,0.5012719210984514,0.4937528557262059,1,1
2724,1,0,0.04183272018146548,0.04749284201147934,0,0
2725,3,0,0.4808503015554648,0.47111982721012247,1,1
2726,2,0,0.28698533814172394,0.29101159802386545,0,0
2727,5,0,0.19917055887082488,0.202827038238187,0,0
2728,4,0,0.33030190691236805,0.3252219618812318,0,0
2729,2,0,0.03156680120579354,0.035452443264698576,0,0
2730,5,0,0.02857300832948325,0.03210057706811312,0,0
2731,1,0,0.013336155819845314,0.016167676353595464,0,0
2732,5,1,0.23296878444093305,0.23662361856492292,0,0
2733,2,1,0.7207934415048644,0.7077603828791564,1,1
2734,1,0,0.2294889018039978,0.231756610913945,0,0
2735,3,1,0.7096096086799352,0.6985184062684301,1,1
2736,2,0,0.7141378682305302,0.7009356316250088,1,1
2737,4,1,0.3033694675088877,0.3025943457270323,0,0
2738,5,0,0.008770694641830648,0.010585870342595902,0,0
2739,2,0,0.08186469145531396,0.08829533799094746,0,0
2740,4,1,0.6673775809192042,0.6558416042997088,1,1
2741,2,0,0.01935007873648851,0.02250470493548164,0,0
2742,4,0,0.21075012873921542,0.21312784452749609,0,0
2743,3,0,0.632107006467502,0.6234774649645203,1,1
2744,1,0,0.10055721277832483,0.10767712363823205,0,0
2745,5,1,0.7431327889100585,0.7319046953138503,1,1
2746,2,1,0.09927651330808236,0.10493256529963649,0,0
2747,4,0,0.013908815715083619,0.01579995567762454,0,0
2748,1,0,0.04265914412128372,0.048345968274081406,0,0
2749,5,0,0.4145939247090479,0.41361012151880283,1,1
2750,3,0,0.041796601058585035,0.04667497822209947,0,0
2751,4,0,0.27433469048113507,0.2747230838908613,0,0
2752,1,0,0.17881327200497543,0.1829147923072592,0,0
2753,5,0,0.09297785365620764,0.09880209212110994,0,0
2754,1,0,0.4368291805757683,0.43165387789157467,1,1
2755,2,0,0.20598107774631394,0.20880604248209353,0,0
2756,3,0,0.1855993368062345,0.19245185621080357,0,0
2757,1,1,0.7633337357148785,0.7507279939360622,1,1
2758,5,0,0.01944434375621926,0.02233156499654266,0,0
2759,2,0,0.23463835413659895,0.23880532980237587,0,0
2760,4,1,0.5066092569915448,0.5010604994747412,1,1
2761,5,0,0.2872597303729615,0.2891358558535047,0,0
2762,4,0,0.050479339827654214,0.0547084969301086,0,0
2763,4,0,0.4801374937061561,0.4750182433047999,1,1
2764,2,0,0.003569380960829335,0.004548990490138668,0,0
2765,1,1,0.7604636082872659,0.748938226901293,1,1
2766,2,0,0.1615618753249617,0.16646217377652708,0,0
2767,4,0,0.7372219824402935,0.7275646953686973,1,1
2768,5,0,0.022787848516594204,0.026061965727297343,0,0
2769,3,0,0.17233282674509787,0.1769453063361635,0,0
2770,4,0,0.2423761580570547,0.244269225098585,0,0
2771,5,0,0.6549585339606994,0.6458210776836222,1,1
2772,3,0,0.2370264440206284,0.24041948804487573,0,0
2773,4,1,0.3873664893247919,0.38594561262640215,0,0
2774,5,0,0.0021850369780862704,0.0028234927228875163,0,0
2775,3,0,0.5113558992930095,0.5065425118792921,1,1
2776,4,0,0.24308707820680878,0.24662222066195377,0,0
2777,2,0,0.44501921282194495,0.439508463038333,1,1
2778,4,0,0.4381699689687492,0.43290061319618794,1,1
2779,5,1,0.6806265834880124,0.6708978709443688,1,1
2780,3,0,0.11619016835171717,0.12209275753052011,0,0
2781,5,0,0.004880762448133599,0.006014560894647997,0,0
2782,1,0,0.14453022458497541,0.15129993853776685,0,0
2783,1,1,0.38119928649615803,0.3796518706323105,0,0
2784,1,0,0.08488202347635307,0.09218072927448735,0,0
2785,5,0,0.4222935851753944,0.41755229345738326,1,1
2786,5,0,0.43890516089218773,0.4333734901792585,1,1
2787,4,1,0.5849030111023598,0.578175625955673,1,1
2788,2,1,0.7771127986269362,0.7648639301888538,1,1
2789,4,0,0.2855359357404275,0.2865350055031683,0,0
2790,2,0,0.7166782890634913,0.7043238846303785,1,1
2791,1,1,0.2500113565623647,0.253049791271584,0,0
2792,4,1,0.22283998147043943,0.2244513034891451,0,0
2793,5,0,0.22212824352242957,0.2251328814898174,0,0
2794,3,0,0.013504614798904987,0.015713270663457367,0,0
2795,3,0,0.18162406728530542,0.18573941223510398,0,0
2796,2,0,0.002393129976362471,0.0031163959842745947,0,0
2797,3,0,0.5543197835753693,0.547346168209353,1,1
2798,5,0,0.5226275038787217,0.5171342302912036,1,1
2799,5,0,0.1617603363597239,0.16604910028031736,0,0
2800,4,0,0.05706198499882653,0.06097327290545612,0,0
2801,5,0,0.43546613759070185,0.4320219945337258,1,1
2802,5,0,0.7278909837219256,0.7178732619881485,1,1
2803,2,0,0.019123732372737387,0.022229549290625115,0,0
2804,4,0,0.11223943353921355,0.11707052564246714,0,0
2805,3,0,0.09180624737168935,0.09616410174190944,0,0
2806,3,1,0.5190533033092003,0.5111415753848129,1,1
2807,3,1,0.06589550488065042,0.07094819144214586,0,0
2808,5,0,0.18167170333504587,0.18530416855120638,0,0
2809,1,0,0.5140401973634869,0.5106940303698307,1,1
2810,2,0,0.018741522854321832,0.02183652755114402,0,0
2811,5,0,0.01638292073267714,0.019026792500971217,0,0
2812,2,1,0.7166982193599107,0.7050466272768239,1,1
2813,3,1,0.41454235626803254,0.41048122771079837,1,1
2814,1,1,0.11673114192238172,0.12276833452716104,0,0
2815,4,0,0.7137627173159857,0.7023745738785854,1,1
2816,1,0,0.3266854219206245,0.33261403275595136,0,0
2817,4,0,0.07167004974688171,0.07651226255743665,0,0
2818,1,0,0.10055895773622991,0.10664096369454353,0,0
2819,2,1,0.10350267432940913,0.10998531476998966,0,0
2820,1,0,0.06617090157992536,0.07133820211041679,0,0
2821,5,0,0.6772924752162718,0.667693499912499,1,1
2822,1,0,0.06240453018308623,0.06865094381955691,0,0
2823,5,0,0.01595278936288765,0.01844744708598956,0,0
2824,2,1,0.36341533682125154,0.36296624318559206,0,0
2825,1,0,0.0810963096446177,0.08837848334991148,0,0
2826,4,0,0.07881222343142245,0.08341762089737158,0,0
2827,4,0,0.028754632136493003,0.03207423232335567,0,0
2828,3,1,0.41294591657021706,0.40872396858788174,1,1
2829,4,0,0.021995503090389168,0.024789930690280713,0,0
2830,2,0,0.016205950590238907,0.018908682333838855,0,0
2831,2,0,0.05936390968175282,0.06636489604484538,0,0
2832,2,1,0.5060428627825652,0.4995835297839471,1,1
2833,1,1,0.7043693064438744,0.6907062659131439,1,1
2834,2,0,0.052856812615483355,0.058934369624785266,0,0
2835,5,0,0.004959173385675001,0.006146769066401372,0,0
2836,2,0,0.5964155653509398,0.5875063262628485,1,1
2837,1,0,0.06968672766518116,0.07514254737594907,0,0
2838,4,0,0.2758770252020489,0.27760723836676626,0,0
2839,5,0,0.31817006777049844,0.31644816155801564,0,0
2840,5,0,0.016061990517376175,0.018668896409041194,0,0
2841,2,0,0.3210836669285687,0.3215502837160556,0,0
2842,3,1,0.4766777491510014,0.47431913749133,1,1
2843,4,1,0.7713645352309048,0.7602940447578541,1,1
2844,5,0,0.42612697201980243,0.4242455395746477,1,1
2845,4,0,0.11530243722992113,0.12070305036072897,0,0
2846,1,1,0.48970285983594947,0.48315672633011475,1,1
2847,1,0,0.09576458602471781,0.10226249647512323,0,0
2848,2,1,0.4272349943992829,0.42458887985808075,1,1
2849,3,0,0.47520362464390536,0.4674468170645983,1,1
2850,5,0,0.05032056108323352,0.05525489203185128,0,0
2851,2,0,0.024650173706800383,0.02826272994727949,0,0
2852,3,0,0.2433126190842556,0.24888994352315974,0,0
2853,2,0,0.06671386072245634,0.07182840318376217,0,0
2854,5,0,0.24061094671915648,0.24332247809135016,0,0
2855,1,0,0.004860712953253519,0.006473734898212019,0,0
2856,3,1,0.07021682569856023,0.07598705316205044,0,0
2857,3,0,0.06962651214574057,0.07584937728569248,0,0
2858,4,0,0.3853824145655235,0.3819393845795835,0,0
2859,2,1,0.3287329485843321,0.33238375384156854,0,0
2860,3,0,0.005907003632423206,0.007113404690982044,0,0
2861,3,0,0.7305863421275797,0.7191099947355717,1,1
2862,2,0,0.07273263983406142,0.07854091976438575,0,0
2863,3,0,0.44538259576744216,0.4420577948617893,1,1
2864,5,1,0.24451092495062837,0.2483298470191837,0,0
2865,1,1,0.7046702981071354,0.6934531603810752,1,1
2866,4,0,0.38480042693406213,0.38068861072087173,0,0
2867,3,0,0.012003638423603585,0.014812956777183573,0,0
2868,3,1,0.5618217846261273,0.5543779893731007,1,1
2869,5,1,0.5767325067421677,0.5693738403042488,1,1
2870,2,0,0.5159451276374327,0.5075324454448463,1,1
2871,3,1,0.693297802443437,0.68183562059716,1,1
2872,5,1,0.3010360538151398,0.30230877410560686,0,0
2873,1,0,0.48454013492604187,0.4808268606893198,1,1
2874,3,0,0.5203775509694636,0.51592426122472,1,1
2875,2,0,0.06236603784952765,0.068147443917514,0,0
2876,4,1,0.3123236174552388,0.311478517926591,0,0
2877,2,0,0.11896950635285014,0.1255073026435529,0,0
2878,5,1,0.3412882947307162,0.34096684364670343,0,0
2879,5,0,0.215324579588338,0.22022592740236036,0,0
2880,5,0,0.2245816688604044,0.2276243873127799,0,0
2881,3,1,0.3548799268770536,0.3558033697559153,0,0
2882,3,0,0.24531070232204305,0.246976616153413,0,0
2883,5,1,0.6974936695299507,0.6859336721035654,1,1
2884,2,0,0.12290007197848872,0.12952451917187743,0,0
2885,5,0,0.6298427964790075,0.6207242826158206,1,1
2886,2,0,0.10282602334695369,0.10913150229380401,0,0
2887,1,0,0.009196346040736112,0.011495417527717924,0,0
2888,3,1,0.5438482986377596,0.535150020716697,1,1
2889,3,0,0.06133415596919353,0.06674618563147275,0,0
2890,1,0,0.09755843522102986,0.10444379606375313,0,0
2891,3,0,0.007634794362860327,0.009207486610940209,0,0
2892,1,0,0.26165951537530785,0.26945666655122036,0,0
2893,2,0,0.01111630243825659,0.01327554835135673,0,0
2894,5,0,0.3551249322551736,0.35354788464815207,0,0
2895,5,0,0.23957943974058135,0.24196136929752954,0,0
2896,5,0,0.002059212117768651,0.002650453849677571,0,0
2897,2,0,0.1429891881131107,0.1484919914069609,0,0
2898,3,0,0.040735532078089456,0.04509623626048248,0,0
2899,1,1,0.18028766241323718,0.18431139762171572,0,0
2900,5,1,0.44423020649703443,0.44136302377931474,1,1
2901,1,0,0.4828201938830665,0.475238439874291,1,1
2902,4,0,0.046611504021516634,0.05060020853321758,0,0
2903,4,0,0.13154308164758655,0.13568544014622808,0,0
2904,3,1,0.13052342910827694,0.1364062905680861,0,0
2905,5,1,0.327514141891007,0.32815721736267545,0,0
2906,3,0,0.2407722917930665,0.2432393208453946,0,0
2907,3,0,0.039757613737166166,0.04383723907869292,0,0
2908,4,0,0.6706447959391133,0.6598339316207731,1,1
2909,2,0,0.010871850754354368,0.01290660287142056,0,0
2910,4,0,0.014477454994366635,0.016752726036546782,0,0
2911,4,0,0.16309698902373404,0.16810442060748576,0,0
2912,1,0,0.6730593768533806,0.6620084432525779,1,1
2913,2,0,0.003085890443874508,0.003962094371444381,0,0
2914,5,0,0.005067145386508269,0.006258816496650332,0,0
2915,1,0,0.0026376485447644105,0.003604393649690803,0,0
2916,4,0,0.04579091641696262,0.05024500638672754,0,0
2917,3,0,0.3369443300908891,0.3360445597552989,0,0
2918,3,0,0.04757833645816095,0.05284750407176893,0,0
2919,1,0,0.015588274820745766,0.018889056479305128,0,0
2920,4,0,0.01891278142057184,0.021694293132826444,0,0
2921,3,0,0.2836137950710448,0.28746321706853284,0,0
2922,3,0,0.09175280016905438,0.09655350200332398,0,0
2923,1,0,0.2881352745354562,0.2899241298119785,0,0
2924,2,0,0.6716972885329311,0.6601591650575653,1,1
2925,4,0,0.3071231943991972,0.30875714469928994,0,0
2926,4,0,0.07044366062312195,0.07521601412613374,0,0
2927,4,1,0.2757797488794776,0.27753483966631237,0,0
2928,5,0,0.2919003386210766,0.299706169441592,0,0
2929,4,0,0.11506829312339166,0.12160272831754189,0,0
2930,5,0,0.4476834204553784,0.44250767173633376,1,1
2931,2,1,0.5413839699444976,0.5305529061102984,1,1
2932,3,1,0.48665345262590143,0.4824447954435177,1,1
2933,1,0,0.19250946749199174,0.1963602633285204,0,0
2934,4,0,0.07580140028446669,0.08107855609306139,0,0
2935,3,0,0.4179697549655468,0.41787761575851246,1,1
2936,3,0,0.2559989037272497,0.25845369615842567,0,0
2937,2,1,0.3895845080709515,0.3887666783711435,0,0
2938,5,1,0.7214416555247911,0.7106244245119983,1,1
2939,4,0,0.33693434947159256,0.3371914293962465,0,0
2940,1,1,0.594317973487601,0.5841492400805542,1,1
2941,4,1,0.18767161929265855,0.19282637967622612,0,0
2942,1,0,0.42016337277944915,0.4139076301938922,1,1
2943,4,1,0.7515008115109307,0.7414811605044915,1,1
2944,2,1,0.3892812321122444,0.38748180017085077,0,0
2945,4,0,0.07786495677130822,0.08353731640002157,0,0
2946,2,0,0.4222360732460098,0.41861490374206484,1,1
2947,3,0,0.06956028153299032,0.07570471812717092,0,0
2948,3,1,0.058106636929528964,0.061969024584375074,0,0
2949,4,0,0.5375246442318112,0.529280185820568,1,1
2950,1,0,0.27340504709329516,0.27342130173031026,0,0
2951,2,0,0.07337511408653416,0.07949789687548614,0,0
2952,2,1,0.11832213194048596,0.12410813886269403,0,0
2953,3,0,0.0310896306099646,0.03486941634042836,0,0
2954,4,1,0.6136778478164078,0.6055190812096793,1,1
2955,4,0,0.07169251781182019,0.07679432941172958,0,0
2956,3,0,0.021070630778226462,0.02425746078815565,0,0
2957,3,0,0.005674185175720006,0.006924906103156561,0,0
2958,2,0,0.03897299449617505,0.04374489066672386,0,0
2959,4,0,0.40705029513863433,0.4042837214585143,1,1
2960,2,0,0.03111831183581165,0.035679245600666105,0,0
2961,5,0,0.046612058319943625,0.05161634881250725,0,0
2962,5,1,0.41826146442241774,0.4149999508531311,1,1
2963,4,0,0.006514003586612176,0.007974309807026578,0,0
2964,4,1,0.7304812711511336,0.7190435374712763,1,1
2965,4,0,0.3859846399881988,0.38102223308139527,0,0
2966,1,0,0.07116808379748399,0.07705754593320188,0,0
2967,3,0,0.07511148568690756,0.08092627447302272,0,0
2968,5,1,0.5539420797043229,0.5485179456434193,1,1
2969,4,1,0.8103952456908283,0.7996349184615427,1,1
2970,4,0,0.0348333155218734,0.039041999795145374,0,0
2971,1,0,0.0030734504231251926,0.0042008222853203315,0,0
2972,5,1,0.33609258035167844,0.33362846850456584,0,0
2973,1,0,0.6954487813049065,0.6821819273775263,1,1
2974,3,0,0.05832969928397195,0.06345005574592305,0,0
2975,2,0,0.03651381075664629,0.04113785495007659,0,0
2976,4,0,0.07998663161133529,0.08462719164024654,0,0
2977,1,0,0.8001919606697045,0.7858947767768836,1,1
2978,4,0,0.09172328003244602,0.09741716436048833,0,0
2979,5,0,0.03023949943404899,0.03395828515373935,0,0
2980,5,0,0.3448374067857013,0.34686475729509747,0,0
2981,1,1,0.2816974575589779,0.2836662594666336,0,0
2982,4,0,0.17992723030312938,0.1855628174513839,0,0
2983,5,1,0.7411561764365113,0.7303860107435765,1,1
2984,5,1,0.7157893011172101,0.7047232701646533,1,1
2985,1,0,0.3343438181999964,0.3348572141378531,0,0
2986,2,0,0.02919338807829492,0.0329938226033484,0,0
2987,1,1,0.8282411888099315,0.8149109307496832,1,1
2988,2,0,0.20542406627545443,0.21468350132957514,0,0
2989,3,0,0.22077656602262466,0.2217919645866507,0,0
2990,2,0,0.01437293592660852,0.016907638446298633,0,0
2991,4,0,0.403208907901698,0.40033563254693344,1,1
2992,4,0,0.21450053897746085,0.21635567947170253,0,0
2993,1,1,0.5536777890697523,0.5395008282069125,1,1
2994,4,0,0.029525413647181052,0.03317387388449665,0,0
2995,3,0,0.3222258996001736,0.32161619617694936,0,0
2996,5,1,0.6672695009399996,0.6588749210297411,1,1
2997,5,0,0.5806967387540575,0.573354696524391,1,1
2998,1,0,0.02004534191363468,0.02368376447507304,0,0
2999,2,1,0.706428190209929,0.69348962657116,1,1
3000,3,0,0.12997543593271682,0.13627543027285655,0,0
3001,5,0,0.1972521921790419,0.2009305760012326,0,0
3002,2,0,0.05726069047230457,0.06285129471752762,0,0
3003,4,0,0.22860307601323415,0.22985016567388153,0,0
3004,3,0,0.064879076818672,0.07103122453883698,0,0
3005,3,0,0.0036142462907859615,0.004706898286799452,0,0
3006,2,1,0.7311257395463207,0.7178530250291423,1,1
3007,3,1,0.4944806713280992,0.48990273488341235,1,1
3008,4,0,0.11702914810498319,0.12280656902941986,0,0
3009,2,1,0.6041216162548901,0.5932048507201769,1,1
3010,2,0,0.07696771057349332,0.08345825779873861,0,0
3011,2,0,0.006304771512162025,0.007731872425759526,0,0
3012,1,1,0.008443109798440051,0.010377276974749921,0,0
3013,2,0,0.030787515244110365,0.03479744079385557,0,0
3014,1,0,0.6833519422691843,0.6715191592478679,1,1
3015,4,1,0.6587143510462704,0.6490633000004482,1,1
3016,4,1,0.7530666316813586,0.7411145200809622,1,1
3017,5,0,0.45044627169612084,0.44437997728243595,1,1
3018,3,0,0.3402650161689359,0.3396234040650538,0,0
3019,5,1,0.04424035291941565,0.04887378728493723,0,0
3020,5,0,0.13264752043534206,0.137614841704021,0,0
3021,2,1,0.10304762454220934,0.10889200097760159,0,0
3022,3,1,0.6728237197898437,0.6627300545598171,1,1
3023,2,0,0.1472993754315433,0.152829103725929,0,0
3024,3,0,0.27519587060987744,0.27800831301145407,0,0
3025,4,0,0.6581955968445872,0.649866139578208,1,1
3026,2,1,0.43650451418899766,0.4332501485726444,1,1
3027,3,0,0.1245349380626643,0.13021080355093662,0,0
3028,2,0,0.5070061659795715,0.4995496950294456,1,1
3029,3,1,0.09524841930435377,0.1017016700044004,0,0
3030,4,0,0.03371414478443093,0.03698444619805945,0,0
3031,4,1,0.5905219001041921,0.5837224591144031,1,1
3032,2,0,0.19595237788028805,0.20027000127379932,0,0
3033,2,1,0.08392868942005897,0.08959644976360126,0,0
3034,3,0,0.579979948597324,0.5720577995197141,1,1
3035,5,1,0.7429514830471764,0.7334693815710289,1,1
3036,5,0,0.1458392160073343,0.14976334065544528,0,0
3037,2,0,0.012530207677774826,0.01486561206652651,0,0
3038,5,0,0.40217896882758486,0.39877062584317624,1,0
3039,3,0,0.2631695187642145,0.2667645834653311,0,0
3040,2,0,0.06547152187911161,0.0712208626659898,0,0
3041,5,0,0.11487356961721615,0.12078931680815755,0,0
3042,2,0,0.015466086321702658,0.018115567595774536,0,0
3043,3,1,0.7541311242960036,0.742284421818997,1,1
3044,2,0,0.028137129297248997,0.03223255663712618,0,0
3045,2,0,0.00597096056292782,0.0073349890316375035,0,0
3046,5,0,0.056875441450518094,0.06282661210540581,0,0
3047,3,0,0.18399758894975624,0.18549452124651764,0,0
3048,2,1,0.7810477374188789,0.7684659254628826,1,1
3049,4,0,0.5647598074901263,0.5571265519340896,1,1
3050,3,0,0.008333142134377825,0.009859934878476004,0,0
3051,1,0,0.4482404087562197,0.44246568962141664,1,1
3052,1,0,0.0030050182688216172,0.004098992527291641,0,0
3053,5,0,0.06359187429262579,0.0690073190139594,0,0
3054,4,0,0.1222817663028668,0.12715525296526722,0,0
3055,4,0,0.004030158156388677,0.005050108306224711,0,0
3056,3,1,0.7726033532301767,0.7588706395873518,1,1
3057,5,0,0.07946827864920714,0.08472628467153898,0,0
3058,1,0,0.4021567426239584,0.40060728396935685,1,1
3059,5,1,0.04193277302857553,0.046741609481516365,0,0
3060,4,0,0.03772910871300708,0.041531169487006185,0,0
3061,1,0,0.02689070708835932,0.03107888829792202,0,0
3062,3,1,0.48423168571622316,0.4814445265294897,1,1
3063,5,0,0.6056608655653277,0.5949747691725092,1,1
3064,2,0,0.006165620527320776,0.007561599650836004,0,0
3065,1,1,0.6058225118340325,0.5938100813231808,1,1
3066,4,0,0.5079888617429595,0.5016839671965927,1,1
3067,5,1,0.5718241537857883,0.5645880506770151,1,1
3068,5,1,0.09592497270995198,0.10222075243378588,0,0
3069,2,1,0.6474373557948648,0.6364810971815673,1,1
3070,2,0,0.17095843350866524,0.1761231459926962,0,0
3071,4,0,0.3105362471767742,0.3104311347846195,0,0
3072,2,1,0.08392316417599008,0.09009364420908451,0,0
3073,2,0,0.02097265135595953,0.02411310134053974,0,0
3074,4,0,0.009720078357174398,0.011455642387120327,0,0
3075,3,0,0.27174817237608184,0.27180302256754535,0,0
3076,1,0,0.24051105065585937,0.2430544975610928,0,0
3077,4,0,0.255949231560902,0.25627198855334005,0,0
3078,1,0,0.046413398047943116,0.051590874808145816,0,0
3079,5,0,0.19539411537722945,0.1985496337372708,0,0
3080,5,0,0.3185597769880873,0.32022176243481537,0,0
3081,3,0,0.20267532773438363,0.20769810650345422,0,0
3082,2,0,0.003078576828077398,0.003950369203078506,0,0
3083,1,1,0.6327604777513159,0.6212421978165612,1,1
3084,2,0,0.21192255449783504,0.21616149604684493,0,0
3085,4,0,0.03328108354165305,0.03676837304665246,0,0
3086,1,0,0.0920581749859863,0.09916263020641061,0,0
3087,5,0,0.3375133359817949,0.3361638329267784,0,0
3088,1,0,0.05237798085685372,0.05884709803889552,0,0
3089,2,1,0.7527356528306777,0.7398899565994022,1,1
3090,1,0,0.5078968024803393,0.5072966560185547,1,1
3091,4,0,0.4411597176916816,0.43747989574598567,1,1
3092,5,1,0.3268596215401723,0.3296045694799344,0,0
3093,4,0,0.6773435156808614,0.6663856747527819,1,1
3094,4,1,0.2515584031461703,0.25476666797408065,0,0
3095,1,0,0.04375349574900126,0.04850129566629015,0,0
3096,3,1,0.46822925252981895,0.4645834868098756,1,1
3097,4,0,0.13191247363788317,0.13732542968416875,0,0
3098,2,0,0.006719358500266258,0.008356257687965659,0,0
3099,5,0,0.3935341745526357,0.3920288888506749,0,0
3100,2,0,0.5781381664927614,0.5704013102379892,1,1
3101,5,0,0.7614702028770439,0.7509204390683691,1,1
3102,1,0,0.156010641398221,0.16142432823842173,0,0
3103,3,1,0.6488205855257164,0.6389086890990111,1,1
3104,5,0,0.057684065926053796,0.06244363582733883,0,0
3105,3,1,0.17011069522065222,0.17307343812585535,0,0
3106,4,0,0.052393567217898715,0.05709743401449755,0,0
3107,5,0,0.0915279028447737,0.09645462992364119,0,0
3108,2,0,0.37592087510612143,0.3768313255142239,0,0
3109,2,0,0.005849987621522414,0.0072978040141186695,0,0
3110,4,0,0.020247643836566288,0.023086032917383356,0,0
3111,2,0,0.05360172471423879,0.05865338431185548,0,0
3112,4,0,0.45034856558502434,0.4422706028191367,1,1
3113,4,0,0.023220842098687286,0.026258235034573262,0,0
3114,1,0,0.08462425917502427,0.09065871594835517,0,0
3115,4,0,0.41898091258806663,0.4147253890188827,1,1
3116,3,1,0.5326432458009114,0.5258285643224371,1,1
3117,3,1,0.6796716670368919,0.6676592897605447,1,1
3118,2,0,0.040430132322600065,0.045192788577499754,0,0
3119,3,1,0.21290524288090848,0.21762944077302565,0,0
3120,3,0,0.060504647669331904,0.06625404102006757,0,0
3121,5,0,0.5005780253889082,0.49421740248949375,1,1
3122,1,1,0.5881380877290446,0.5778138836299822,1,1
3123,3,1,0.7490441820450907,0.7346375357965239,1,1
3124,5,0,0.038890924094852904,0.043376342102854445,0,0
3125,2,0,0.14890026045828178,0.15600488619882752,0,0
3126,4,1,0.6460830083597688,0.6370134515958223,1,1
3127,3,1,0.18244529996924014,0.1861905225506207,0,0
3128,5,1,0.20967273951387716,0.21303009823556165,0,0
3129,3,0,0.5757880909526132,0.5667457695058067,1,1
3130,5,0,0.044014538822559644,0.0489979322352478,0,0
3131,2,0,0.14397243409210886,0.15099207191180586,0,0
3132,5,1,0.7665648534932555,0.755858119253174,1,1
3133,2,0,0.14939130557999328,0.1543649383124863,0,0
3134,5,0,0.10486826726778048,0.1109914864642838,0,0
3135,4,0,0.003384703369530823,0.0042094911116716816,0,0
3136,5,0,0.2382344132776122,0.24105835350860105,0,0
3137,3,0,0.25142915279644784,0.25408122478129685,0,0
3138,4,0,0.2859693326100667,0.2869096688842057,0,0
3139,4,1,0.6452062739929629,0.6357705838061941,1,1
3140,5,0,0.3695619642075217,0.3666842367556319,0,0
3141,1,0,0.1568075596404634,0.1607526297532083,0,0
3142,4,1,0.5077426188593749,0.5012293647430424,1,1
3143,1,0,0.5042735846360576,0.499263987615684,1,1
3144,3,0,0.06464013844493238,0.0700251443428374,0,0
3145,1,1,0.3058399599692248,0.30800417015651654,0,0
3146,2,0,0.24573472171605032,0.25053160042004174,0,0
3147,3,0,0.12215688525972848,0.1285213999994485,0,0
3148,4,0,0.009693126554289734,0.011304433985761071,0,0
3149,4,0,0.07098326342581796,0.0749652723584521,0,0
3150,1,1,0.6148738754554546,0.6066258344582977,1,1
3151,5,0,0.768313362496931,0.7574015730595003,1,1
3152,2,0,0.4462255977995305,0.44161387818370923,1,1
3153,1,1,0.7478366417497607,0.735156936521429,1,1
3154,4,0,0.12271781253281536,0.12806041277858551,0,0
3155,1,1,0.5821687288239701,0.5684232961554025,1,1
3156,3,0,0.03933586847345162,0.04469896638220906,0,0
3157,3,0,0.4481461178088705,0.4434217761709685,1,1
3158,1,0,0.4334361423593524,0.42484581768595475,1,1
3159,1,1,0.8006531710326158,0.786812160199527,1,1
3160,2,0,0.0031896433037176403,0.004044981462147862,0,0
3161,5,0,0.033941544871313734,0.037860129188390865,0,0
3162,4,0,0.3540807219976654,0.3517099313177459,0,0
3163,4,0,0.04153371497851429,0.04478031889088495,0,0
3164,4,0,0.032753902592729776,0.03643337390364719,0,0
3165,5,0,0.0021962647757950552,0.0028410328484342272,0,0
3166,5,0,0.5848039013015806,0.5772355781334272,1,1
3167,5,0,0.027542723662865715,0.031314129245653764,0,0
3168,5,1,0.02447989957144666,0.027760103551049,0,0
3169,1,0,0.07241638710199089,0.07894889897877976,0,0
3170,5,0,0.06259559766340482,0.06790897769512536,0,0
3171,5,0,0.0799167160357813,0.08595013703856816,0,0
3172,1,1,0.6427997482312161,0.6269523038769647,1,1
3173,4,0,0.005573048221014645,0.006756762286091386,0,0
3174,1,1,0.6077875690860073,0.5976806664422348,1,1
3175,4,0,0.7466827976717562,0.735824762931428,1,1
3176,4,0,0.0035138148276956287,0.004374290874024851,0,0
3177,2,1,0.6237572407488416,0.6116803341869399,1,1
3178,1,0,0.001695765170060215,0.0024444717014206084,0,0
3179,1,0,0.20802342798864396,0.21315137398751363,0,0
3180,2,0,0.023913561943611245,0.027463567734271145,0,0
3181,4,1,0.6980465290765733,0.6881386161461563,1,1
3182,4,0,0.04694876288770529,0.050986949266384085,0,0
3183,5,0,0.48097408182388884,0.4750919696347724,1,1
3184,5,0,0.7190427451970698,0.7096390419370779,1,1
3185,4,1,0.6862299828975388,0.6754098779573904,1,1
3186,3,0,0.008280809403239872,0.009900582053659764,0,0
3187,3,1,0.2707352368943855,0.27242326157876656,0,0
3188,1,1,0.2357664388428909,0.23828502529387657,0,0
3189,1,0,0.015310350004440313,0.01856832610730855,0,0
3190,4,0,0.05037456334934158,0.05455697793107668,0,0
3191,4,0,0.6522881266605827,0.6420364203303686,1,1
3192,4,0,0.09338487100189785,0.09831081891119539,0,0
3193,1,0,0.007860526489569065,0.009827960160319362,0,0
3194,5,0,0.010307237584405934,0.012255530171859277,0,0
3195,1,1,0.2849424559761565,0.285017035220987,0,0
3196,1,0,0.0014354206378793264,0.0020754685124991443,0,0
3197,3,0,0.08075331296290977,0.08708588655221362,0,0
3198,3,0,0.015222311476505608,0.017619944375295637,0,0
3199,2,0,0.19938061656825254,0.20389995538366917,0,0
3200,4,1,0.4145926075283678,0.411228797645126,1,1
3201,5,0,0.4271408844319771,0.4268477912440396,1,1
3202,4,0,0.32716421854497535,0.32488992422987445,0,0
3203,3,0,0.05024822799104183,0.05556332444363754,0,0
3204,5,0,0.0689666584203336,0.07476346078591424,0,0
3205,4,1,0.7164546159111344,0.7054304408061205,1,1
3206,1,0,0.011700651913929933,0.01423252332391634,0,0
3207,3,0,0.013546826254921028,0.01649076365635039,0,0
3208,3,0,0.45132816466631176,0.44634412776834215,1,1
3209,4,1,0.5655849823115925,0.5577649720482547,1,1
3210,3,0,0.04530936853463308,0.04844490400411752,0,0
3211,4,1,0.43237676330996144,0.42842223455249473,1,1
3212,3,0,0.040121709660704524,0.043609467210413484,0,0
3213,1,0,0.007701490243912682,0.0098056750204257,0,0
3214,3,0,0.2982580793322247,0.3012243233440296,0,0
3215,3,0,0.07860436521038103,0.08234892605052725,0,0
3216,2,0,0.1893531508153876,0.19291932908555282,0,0
3217,5,0,0.00814357763530478,0.010008016764241491,0,0
3218,3,0,0.27879992325175784,0.27934075100719724,0,0
3219,1,0,0.21377094340507038,0.2164671425810379,0,0
3220,5,0,0.10884612387510377,0.11398571513864546,0,0
3221,3,0,0.0033991865917300896,0.004390960060096721,0,0
3222,5,0,0.0036577773597847173,0.004604165879981857,0,0
3223,5,0,0.8088940599687884,0.798019129450404,1,1
3224,1,0,0.012852953385415066,0.016023928369711043,0,0
3225,2,0,0.040455689635228734,0.04531908854396898,0,0
3226,3,0,0.45460667979613817,0.4509745450685587,1,1
3227,3,0,0.028288573608520613,0.03221099273445012,0,0
3228,1,1,0.5346593622533397,0.5271300281771477,1,1
3229,5,0,0.15230342574221234,0.1583488642634899,0,0
3230,1,0,0.06297696543851615,0.06896244369722801,0,0
3231,2,0,0.01698270018984314,0.019772374249884213,0,0
3232,1,0,0.3532879257491367,0.35538940593974006,0,0
3233,5,0,0.477128265067962,0.46963202233311163,1,1
3234,3,0,0.0866495714347484,0.09135417448467291,0,0
3235,5,1,0.399033668750985,0.40096391945435317,0,1
3236,1,1,0.3975336852739102,0.3956919135369349,0,0
3237,3,0,0.02359137134398791,0.02660235936163936,0,0
3238,2,0,0.19569366229423416,0.20043493885010394,0,0
3239,5,1,0.6455041414924958,0.6363946140043314,1,1
3240,1,1,0.6924748925245066,0.6797046480591779,1,1
3241,4,0,0.3869368196055548,0.3842720264250238,0,0
3242,4,0,0.028243804436691118,0.031952698382768416,0,0
3243,2,0,0.059582820844878766,0.0650193205446616,0,0
3244,1,0,0.046638704416306104,0.05149487826460055,0,0
3245,3,0,0.315571310667512,0.31653326422627714,0,0
3246,1,0,0.43854692172938364,0.43353444740012803,1,1
3247,2,0,0.7165085849206141,0.7043542326433708,1,1
3248,4,1,0.2660933720647501,0.2683816039278047,0,0
3249,2,0,0.09794754970147862,0.10438868553034368,0,0
3250,3,0,0.7688774065507118,0.7560188211983778,1,1
3251,2,1,0.06737513275050126,0.07296490583254063,0,0
3252,5,0,0.017766242461129945,0.0204982202666596,0,0
3253,2,1,0.6959629883595617,0.683916446279387,1,1
3254,4,1,0.0745811138633124,0.0796169136684752,0,0
3255,4,1,0.40043883590363466,0.3954068847425305,1,0
3256,2,1,0.6933739262416599,0.6803121546362096,1,1
3257,5,0,0.13782962600214937,0.14439706765019386,0,0
3258,1,0,0.008073771677390533,0.01004312875114824,0,0
3259,5,0,0.17383790791539905,0.17856693963398804,0,0
3260,2,1,0.6646123407735073,0.6518597750188518,1,1
3261,5,1,0.7233917058349758,0.7131776000415551,1,1
3262,3,0,0.2589212534375308,0.26213838570451947,0,0
3263,5,0,0.2844635410850274,0.2879408944654019,0,0
3264,5,0,0.4571590221958978,0.4547004023018954,1,1
3265,4,0,0.5755246409367346,0.5683140577717374,1,1
3266,2,0,0.42707140499899043,0.4282925674063699,1,1
3267,4,0,0.43419433266666063,0.43035957881814885,1,1
3268,5,1,0.24012181503139982,0.24283268234715724,0,0
3269,2,0,0.3508894737186473,0.348982027034011,0,0
3270,1,0,0.0061382527383154785,0.007998809043148777,0,0
3271,3,0,0.38359406570782645,0.3792904649676766,0,0
3272,4,0,0.31973809310487467,0.3195274447989877,0,0
3273,5,0,0.3499569770443896,0.34656043275903164,0,0
3274,3,0,0.04894459281980507,0.05330679474328409,0,0
3275,2,1,0.7271022790007963,0.7141372309367489,1,1
3276,4,0,0.05050794543087835,0.054251358040551215,0,0
3277,1,1,0.6454661609463552,0.6295333038478625,1,1
3278,4,0,0.006510226461117191,0.007776322663246028,0,0
3279,3,0,0.10467628270057276,0.11113656200930902,0,0
3280,1,0,0.19754759497586694,0.2006492542485175,0,0
3281,2,0,0.028739289150604735,0.03263141674122677,0,0
3282,4,0,0.03487736293071225,0.039143107411032226,0,0
3283,5,0,0.03982020305990353,0.04378058850692148,0,0
3284,3,0,0.04954408307966633,0.053557451618193905,0,0
3285,1,0,0.22155291550713477,0.22483130575816754,0,0
3286,3,0,0.022657427853549645,0.026501928842970552,0,0
3287,3,0,0.22578094434556792,0.2286444245659188,0,0
3288,3,1,0.5983077095713126,0.5885546009784974,1,1
3289,5,0,0.014277438053452753,0.016904905639662852,0,0
3290,5,0,0.28192834725530624,0.28443416467208127,0,0
3291,5,0,0.1711573882378673,0.1763784058462333,0,0
3292,3,0,0.13020137943412932,0.1352499282293772,0,0
3293,2,0,0.007185055712508717,0.008834752338502665,0,0
3294,4,1,0.15073957390026643,0.15672978641942265,0,0
3295,2,0,0.33319844076877375,0.33310225016130734,0,0
3296,5,0,0.37641276733661,0.3766949326439123,0,0
3297,1,0,0.3687364339273593,0.3643405101045274,0,0
3298,2,0,0.3691947831538447,0.3644852983655606,0,0
3299,1,0,0.04162492550449059,0.04728751295641044,0,0
3300,3,0,0.009997124547484628,0.012373302444270472,0,0
3301,4,0,0.14776838105420997,0.15157431119562098,0,0
3302,3,1,0.7113519260327696,0.7005507323348089,1,1
3303,5,0,0.6216053202639872,0.6136976126190872,1,1
3304,2,1,0.15410325264369965,0.15970256248774004,0,0
3305,4,0,0.3981372553202387,0.3985027581636523,0,0
3306,2,0,0.009921767337840648,0.012008501175561112,0,0
3307,3,0,0.18838229499587708,0.19167499628472956,0,0
3308,5,1,0.5010617388845104,0.49549904013104873,1,1
3309,1,0,0.002433263743380196,0.0033527107986306612,0,0
3310,2,0,0.0671958977121901,0.07234742437379252,0,0
3311,3,1,0.019341553133949987,0.022704331587164336,0,0
3312,3,0,0.7768528926626274,0.7635963866463384,1,1
3313,1,0,0.1745973347732931,0.18186234890461556,0,0
3314,1,0,0.011224992484103169,0.013886378614284683,0,0
3315,1,0,0.0296179484600025,0.03412543046383141,0,0
3316,3,1,0.7197110812205312,0.7085590692746158,1,1
3317,1,0,0.2279853681470362,0.23037677107359156,0,0
3318,1,0,0.2962478569331499,0.29762979870093476,0,0
3319,3,0,0.2359875423401065,0.23930697258959926,0,0
3320,3,0,0.08336732556047759,0.08958970860994545,0,0
3321,3,0,0.3546510189436989,0.3565450184830915,0,0
3322,5,0,0.00835763629530985,0.010105720761657892,0,0
3323,3,0,0.013864409335327696,0.01636906475685085,0,0
3324,3,0,0.6460614699337576,0.6338187159268507,1,1
3325,2,0,0.0323174138450598,0.036233425966436875,0,0
3326,5,0,0.08303300269422226,0.08834436412598759,0,0
3327,1,0,0.016367610816194065,0.01974417176219061,0,0
3328,1,1,0.6258094543151769,0.6168370151813847,1,1
3329,2,0,0.0404487353825281,0.045234176347497365,0,0
3330,2,0,0.19949613245120965,0.2038112056856821,0,0
3331,3,0,0.7497360502729645,0.7388913249187027,1,1
3332,3,1,0.10409455611752993,0.11111667312422577,0,0
3333,3,0,0.003339006576723733,0.004466546166678428,0,0
3334,2,0,0.0409885622229139,0.045717473701813505,0,0
3335,2,0,0.17875212778339042,0.18434346277581026,0,0
3336,4,0,0.010378503726175823,0.01212513969589912,0,0
3337,3,0,0.6402618034843928,0.6300796320336031,1,1
3338,5,1,0.5662006449511257,0.5600968172870402,1,1
3339,4,1,0.651130298432496,0.6415367084888335,1,1
3340,3,0,0.2886533987923329,0.29047076366191,0,0
3341,1,0,0.10994915451616087,0.11615497851343345,0,0
3342,4,1,0.6528059748243811,0.6428404975798816,1,1
3343,5,0,0.013796724033729914,0.016109342903234257,0,0
3344,4,1,0.5115424203399569,0.507001793257648,1,1
3345,2,0,0.3241267684898356,0.3216526017101663,0,0
3346,4,0,0.04730653990928332,0.05256272985705775,0,0
3347,2,0,0.14383497361668318,0.14891466542397458,0,0
3348,2,0,0.1651811238736479,0.17351225224275368,0,0
3349,5,0,0.6384742679460004,0.6293843455112427,1,1
3350,1,0,0.004390023071756507,0.005836041009244708,0,0
3351,5,0,0.012271253687690187,0.01447075377091597,0,0
3352,2,0,0.0020399293087121485,0.0026596343482876194,0,0
3353,4,0,0.07738486537170307,0.08319316024753791,0,0
3354,4,0,0.08082054721445911,0.08572237645618094,0,0
3355,3,0,0.7406034119985526,0.7289956827885264,1,1
3356,4,0,0.06675389381282619,0.07178313389899052,0,0
3357,3,0,0.05509738414761942,0.05874889115815622,0,0
3358,2,0,0.24451731050172265,0.2503796691315626,0,0
3359,2,0,0.04055882839837496,0.04492781769976882,0,0
3360,3,0,0.0636974619401477,0.06879128338931484,0,0
3361,2,0,0.06789627318913459,0.07366746367500046,0,0
3362,1,1,0.5931148985400453,0.5841362148709994,1,1
3363,3,1,0.7382565142875714,0.7271027514857915,1,1
3364,3,1,0.3518683493238342,0.35154184797854215,0,0
3365,5,1,0.7697478695386702,0.758859032737557,1,1
3366,5,0,0.09826873063402866,0.10362236752696066,0,0
3367,5,0,0.01229908799207319,0.014593362450198408,0,0
3368,1,0,0.694245513725626,0.6825358767684848,1,1
3369,1,0,0.23714061311210033,0.2394349082014641,0,0
3370,5,0,0.007498809113235494,0.009217242656187119,0,0
3371,5,0,0.17457633907612777,0.17822487829725414,0,0
3372,2,0,0.10394033994912043,0.11045319540945761,0,0
3373,3,0,0.5869440338586824,0.5795977129457451,1,1
3374,4,0,0.0031677928662472983,0.00396463660522939,0,0
3375,4,1,0.6365196716083152,0.6268471331608158,1,1
3376,5,1,0.5399375092249177,0.5331681106886497,1,1
3377,4,0,0.00983710457761262,0.011731477394954165,0,0
3378,4,1,0.6192999621576604,0.6111594159452631,1,1
3379,3,0,0.050078297643888305,0.05460788103500623,0,0
3380,1,0,0.057205905826907856,0.06275050686759172,0,0
3381,3,0,0.09127259802680736,0.09725049461953625,0,0
3382,3,0,0.22826416198708366,0.23119813202508607,0,0
3383,5,1,0.5620634362467972,0.5553006566315122,1,1
3384,5,0,0.006831233367953264,0.008445044829103451,0,0
3385,1,0,0.029253386226557494,0.03436850724914966,0,0
3386,1,1,0.6828081206039949,0.6712762979080473,1,1
3387,4,1,0.10531920141043197,0.10955922912840854,0,0
3388,2,0,0.19946403966649046,0.20383582074351594,0,0
3389,1,0,0.08377793553106913,0.09102214616410807,0,0
3390,1,0,0.07228846698298554,0.07798887164212162,0,0
3391,1,0,0.031872652220335314,0.035915003372649225,0,0
3392,5,0,0.18337142085585928,0.18878210543513232,0,0
3393,3,0,0.055200828062029327,0.06002995391912769,0,0
3394,4,0,0.051675245765723785,0.05588180280494426,0,0
3395,5,0,0.30865085685909427,0.31165360147489346,0,0
3396,1,0,0.5701759300641871,0.5608931902353798,1,1
3397,1,0,0.0034712743210154923,0.004770438911788346,0,0
3398,5,0,0.34068407880655505,0.3376394789771006,0,0
3399,2,1,0.21855218409544352,0.22319698900387705,0,0
3400,1,0,0.07976161107557528,0.08580363306126293,0,0
3401,1,0,0.02459755670130137,0.028586196287909798,0,0
3402,1,0,0.06182258655512657,0.06685713883900982,0,0
3403,5,1,0.29337374266932487,0.29493287594529904,0,0
3404,5,1,0.10105671855641736,0.10750420788281842,0,0
3405,3,0,0.017866586926341372,0.020282475733280188,0,0
3406,1,0,0.2122767753599805,0.21736972604420077,0,0
3407,2,1,0.35522122998297295,0.35474115708098103,0,0
3408,2,0,0.02217820262101626,0.02546064375212847,0,0
3409,4,0,0.03130353652736341,0.03481844981818803,0,0
3410,1,1,0.006332591070352569,0.008252998180496294,0,0
3411,2,1,0.38936855789833313,0.3889351268103309,0,0
3412,5,0,0.01504112125128115,0.01770238217285022,0,0
3413,5,0,0.2952015856428561,0.29690084155199653,0,0
3414,2,0,0.19541472277471456,0.20093778170357018,0,0
3415,1,0,0.2885463568002721,0.28603005555833966,0,0
3416,5,0,0.10967026217276475,0.11444437969029582,0,0
3417,4,0,0.08845782974394566,0.0936990730846781,0,0
3418,4,0,0.1638183862336887,0.1688902744898389,0,0
3419,4,0,0.708284128742506,0.6980388062726509,1,1
3420,1,0,0.5335198555553221,0.5296549483958393,1,1
3421,3,0,0.01773233268366258,0.020093445562798917,0,0
3422,2,0,0.6517845711201434,0.6405595269677276,1,1
3423,1,1,0.6342464375262782,0.625000081736997,1,1
3424,3,0,0.0037851845023900116,0.0049123681993121174,0,0
3425,5,1,0.5068340615609493,0.5026088743381733,1,1
3426,1,1,0.596140702963094,0.5869463952931162,1,1
3427,4,0,0.34909752222069096,0.35168763325348396,0,0
3428,1,0,0.014922049646068988,0.017890966042842366,0,0
3429,1,1,0.13677854555626565,0.14397053107866614,0,0
3430,5,0,0.022943035878781368,0.02636230117895035,0,0
3431,3,0,0.26608506408249283,0.2701087670335908,0,0
3432,5,0,0.05258882949395531,0.05698028827664792,0,0
3433,3,0,0.0020370336766403177,0.0027555861810915298,0,0
3434,5,0,0.08718001875462365,0.09402402052485018,0,0
3435,3,0,0.008371040134251977,0.010202920335828,0,0
3436,1,0,0.011742105220896484,0.014445635442068089,0,0
3437,1,0,0.29095301373574833,0.2920230032632525,0,0
3438,5,0,0.4332361145295902,0.4296704256750231,1,1
3439,4,0,0.5267798661242822,0.5202944858842574,1,1
3440,5,0,0.013987857815468078,0.016486977553068816,0,0
3441,1,1,0.6766663537919182,0.667144793569203,1,1
3442,4,1,0.696024359885466,0.6863442276108889,1,1
3443,3,0,0.011774547804277639,0.013681402849171595,0,0
3444,3,0,0.13488180958940113,0.14037516377021145,0,0
3445,5,0,0.058465477046896024,0.06353672378775502,0,0
3446,2,0,0.11274949194339476,0.11918786820554436,0,0
3447,3,0,0.0036502390362578795,0.004856013010260039,0,0
3448,2,0,0.6127425288526548,0.603474098620809,1,1
3449,5,0,0.7138326150111349,0.7038264469715357,1,1
3450,4,1,0.3686889033750717,0.3684177027696647,0,0
3451,4,0,0.22038123864412643,0.22246424193823047,0,0
3452,1,1,0.7663720107200376,0.7529360221523514,1,1
3453,5,0,0.5870333003701798,0.5796694310636035,1,1
3454,1,0,0.4893899849687795,0.48347790817722486,1,1
3455,3,1,0.4438091312594485,0.44012751098687575,1,1
3456,3,1,0.47058564359139776,0.46513496771592316,1,1
3457,1,0,0.002080996599260297,0.0029508421634927865,0,0
3458,1,0,0.28522356905415114,0.2871361843798769,0,0
3459,2,0,0.6349968307238885,0.6257355918449616,1,1
3460,2,0,0.057330599000375064,0.06288150298758846,0,0
3461,5,0,0.28764490843747204,0.2885685541592534,0,0
3462,2,0,0.460557396320167,0.4589664155285071,1,1
3463,4,0,0.07378224623088117,0.07867472592920496,0,0
3464,5,0,0.3134314165789105,0.3135112881502611,0,0
3465,2,1,0.5275876954653475,0.5212676363242417,1,1
3466,5,0,0.017991612144793806,0.020923200847427305,0,0
3467,3,1,0.7584306591707464,0.7478182088646741,1,1
3468,3,0,0.0033418927431650486,0.0044666874954964715,0,0
3469,5,0,0.09913424492708116,0.10561445426571761,0,0
3470,5,1,0.24082996438550106,0.2431318785897704,0,0
3471,1,1,0.6998029061941767,0.6885568056155342,1,1
3472,2,0,0.17085270542265768,0.1758850734539864,0,0
3473,1,0,0.14760728638343235,0.15289533312834735,0,0
3474,5,0,0.005902883210267675,0.007265658433269978,0,0
3475,4,0,0.4593688723884044,0.453668070843423,1,1
3476,5,0,0.09731364315668578,0.10211298508797875,0,0
3477,1,0,0.3200312147600945,0.32024904843933744,0,0
3478,2,0,0.6177036245974928,0.6057151271825718,1,1
3479,4,0,0.08025824447977313,0.08535041963633082,0,0
3480,4,0,0.01641596554039284,0.01894508699775318,0,0
3481,1,0,0.3381815883931261,0.33619325027917096,0,0
3482,3,0,0.01670182912594963,0.01909998906449901,0,0
3483,1,0,0.025355499451287056,0.02927164754635462,0,0
3484,4,0,0.49644443416993617,0.4913931541527914,1,1
3485,5,0,0.046181568567069106,0.050862066232391846,0,0
3486,3,1,0.731100199511231,0.7201850479188799,1,1
3487,3,1,0.5638048942664429,0.5561796317878207,1,1
3488,4,0,0.09340422103189167,0.09839695366367791,0,0
3489,1,0,0.07139009735426882,0.0772773837971147,0,0
3490,4,0,0.20122014721511922,0.20399342181750288,0,0
3491,3,0,0.027319398007737764,0.0313361051385821,0,0
3492,4,0,0.002954913949993902,0.0037709110077546668,0,0
3493,2,0,0.09590903781989975,0.10207033295611305,0,0
3494,4,0,0.2428808351291575,0.24552036939132735,0,0
3495,5,0,0.49458241138263986,0.4904802134981579,1,1
3496,4,0,0.07000841093278785,0.07519092339693148,0,0
3497,2,0,0.051394043238299124,0.05677047424825209,0,0
3498,5,1,0.3688779492624818,0.368317800904039,0,0
3499,5,0,0.41527057433507586,0.4132547854705303,1,1
3500,3,0,0.019142370994804602,0.022025125624984637,0,0
3501,4,1,0.47303661153730475,0.4662367528707937,1,1
3502,2,0,0.05387635425068489,0.05929818319477616,0,0
3503,4,0,0.21771796745603678,0.22024269860808743,0,0
3504,4,0,0.03682484358680616,0.04078373385158225,0,0
3505,2,0,0.4865829754239888,0.47884595393274854,1,1
3506,5,0,0.11323331573656233,0.11881743627678423,0,0
3507,5,0,0.36096648118961144,0.36119909545957424,0,0
3508,4,0,0.2774876007624944,0.2787412613422949,0,0
3509,1,0,0.03972783727659591,0.04418035233762942,0,0
3510,5,0,0.008823829714990227,0.010586158098112258,0,0
3511,1,0,0.1482625025079966,0.1525411415548443,0,0
3512,3,0,0.5572355952652421,0.5481645583072837,1,1
3513,5,1,0.12270067751174328,0.12901676762769723,0,0
3514,1,0,0.12945791506271254,0.13668716522534136,0,0
3515,1,0,0.4987589306258455,0.49032808454980864,1,1
3516,2,1,0.5572835759351107,0.5471099573252756,1,1
3517,2,0,0.12483130360027082,0.1304861972124522,0,0
3518,1,0,0.010936407515572896,0.01362223620358934,0,0
3519,5,0,0.00535183816902185,0.00662471528891499,0,0
3520,1,0,0.5686353431856018,0.5568263992636473,1,1
3521,2,0,0.06995268207011249,0.07544302847424231,0,0
3522,3,0,0.004985803854560587,0.00654237336219726,0,0
3523,3,1,0.5979424950057659,0.5889267563724735,1,1
3524,4,0,0.08574747309723416,0.09027535038238395,0,0
3525,1,0,0.011300542222511879,0.014089794624212679,0,0
3526,5,0,0.44634814743545154,0.4399259549179371,1,1
3527,2,1,0.5737494545837297,0.5654949905854677,1,1
3528,2,1,0.017051312256112804,0.020113577648689367,0,0
3529,5,0,0.11364846424287214,0.11837598583027047,0,0
3530,3,0,0.05247977718968523,0.057575220584028766,0,0
3531,1,0,0.34897722064154263,0.3453271352982364,0,0
3532,4,0,0.28406243174769596,0.28715167398381325,0,0
3533,3,0,0.15707645725238084,0.16311772961698628,0,0
3534,5,0,0.2065601796977056,0.21030529135842682,0,0
3535,1,0,0.3418405197703983,0.3433225927332363,0,0
3536,2,0,0.08792685921848055,0.0944286404745561,0,0
3537,1,0,0.007373288435979597,0.009234638064972215,0,0
3538,5,0,0.06081094763316472,0.06597402824687233,0,0
3539,1,0,0.5758366426420205,0.5664221803437315,1,1
3540,3,0,0.024587455415839184,0.028157955234315114,0,0
3541,2,0,0.734350980874756,0.7222470349559557,1,1
3542,2,0,0.4281602790713865,0.42555279023606285,1,1
3543,3,0,0.5069245850317108,0.49857970531893103,1,1
3544,1,0,0.18859910728913232,0.19458518286899099,0,0
3545,2,0,0.1079804415978223,0.1142479958614219,0,0
3546,3,0,0.00637689912281267,0.007910308240057276,0,0
3547,3,0,0.019497549984658743,0.02248805121150401,0,0
3548,4,0,0.016474537507737023,0.019169745433663822,0,0
3549,2,1,0.7178700518466473,0.7045817633747792,1,1
3550,2,0,0.3833595128533299,0.3819108642608094,0,0
3551,2,1,0.18531989974174243,0.19006258742446297,0,0
3552,5,0,0.03952329654414998,0.043616344166693764,0,0
3553,1,0,0.25795051167081784,0.2573130715880721,0,0
3554,5,1,0.6825032286939855,0.6724367917249723,1,1
3555,5,0,0.12252188787502484,0.1284366285754946,0,0
3556,4,1,0.2573368649648243,0.259719825351416,0,0
3557,1,0,0.48619535012154846,0.4797742324158768,1,1
3558,2,0,0.0099020156636818,0.011825468928560224,0,0
3559,1,1,0.7610432792494459,0.7468405389773187,1,1
3560,4,0,0.1934861469800225,0.1959470270304564,0,0
3561,4,1,0.4043064135780852,0.4017010907114752,1,1
3562,3,0,0.003610706951386474,0.004690878124312228,0,0
3563,2,1,0.7582717823107432,0.7455070033478425,1,1
3564,2,0,0.40918501808100716,0.40649222307347677,1,1
3565,5,0,0.5428767255462558,0.5375753804149326,1,1
3566,5,1,0.6918237200402529,0.6813092065067672,1,1
3567,5,1,0.7212971440798661,0.7107576837786891,1,1
3568,5,1,0.3345839102219205,0.33399203609113987,0,0
3569,1,1,0.7171766274561456,0.7035233852212605,1,1
3570,3,0,0.06054354311155307,0.06564406336221378,0,0
3571,1,1,0.19448679513936373,0.1996341820585137,0,0
3572,3,0,0.06079172951649145,0.06604974217847175,0,0
3573,4,1,0.30659450310621633,0.30573342957027355,0,0
3574,5,0,0.015003776094550888,0.01771646078084359,0,0
3575,5,0,0.023628752380648304,0.02702275751365051,0,0
3576,5,0,0.23025138122618719,0.23285939236393408,0,0
3577,5,1,0.18188478374260292,0.1856686449103441,0,0
3578,3,0,0.09960604578158962,0.10500682530174647,0,0
3579,1,0,0.5849808592586672,0.5762067480184861,1,1
3580,2,0,0.008655255490393182,0.010457901682046541,0,0
3581,5,1,0.630670267563523,0.6213681873602883,1,1
3582,5,0,0.15267586146115264,0.15779552331493324,0,0
3583,5,1,0.7364441741496136,0.7261252251760671,1,1
3584,2,0,0.004618072835329015,0.005799721902714964,0,0
3585,5,0,0.7212007775638991,0.7108464139046151,1,1
3586,2,0,0.01586710406696525,0.018771185697348276,0,0
3587,5,0,0.20546176793709342,0.20876326777660678,0,0
3588,5,0,0.09371935285105218,0.09872073617760338,0,0
3589,5,1,0.22280605117578695,0.22665231101717526,0,0
3590,2,0,0.027559414673471574,0.031746343402650465,0,0
3591,3,0,0.1836208793256315,0.186632589127775,0,0
3592,1,0,0.2551492052433644,0.256352581549418,0,0
3593,1,0,0.0050919044805212916,0.00671844584350801,0,0
3594,2,0,0.03312392646346943,0.037584700207961806,0,0
3595,3,0,0.6474830154172412,0.636427491716163,1,1
3596,5,1,0.7218160981380045,0.7116420889350488,1,1
3597,2,0,0.011004801758197697,0.0131290921500184,0,0
3598,1,0,0.2270865275502146,0.228695109296512,0,0
3599,3,0,0.07662328744964159,0.08233895676820377,0,0
3600,5,1,0.5683520777379552,0.5616248938800684,1,1
3601,3,0,0.07404856857729106,0.07879729368536041,0,0
3602,3,1,0.45410252667353124,0.4493212214076324,1,1
3603,1,1,0.5667981983104651,0.5591926582524472,1,1
3604,3,0,0.018056228925666887,0.02126601618435487,0,0
3605,2,0,0.004342765768315762,0.005459230254478961,0,0
3606,3,0,0.2569993784434049,0.26032651409300656,0,0
3607,2,0,0.0693674351720969,0.07464274368044818,0,0
3608,3,1,0.6455434476776429,0.6349593963272541,1,1
3609,4,0,0.13464808721463287,0.13909012794100648,0,0
3610,2,0,0.14171415207090127,0.14852608926503397,0,0
3611,5,0,0.02084963426234054,0.024043607525003324,0,0
3612,2,1,0.0123375358570642,0.014647750690249317,0,0
3613,3,0,0.5611431544304206,0.5536820143722407,1,1
3614,2,0,0.5259705088385671,0.5159402346886568,1,1
3615,3,0,0.013505916829904879,0.015492752298493163,0,0
3616,5,1,0.7844244684549881,0.7734083087716564,1,1
3617,4,1,0.7392152430396647,0.7288022029242495,1,1
3618,5,0,0.12449703085256417,0.13041897955788045,0,0
3619,2,0,0.0302522695257067,0.03418194267894533,0,0
3620,4,0,0.3150327643049177,0.31308962457532147,0,0
3621,4,0,0.4462207568729301,0.4428060513617063,1,1
3622,1,1,0.1094051133436988,0.11797290302336214,0,0
3623,1,0,0.3038205261095001,0.3035593259733481,0,0
3624,3,0,0.2563055920426382,0.2611266193875247,0,0
3625,4,0,0.0037843463234501786,0.00469097741336851,0,0
3626,5,1,0.5803753720308148,0.5700839906853401,1,1
3627,2,1,0.6151182006367072,0.6044381779019153,1,1
3628,5,0,0.09312084784607867,0.09801739046514699,0,0
3629,4,1,0.7017674660788643,0.6913383813617898,1,1
3630,2,1,0.6244314557239785,0.6151953819960255,1,1
3631,3,1,0.027307776536946347,0.030675353137341727,0,0
3632,2,0,0.19919639502035238,0.20269939954125066,0,0
3633,4,0,0.4009798538354503,0.39756045419473474,1,0
3634,1,1,0.736886660021414,0.7236848394314236,1,1
3635,2,0,0.38850409066494207,0.3844612315104229,0,0
3636,5,1,0.6116096372725182,0.6034158617435197,1,1
3637,3,0,0.2784950379346742,0.27743273559875486,0,0
3638,5,0,0.4124545204838317,0.41463841679908253,1,1
3639,1,0,0.002352564662282808,0.003321718980242737,0,0
3640,1,0,0.2171766063221547,0.22157476286373998,0,0
3641,1,0,0.055176431642189924,0.06041658039313291,0,0
3642,3,0,0.3593016079974451,0.3556937827180188,0,0
3643,1,0,0.016060631175638784,0.01932144220533315,0,0
3644,4,1,0.6945126896033682,0.6838176690741478,1,1
3645,2,0,0.06682746558810745,0.07223167018089016,0,0
3646,5,0,0.15729530120000243,0.16075722894202515,0,0
3647,1,0,0.5259135559641105,0.5197136250125238,1,1
3648,3,0,0.38200793796741733,0.3802691055274657,0,0
3649,4,0,0.03322373071833769,0.036486212035071554,0,0
3650,5,1,0.6226028126369645,0.6117125006025372,1,1
3651,1,1,0.179356864315403,0.18348730044814268,0,0
3652,4,0,0.022890304177823468,0.02627159588273132,0,0
3653,4,0,0.5209688077041223,0.5141395164756449,1,1
3654,4,0,0.2441359324225197,0.24709966181937887,0,0
3655,1,1,0.19983805505977234,0.20428235046163085,0,0
3656,2,0,0.18530604256533187,0.1903100151945282,0,0
3657,5,0,0.48502097364886537,0.4767790405036537,1,1
3658,3,0,0.3976698388927651,0.3924900667144862,0,0
3659,4,0,0.003462261145041255,0.004349751950877202,0,0
3660,4,0,0.1757974961878606,0.17864147999168542,0,0
3661,3,0,0.20237857931628198,0.20697921165332916,0,0
3662,1,0,0.1071626872263375,0.11313858033087269,0,0
3663,5,0,0.2112667645921521,0.21472265380193362,0,0
3664,3,0,0.3450564340178163,0.34646996384516354,0,0
3665,1,0,0.0016001619832815858,0.0022964655906337725,0,0
3666,1,0,0.0024966754756175786,0.0034624660814369067,0,0
3667,2,0,0.013572234811398716,0.016053724337400106,0,0
3668,2,1,0.819478509710636,0.8073085864762362,1,1
3669,2,0,0.04336619318777925,0.04831955326896946,0,0
3670,5,0,0.38522629065906155,0.3849866503405899,0,0
3671,4,0,0.03731179275990568,0.04107424759960044,0,0
3672,3,0,0.24879691304894344,0.2528389392683065,0,0
3673,3,0,0.021996322237358878,0.025641769603177888,0,0
3674,3,1,0.47944055798343754,0.4712185396652453,1,1
3675,3,0,0.014883250468774995,0.017206221848438098,0,0
3676,1,0,0.4481391863915018,0.44475321403047746,1,1
3677,4,1,0.5813278910409453,0.574566867489609,1,1
3678,3,0,0.18093735418345128,0.18730538959504933,0,0
3679,2,0,0.03398588644504136,0.03843242108327201,0,0
3680,5,0,0.047501713292751054,0.05222430788753787,0,0
3681,2,0,0.407225338837127,0.40176214803261956,1,1
3682,4,0,0.0073544928587005835,0.008833166314223151,0,0
3683,3,0,0.28725071070264,0.2906848465523114,0,0
3684,2,0,0.26203542293340587,0.26141530942365027,0,0
3685,5,0,0.015202019087807387,0.017681616701204262,0,0
3686,3,0,0.045525240896758516,0.04991814999069093,0,0
3687,3,0,0.05229170457433923,0.0573631976116948,0,0
3688,3,0,0.09428163104132514,0.09999931329949255,0,0
3689,1,1,0.12328227071635778,0.1284239041004221,0,0
3690,1,0,0.0030979488511319545,0.00427372865062609,0,0
3691,2,0,0.012165280594320541,0.014364441058571173,0,0
3692,3,1,0.33540957152972917,0.3357533884411429,0,0
3693,2,0,0.1276855630444528,0.13322660752725018,0,0
3694,5,0,0.0063088724242293046,0.007693312683949541,0,0
3695,2,0,0.25313817893862006,0.2552628191889271,0,0
3696,1,0,0.2484444212892419,0.24956840152194298,0,0
3697,1,0,0.7500870730535587,0.7378951722900597,1,1
3698,1,1,0.6232929560649276,0.6122626591598455,1,1
3699,1,0,0.04282523039010221,0.04734086866944001,0,0
3700,4,0,0.2655013671943878,0.26606980940950414,0,0
3701,5,0,0.2335390791816224,0.2345701224226143,0,0
3702,5,0,0.5915997112969184,0.5822058026523514,1,1
3703,1,0,0.291378750965315,0.2921751829367033,0,0
3704,5,0,0.12258741253046734,0.12807876071680385,0,0
3705,5,0,0.15151765898269232,0.15589868139632618,0,0
3706,5,0,0.1541776635449718,0.15895202981038725,0,0
3707,3,0,0.12384232540476453,0.1302741631759494,0,0
3708,4,1,0.7544148095673059,0.7438581153097028,1,1
3709,4,1,0.17609981188522394,0.17838245499497077,0,0
3710,4,0,0.004137468799329355,0.005135628973464024,0,0
3711,5,0,0.00838800790504748,0.010021971255968671,0,0
3712,5,0,0.013317166834815927,0.01579803541638845,0,0
3713,5,0,0.01954506105049439,0.022545471929359056,0,0
3714,3,1,0.7628112120953313,0.7515766189678516,1,1
3715,5,0,0.7216505502132465,0.7110587047274448,1,1
3716,3,1,0.6720919190074607,0.6602497751868223,1,1
3717,3,0,0.49462397456474216,0.48936502160781126,1,1
3718,1,1,0.011230544131346042,0.013659496578273683,0,0
3719,4,0,0.41965718456730033,0.418917463260292,1,1
3720,5,1,0.608534720728352,0.5986339682747238,1,1
3721,2,0,0.631065650578454,0.6215233069055383,1,1
3722,3,0,0.2846475944995131,0.28673055269162767,0,0
3723,5,0,0.7140958296293307,0.70381556365453,1,1
3724,1,0,0.06076111128957314,0.06666337189100616,0,0
3725,4,1,0.20214356388019314,0.20677587026649458,0,0
3726,3,0,0.021788650925710407,0.02561128421492117,0,0
3727,5,0,0.10275070462734442,0.1090299549973821,0,0
3728,1,0,0.47201794387970497,0.4641330826942192,1,1
3729,2,0,0.3188628289472705,0.3198393097970055,0,0
3730,5,0,0.0614489887769158,0.0664075811412807,0,0
3731,4,1,0.21555935818719665,0.21716398410975457,0,0
3732,4,0,0.013851380982104677,0.015903645206688435,0,0
3733,5,0,0.06456806403140875,0.06944191207622614,0,0
3734,2,1,0.7633677801274383,0.7510786844371644,1,1
3735,2,1,0.6519312033347971,0.6405368711059598,1,1
3736,5,0,0.0906183434850715,0.09581463317355082,0,0
3737,5,0,0.3214948189374707,0.3229040968476603,0,0
3738,4,0,0.06302210850933215,0.06782581836292688,0,0
3739,3,1,0.6562162435039844,0.6444966957544803,1,1
3740,4,0,0.2092019649287291,0.21293826811866223,0,0
3741,5,1,0.5324310904826113,0.5256457090545296,1,1
3742,3,1,0.3178752909397892,0.31911597358852994,0,0
3743,4,0,0.15907749115328026,0.16355927873083945,0,0
3744,1,1,0.6179367129575117,0.6094598851008108,1,1
3745,4,0,0.015625441000490323,0.017880016274670903,0,0
3746,3,0,0.26428427411883654,0.26627859591192815,0,0
3747,4,0,0.12142414659143984,0.1263442986009951,0,0
3748,1,0,0.045160666754267914,0.05049625208426141,0,0
3749,5,1,0.5173221262065412,0.5113753476006336,1,1
3750,2,0,0.24855090501417265,0.2511964242526569,0,0
3751,4,0,0.2954733434668052,0.2945459803642391,0,0
3752,3,0,0.16426044148974656,0.16987231912763226,0,0
3753,4,0,0.3716003248281557,0.36945604993939546,0,0
3754,1,0,0.00448518928418733,0.0059316091851931785,0,0
3755,3,0,0.018471529311871737,0.02193617333090925,0,0
3756,5,0,0.09654244918543198,0.10285923893759512,0,0
3757,4,0,0.2657897168271516,0.2651735232677231,0,0
3758,1,1,0.03642553430872121,0.04161116097537271,0,0
3759,1,0,0.6812952458692894,0.6706346623707903,1,1
3760,5,1,0.5169016930960144,0.5116476629202195,1,1
3761,4,0,0.5600088932689884,0.5516381046084458,1,1
3762,1,1,0.4612117561706068,0.454645031035345,1,1
3763,2,0,0.15125453266335634,0.15739472059931597,0,0
3764,3,0,0.010476019816559535,0.012507375202721877,0,0
3765,5,0,0.32566629532162095,0.32599281592192986,0,0
3766,4,0,0.08533035644983092,0.09111781354141131,0,0
3767,5,0,0.025685608333949467,0.02933564218710109,0,0
3768,4,0,0.21305700194593669,0.21522729549786498,0,0
3769,1,0,0.1727423174852186,0.1767149368022694,0,0
3770,5,0,0.01721670007916707,0.019809734226600824,0,0
3771,3,0,0.0202208740578963,0.02276530790603595,0,0
3772,3,0,0.008585159702635427,0.010328787253202038,0,0
3773,5,0,0.2899806694508025,0.2923764678655819,0,0
3774,3,0,0.05559958344316486,0.061213611332501264,0,0
3775,2,1,0.548687510000546,0.5385907949997494,1,1
3776,2,0,0.18803438710778358,0.1921546831819223,0,0
3777,1,1,0.17892855956111856,0.1831826871672418,0,0
3778,5,0,0.03252471680422876,0.036363953573709216,0,0
3779,1,1,0.6563811015100025,0.6436264236437729,1,1
3780,3,0,0.038350345366083734,0.04275076268356312,0,0
3781,2,1,0.3571878302946664,0.3597695221599949,0,0
3782,2,0,0.016103675029079115,0.01886031071558538,0,0
3783,2,0,0.005246116816352171,0.0065477853169369025,0,0
3784,3,0,0.018312334134781418,0.021708690533260088,0,0
3785,5,0,0.4724881024862445,0.46988535900453343,1,1
3786,1,0,0.035360585073184056,0.04005529685593929,0,0
3787,1,0,0.0012338936786672073,0.0018027875023338472,0,0
3788,2,0,0.43055333602465157,0.4277048407363301,1,1
3789,2,1,0.04318744878236828,0.048116564286765605,0,0
3790,4,0,0.08571330559424147,0.09140446042637791,0,0
3791,4,0,0.013655913353421641,0.015593406856736696,0,0
3792,1,0,0.05831612136408737,0.06356190948740958,0,0
3793,3,1,0.5700278919530785,0.5615773965346517,1,1
3794,1,0,0.5320610493008943,0.5223000830460053,1,1
3795,4,0,0.684433412683399,0.6742787794579065,1,1
3796,4,0,0.019321033331135117,0.022154299857025005,0,0
3797,5,0,0.621440164838426,0.6119946494023413,1,1
3798,2,1,0.7437685641817527,0.7315164005281538,1,1
3799,1,0,0.021022713642508017,0.024891854971833265,0,0
3800,5,0,0.03889247205362034,0.04309153057565861,0,0
3801,4,1,0.39267000177876155,0.3912045520640216,0,0
3802,4,0,0.1692720556610818,0.1741929173643701,0,0
3803,3,1,0.16551597040341268,0.1696199314069589,0,0
3804,5,0,0.03891663650008829,0.043401077916464685,0,0
3805,5,0,0.0037741543662457378,0.004753639010592701,0,0
3806,2,1,0.34141135141868145,0.34250377678753285,0,0
3807,4,0,0.006312784155574204,0.007728780166703633,0,0
3808,1,1,0.7346389660980421,0.7213756663965734,1,1
3809,5,0,0.023997931400732423,0.027381061669228213,0,0
3810,1,0,0.0014871066544006888,0.00216241426355469,0,0
3811,1,0,0.2946837201889205,0.29835602667241246,0,0
3812,2,1,0.4902213106946215,0.4842499933390883,1,1
3813,5,0,0.04859284853316961,0.05297294953708481,0,0
3814,5,0,0.0019998692905668558,0.0025772311956371923,0,0
3815,2,0,0.02492120947744959,0.028414526744781766,0,0
3816,5,0,0.06954572463060098,0.07442919658154656,0,0
3817,5,1,0.7504118576508487,0.7398999779865465,1,1
3818,1,0,0.010515534088827737,0.012907452753643791,0,0
3819,3,1,0.08400512361128257,0.0910058587066534,0,0
3820,5,1,0.49382172151755327,0.48778646781575297,1,1
3821,4,0,0.6688457723396338,0.6581522987006634,1,1
3822,2,0,0.2899796643943896,0.2924058362317594,0,0
3823,1,0,0.002956710909242351,0.00406356444176213,0,0
3824,2,0,0.6426752859800313,0.63235313593619,1,1
3825,2,0,0.5068304169532075,0.49956781838906716,1,1
3826,2,0,0.0060803916142105,0.0074814098939686505,0,0
3827,1,0,0.5445442424226428,0.5345989528417154,1,1
3828,1,0,0.24515129324949078,0.24670308289888204,0,0
3829,5,1,0.6349324746250479,0.6261714630004688,1,1
3830,1,0,0.1147855483879686,0.1202143467165299,0,0
3831,2,0,0.22954331724344204,0.23428706921374598,0,0
3832,1,0,0.015959743109774552,0.019272506656007007,0,0
3833,5,1,0.5524598528205648,0.5458858836926825,1,1
3834,5,0,0.6241092626734921,0.615043160559017,1,1
3835,3,0,0.19376232529833043,0.1967526137656302,0,0
3836,4,1,0.27765054386368465,0.27735153530742396,0,0
3837,3,0,0.16137999868012165,0.1655926336979216,0,0
3838,4,0,0.20761165008465732,0.2095830657155188,0,0
3839,2,0,0.04029497985748219,0.044937650780667755,0,0
3840,4,0,0.1506271619403024,0.15458464651042245,0,0
3841,4,1,0.8416724124718783,0.8308282583111295,1,1
3842,1,0,0.006780723376367987,0.008655584370705427,0,0
3843,4,0,0.1951737143618161,0.1974615771676777,0,0
3844,2,0,0.006883217651161931,0.00845315994577961,0,0
3845,5,0,0.02176727987972592,0.025026243124057435,0,0
3846,4,0,0.25012624171099307,0.2509340468343804,0,0
3847,1,1,0.648503454987753,0.6384827744515571,1,1
3848,4,1,0.3867172624907687,0.3855183833983688,0,0
3849,5,1,0.2552509912787845,0.2604028389350879,0,0
3850,2,0,0.3569794761005699,0.3545476515712804,0,0
3851,4,1,0.600780890211405,0.593574370397112,1,1
3852,5,1,0.19724919933082646,0.20192761866641673,0,0
3853,2,0,0.19944478585639758,0.2038506036736615,0,0
3854,1,1,0.0027303505308335476,0.003733565988259929,0,0
3855,5,0,0.03644752019396246,0.04071322769429784,0,0
3856,5,0,0.06818899880157332,0.07346705247680271,0,0
3857,3,0,0.0364360381448239,0.039764567951725845,0,0
3858,2,1,0.3245002624024634,0.32761522720082825,0,0
3859,4,1,0.7875711301269895,0.7761300847882705,1,1
3860,4,0,0.10634435999189204,0.11168240799733356,0,0
3861,4,0,0.3072343370011689,0.3085176258869151,0,0
3862,3,0,0.029041133031406183,0.032683023343434175,0,0
3863,1,0,0.04604213259593591,0.05153001555462193,0,0
3864,1,0,0.020375016480889657,0.024225432825501922,0,0
3865,2,0,0.0035365839386109774,0.004541420430506574,0,0
3866,5,0,0.3108877533735474,0.30904270068249357,0,0
3867,1,0,0.17635550342584927,0.18338219574827214,0,0
3868,3,1,0.6881954862922671,0.676056268140231,1,1
3869,5,0,0.13603114106101968,0.14052125429384596,0,0
3870,1,1,0.5831623983466002,0.5755050191017863,1,1
3871,1,0,0.10484915612761374,0.11160142753042797,0,0
3872,5,0,0.5502073458413316,0.543246753522407,1,1
3873,4,1,0.4166548042230689,0.4140813687329625,1,1
3874,3,0,0.0014657614050774515,0.002037181204470057,0,0
3875,1,0,0.01590826219328381,0.019122989770949186,0,0
3876,4,0,0.05685480433051143,0.0620847644965715,0,0
3877,2,0,0.5287803644139857,0.5180253244177415,1,1
3878,3,1,0.5134868561894461,0.5100100888550136,1,1
3879,4,1,0.7279483097564888,0.7171497633424656,1,1
3880,5,0,0.1974763372448372,0.20441565280877333,0,0
3881,1,0,0.14878969410567067,0.15395819522553716,0,0
3882,2,1,0.7118735406064677,0.7002138734541563,1,1
3883,5,0,0.0026067302445726692,0.003324305980203662,0,0
3884,5,0,0.11058867238506899,0.11620611189726346,0,0
3885,2,0,0.1562015439932978,0.16283176519930975,0,0
3886,2,0,0.04338911216464555,0.04818469940167173,0,0
3887,2,1,0.5132773722095211,0.5044996412237639,1,1
3888,4,0,0.3030658761363429,0.30456853319421756,0,0
3889,1,0,0.010667909863441469,0.013046599848111054,0,0
3890,5,0,0.05861694599466866,0.06348983760880658,0,0
3891,3,0,0.052074998901799056,0.056718430369851316,0,0
3892,1,0,0.07704527608423564,0.08365693679487345,0,0
3893,2,1,0.6879712463770199,0.6764866240726982,1,1
3894,3,0,0.0024744560590919196,0.0032697883233130135,0,0
3895,3,0,0.12295982963687153,0.12814109322355582,0,0
3896,4,0,0.3941360108980018,0.3909833223831737,0,0
3897,4,0,0.38433148051892985,0.38285587728785037,0,0
3898,5,0,0.5405391310237857,0.5319977622516945,1,1
3899,4,1,0.5983994324875431,0.5871580828713286,1,1
3900,3,0,0.48236738692398307,0.4782302703704408,1,1
3901,2,0,0.03293974267097278,0.037776064516503324,0,0
3902,1,0,0.042123790893165786,0.04688473829670723,0,0
3903,4,0,0.017790431097609354,0.020306974262978644,0,0
3904,2,1,0.2090543400947791,0.21326853644669472,0,0
3905,5,1,0.604927859727383,0.5966860707950276,1,1
3906,1,0,0.30169320901438,0.30339155148885966,0,0
3907,1,0,0.11359924370669695,0.12088013807355817,0,0
3908,3,0,0.004419430427141149,0.005603824862627909,0,0
3909,4,0,0.24401888001919012,0.24672159588677042,0,0
3910,1,0,0.013428908187049865,0.01627810540325672,0,0
3911,5,1,0.572615985096773,0.5655324002307952,1,1
3912,3,0,0.02558212783678095,0.029644424223122346,0,0
3913,1,0,0.20747704440458714,0.21136597777706229,0,0
3914,3,0,0.13483643447573987,0.13873554005443248,0,0
3915,5,0,0.26147591801911224,0.2650207583706413,0,0
3916,2,0,0.5147614517855462,0.5085104335962549,1,1
3917,3,0,0.6892104890207091,0.6783828703672288,1,1
3918,4,1,0.3352333171058759,0.33482282494155263,0,0
3919,5,0,0.0677183251265451,0.07311275533941994,0,0
3920,3,0,0.22642098000187147,0.23085399691054614,0,0
3921,4,0,0.2091723248610809,0.21304254592516206,0,0
3922,4,0,0.25872783529136,0.26091990415010136,0,0
3923,4,1,0.5711678746488895,0.5627132291536496,1,1
3924,1,1,0.47444151383920724,0.4675230645722527,1,1
3925,4,1,0.6760253415553835,0.6659102370407732,1,1
3926,2,1,0.7362076449063356,0.7232730927083229,1,1
3927,5,0,0.5410787243573648,0.5337804005630085,1,1
3928,3,0,0.003421905419339963,0.0044960818976658,0,0
3929,2,0,0.003644437429820895,0.004602228039212395,0,0
3930,1,1,0.6683356497158618,0.6584106638375345,1,1
3931,5,0,0.020398904857595077,0.023407803306370677,0,0
3932,3,0,0.022825857391857413,0.025734012353288156,0,0
3933,1,0,0.030041989848338453,0.03481128155367301,0,0
3934,2,0,0.0072472540446063966,0.008822678572634452,0,0
3935,2,0,0.31695225636383045,0.3171427498395621,0,0
3936,1,0,0.6669515242599283,0.6550417590197524,1,1
3937,2,0,0.11588798129005151,0.12158570276983813,0,0
3938,1,0,0.0034296494534498314,0.0045960858565232705,0,0
3939,3,0,0.005434304323142122,0.006680981084070547,0,0
3940,1,0,0.001153077022300528,0.0017025066921390688,0,0
3941,1,0,0.4252022626418997,0.42242389372886774,1,1
3942,4,0,0.05456764092993201,0.05886991635843419,0,0
3943,3,0,0.054850835651849006,0.06084163851115666,0,0
3944,2,0,0.10719042120797655,0.11316658750596176,0,0
3945,2,0,0.011550325202940323,0.01368882146267909,0,0
3946,2,0,0.016503339527314503,0.019286286498493916,0,0
3947,5,1,0.3998090729127568,0.3984497607210499,0,0
3948,3,0,0.03071847164383684,0.03458560364153843,0,0
3949,1,0,0.6814241408081922,0.6701658198338659,1,1
3950,2,0,0.411936405262759,0.410886012182042,1,1
3951,4,0,0.09446124426877474,0.09878389202939074,0,0
3952,4,0,0.03094411771710628,0.03449131087267854,0,0
3953,2,0,0.3184705932494304,0.3208940555432434,0,0
3954,1,0,0.050231891059589306,0.05631256251613466,0,0
3955,3,1,0.437026982206628,0.4328174725002253,1,1
3956,2,0,0.6156007672247008,0.6042824033829847,1,1
3957,1,1,0.20929869973522336,0.2125508530653525,0,0
3958,2,1,0.48584313837366355,0.48034552549786785,1,1
3959,5,0,0.010646658747497161,0.012544169206927178,0,0
3960,2,0,0.1752743815755257,0.18075803603060286,0,0
3961,2,0,0.02073125904196135,0.02396072417167969,0,0
3962,2,1,0.6647550398863626,0.652299608021838,1,1
3963,1,0,0.42686651118278357,0.4254790711924882,1,1
3964,5,1,0.5893214570147328,0.5808597817984726,1,1
3965,1,0,0.630945673240799,0.6197908177916356,1,1
3966,2,0,0.5984199044971157,0.5887052284033102,1,1
3967,4,0,0.02167520031297294,0.024626831282983635,0,0
3968,2,1,0.5765811945383871,0.566924956100939,1,1
3969,3,0,0.2043727431763308,0.20929379334446815,0,0
3970,5,0,0.28868593242833196,0.288847789865288,0,0
3971,5,1,0.20273628973709748,0.20608890763287016,0,0
3972,3,1,0.5464761876993233,0.538440350604404,1,1
3973,4,0,0.23632781017374896,0.23928297102591686,0,0
3974,5,0,0.18160287996338553,0.18607776581941585,0,0
3975,5,0,0.04593866689967399,0.05101619387439323,0,0
3976,3,1,0.47332749061920837,0.4677517032253358,1,1
3977,1,1,0.6774048373250497,0.6621019115591023,1,1
3978,4,0,0.20787267206205617,0.2114036839499816,0,0
3979,4,1,0.5347622798761564,0.5297461893704173,1,1
3980,2,0,0.034596480312468744,0.03886634816990457,0,0
3981,4,0,0.19964736396772528,0.20180647283063569,0,0
3982,4,0,0.14804071197475216,0.1520794567976303,0,0
3983,1,0,0.47189231160881795,0.4664236837066138,1,1
3984,1,1,0.4036834591318115,0.40082164515326973,1,1
3985,1,0,0.07826675303378919,0.08438203534135924,0,0
3986,4,0,0.023827138075648693,0.027220610116169025,0,0
3987,2,0,0.0390723159253963,0.04360937464648531,0,0
3988,4,1,0.5196987828549294,0.5133692167170837,1,1
3989,4,0,0.008682946276214482,0.010256732339903037,0,0
3990,2,0,0.067275087138471,0.0727964025126862,0,0
3991,1,1,0.5660016729304344,0.5563504907702622,1,1
3992,1,1,0.26262375932122406,0.26252362374680765,0,0
3993,1,1,0.2670175002010738,0.2719128734915773,0,0
3994,2,0,0.013978554609609199,0.016473193267692907,0,0
3995,3,0,0.002143815732589644,0.0028623076510493513,0,0
3996,3,0,0.029295180460048746,0.033413400098675765,0,0
3997,2,0,0.28980106990663634,0.2926202502167231,0,0
3998,2,1,0.1412242606353665,0.14684359864249474,0,0
3999,1,0,0.08538178203171415,0.09228180812936339,0,0
4000,2,0,0.010932786066891347,0.013027267683650767,0,0
4001,2,1,0.5750011183279372,0.5672307281792713,1,1
4002,5,1,0.6680301487888474,0.6566402295451976,1,1
4003,1,0,0.018800696117172045,0.022313511997364865,0,0
4004,2,1,0.5275026195210505,0.521382163331484,1,1
4005,1,0,0.20744250158019917,0.21168881015092408,0,0
4006,2,0,0.025257457684122648,0.02885960221136246,0,0
4007,1,0,0.35947304593292995,0.3606990485305436,0,0
4008,3,1,0.1927600468715667,0.19833241518223643,0,0
4009,4,0,0.01420788137883302,0.01648516506547228,0,0
4010,2,0,0.31632108414240084,0.31488389778366777,0,0
4011,5,1,0.15190379678639607,0.1574399750605814,0,0
4012,3,1,0.2755848510492378,0.2791767457027262,0,0
4013,3,0,0.05775119057116722,0.0634526477573353,0,0
4014,5,0,0.042243266345497535,0.04662350429828556,0,0
4015,5,0,0.08621339501680451,0.09184126254152854,0,0
4016,3,0,0.4125164413986409,0.4081892332045462,1,1
4017,1,0,0.11605679721325148,0.12197198861239109,0,0
4018,3,0,0.4210823207744468,0.4176050040327269,1,1
4019,4,0,0.0945784750270076,0.10002197468564197,0,0
4020,3,1,0.19111464733212385,0.19531160195961134,0,0
4021,4,0,0.05049087927978138,0.05473705201108993,0,0
4022,3,0,0.0013007965486390998,0.0018103675438892412,0,0
4023,4,0,0.781359639983152,0.7708682590288314,1,1
4024,1,0,0.009118395665890164,0.011527013141510717,0,0
4025,5,0,0.16809254707737203,0.17431456754365876,0,0
4026,5,0,0.021310940950434953,0.02438384312488657,0,0
4027,2,1,0.6958439041359716,0.6840104067996855,1,1
4028,4,0,0.0040384446010618535,0.005006942604368755,0,0
4029,5,0,0.6436027058568048,0.6341042018254385,1,1
4030,1,0,0.044152985672994555,0.049226725366237796,0,0
4031,2,1,0.7253836921876353,0.7126021953407019,1,1
4032,2,0,0.04354698940271078,0.04812104120683178,0,0
4033,5,0,0.28755145255109665,0.2872344232512549,0,0
4034,5,0,0.6333072438434281,0.6263988738798644,1,1
4035,1,0,0.24547483100772335,0.2469304059479179,0,0
4036,3,0,0.03871975944266429,0.043851934957351846,0,0
4037,4,0,0.5430654679623605,0.5365503834275381,1,1
4038,5,1,0.677785178614378,0.6687615180896934,1,1
4039,1,0,0.10070460923930238,0.10666367288139497,0,0
4040,1,1,0.7724742676574269,0.7590429530550754,1,1
4041,5,0,0.3887158047717704,0.3895003762586073,0,0
4042,3,0,0.038849087788972406,0.04347637417637509,0,0
4043,1,0,0.03525038175102212,0.03993250261224018,0,0
4044,1,1,0.5967311239430263,0.5917739383293525,1,1
4045,1,0,0.38658334709668624,0.3840169905131568,0,0
4046,2,0,0.37482733304765714,0.37182425630735305,0,0
4047,3,1,0.28653476446465365,0.286466083615907,0,0
4048,5,1,0.06999202979888144,0.07541539690400165,0,0
4049,3,0,0.22626123025729136,0.2300586075088833,0,0
4050,4,0,0.2184665577209785,0.22315931676896011,0,0
4051,1,0,0.01767128588266065,0.021104616088687078,0,0
4052,1,0,0.006840978709688746,0.008742931197533943,0,0
4053,2,0,0.011240961085350467,0.013427940495272937,0,0
4054,5,1,0.6193545419131125,0.609347160673772,1,1
4055,3,0,0.036706914964232416,0.041421598097063285,0,0
4056,5,1,0.19543594110873871,0.20016468709443574,0,0
4057,3,1,0.41329451029757824,0.41231035183260734,1,1
4058,1,0,0.048604783943525506,0.05438091666078444,0,0
4059,5,0,0.049223043652943284,0.05433932583760319,0,0
4060,3,0,0.10143232256164723,0.10782757119696033,0,0
4061,4,0,0.003980947073570169,0.005003453424917853,0,0
4062,4,1,0.6965445217157171,0.6861792393200938,1,1
4063,3,0,0.5205557124308245,0.5150791823899226,1,1
4064,4,0,0.6771360293230235,0.6658355982164548,1,1
4065,3,0,0.23111068692791753,0.23577254172905526,0,0
4066,2,0,0.010708081397317111,0.01275654363254762,0,0
4067,1,0,0.4314226904230185,0.42372692506482557,1,1
4068,3,1,0.3338829049527849,0.332531897908204,0,0
4069,1,0,0.03326091359261287,0.038003624243651814,0,0
4070,3,0,0.07416016679735198,0.0797929421922971,0,0
4071,2,0,0.563364300698615,0.5544982071101122,1,1
4072,3,0,0.0961440472368724,0.10114435705645827,0,0
4073,1,0,0.010084404008459905,0.012400633940512152,0,0
4074,1,0,0.031393812044976786,0.035870100340250656,0,0
4075,2,0,0.07268793216496466,0.07899982898386243,0,0
4076,3,1,0.021085365983529888,0.024930378162567563,0,0
4077,2,0,0.18955085492868337,0.1941656460716925,0,0
4078,4,0,0.004677352070260675,0.005778068817921596,0,0
4079,5,0,0.4761708889265503,0.47197506994365257,1,1
4080,5,1,0.5808372134297507,0.5734758860712006,1,1
4081,2,1,0.4694124674674645,0.4627805837937757,1,1
4082,2,0,0.13027247666917305,0.13584287548155807,0,0
4083,5,0,0.04318031719825389,0.048110424935263615,0,0
4084,4,0,0.031031046100094297,0.03543463043594052,0,0
4085,1,0,0.009202300977297975,0.011300121524969672,0,0
4086,5,0,0.24488834355309105,0.24924230012742754,0,0
4087,3,1,0.7794495240785954,0.7689142428885752,1,1
4088,2,1,0.11635859863328539,0.12196679546997535,0,0
4089,4,1,0.6480861556341705,0.6381575075511133,1,1
4090,4,0,0.39551686487710075,0.3936689779973618,0,0
4091,4,0,0.03292309797844279,0.03659129114659756,0,0
4092,1,1,0.27608321321905094,0.2794507227291862,0,0
4093,2,0,0.14543784554740236,0.1513069312760019,0,0
4094,4,0,0.10569034632945817,0.11081294511606618,0,0
4095,1,0,0.19363521945419412,0.1989509416328461,0,0
4096,4,0,0.004498576491914577,0.005475474984583178,0,0
4097,1,0,0.735316266846353,0.7211024418231597,1,1
4098,2,1,0.22404756592935182,0.2287207796278611,0,0
4099,3,1,0.15451983295930682,0.16005575073704098,0,0
4100,3,0,0.04012086856590035,0.04320172319314285,0,0
4101,3,0,0.29006599703638397,0.29156594900372623,0,0
4102,3,0,0.00908407691508425,0.010720884399161471,0,0
4103,2,1,0.645295221078348,0.6335085955696405,1,1
4104,3,0,0.018234548566049107,0.02122172689007091,0,0
4105,3,0,0.5119139103443552,0.5087465284773153,1,1
4106,4,1,0.18683697941876518,0.19200680701164674,0,0
4107,2,0,0.1260681442331791,0.1335709495170103,0,0
4108,5,1,0.5103339195851918,0.5065097094088871,1,1
4109,4,0,0.01929970014374392,0.021919466522537942,0,0
4110,3,1,0.7773383645070999,0.7636743811972865,1,1
4111,5,0,0.24327361482385218,0.2450985981625046,0,0
4112,1,1,0.12025670764443325,0.1261583377599021,0,0
4113,5,0,0.46952816328555663,0.46344030304164907,1,1
4114,1,1,0.45938398250317936,0.4516132776448053,1,1
4115,5,1,0.5773357593966132,0.5682855513536997,1,1
4116,5,1,0.6900626858855654,0.6796758556548975,1,1
4117,1,1,0.6400974248013548,0.6308271238057623,1,1
4118,1,0,0.2720835501921355,0.2733840423435413,0,0
4119,5,0,0.715683687357415,0.7053532359284128,1,1
4120,5,0,0.3486253849824516,0.3484748756052383,0,0
4121,5,0,0.12454019638661694,0.13128279982759203,0,0
4122,1,0,0.00442664829054373,0.0058898537606397825,0,0
4123,3,0,0.7800319827185901,0.7673896968437726,1,1
4124,1,0,0.19233184012950413,0.19604669974757646,0,0
4125,3,0,0.06995604402978339,0.07531904031314554,0,0
4126,5,0,0.6393979019383046,0.6301645694144116,1,1
4127,2,0,0.06350713692211823,0.06914037397130703,0,0
4128,4,0,0.006578468170042311,0.007951698474927342,0,0
4129,2,0,0.19291306489790278,0.19629266668046708,0,0
4130,3,0,0.21804890700469873,0.2215812540709572,0,0
4131,2,0,0.007821596359686538,0.009558313034398766,0,0
4132,2,0,0.4932401542144121,0.48496939487341956,1,1
4133,3,1,0.594927128695798,0.5840908853807404,1,1
4134,5,0,0.29274476259578697,0.294643040503177,0,0
4135,4,0,0.0848470858103458,0.09051092845942359,0,0
4136,1,0,0.03586386675701459,0.040724058752850935,0,0
4137,5,0,0.0032146182440328823,0.00409413559004774,0,0
4138,5,0,0.621537139709159,0.6122899619367844,1,1
4139,4,0,0.1492249430275551,0.15390024744492403,0,0
4140,5,0,0.12856660178497537,0.13265229148918323,0,0
4141,1,0,0.1696973969003586,0.17427196150750418,0,0
4142,1,0,0.4728938085995717,0.46691843153971,1,1
4143,2,0,0.1568085126630187,0.16226704894456292,0,0
4144,1,0,0.014701561465435116,0.017663121195488088,0,0
4145,2,1,0.6846222823543926,0.6725974739763328,1,1
4146,1,0,0.08769209917066245,0.09403925147529453,0,0
4147,3,0,0.20319446119160472,0.20715767732478518,0,0
4148,4,0,0.24291150281557647,0.24539791929991508,0,0
4149,2,1,0.6274502907543146,0.6177739311839952,1,1
4150,4,0,0.05500872504019581,0.05949631462638362,0,0
4151,4,0,0.15608296559697432,0.1606428920326492,0,0
4152,5,1,0.582658847704299,0.5739300137855778,1,1
4153,5,0,0.20162929012602715,0.20387922357701252,0,0
4154,2,0,0.013905306623897027,0.016311384924356055,0,0
4155,2,0,0.012689806012629104,0.015076651045922356,0,0
4156,1,1,0.34381508715184667,0.34356974098468057,0,0
4157,1,0,0.03284852062480566,0.03745924534969217,0,0
4158,4,1,0.7310623150400725,0.720967181350215,1,1
4159,2,0,0.5670469120878515,0.5578076486304157,1,1
4160,5,0,0.6327314486769652,0.625526155457411,1,1
4161,5,0,0.6499068560550597,0.6422586105242426,1,1
4162,2,0,0.0037751836830707706,0.004775703239323732,0,0
4163,5,1,0.5343220951494521,0.5284243273334168,1,1
4164,1,0,0.0065523262537534105,0.008252346109610726,0,0
4165,3,0,0.1713973190537575,0.17670758999024674,0,0
4166,3,0,0.10497916028459449,0.1089692469230481,0,0
4167,2,1,0.2813691567177999,0.28392533029450673,0,0
4168,1,0,0.3095136321998387,0.31046803198774875,0,0
4169,3,0,0.17573175061931498,0.17983922675180158,0,0
4170,2,0,0.1163164729009034,0.12277941877530332,0,0
4171,1,0,0.05225916914481937,0.05760262825335899,0,0
4172,3,0,0.014862283430375595,0.017161900362296527,0,0
4173,5,1,0.34013728590767817,0.34147030770666686,0,0
4174,1,0,0.11171293056048166,0.1180457443364572,0,0
4175,2,0,0.049759263342762955,0.05508581470001032,0,0
4176,4,1,0.09592755514760448,0.1013790390134957,0,0
4177,5,0,0.7711913717023523,0.7592562607907716,1,1
4178,4,1,0.4890053050466197,0.4834265986643208,1,1
4179,4,1,0.15963865192142918,0.16323622319008127,0,0
4180,1,1,0.03855735003242674,0.044588809262609004,0,0
4181,2,0,0.21611063868698924,0.22115465267487117,0,0
4182,3,0,0.12684807900703554,0.13181519784800497,0,0
4183,1,0,0.17833027734874954,0.1827569015173742,0,0
4184,5,0,0.037591776939383724,0.04175809476358044,0,0
4185,1,0,0.25672859553579735,0.25802637529154,0,0
4186,3,0,0.30437367990840786,0.30504544982938303,0,0
4187,3,0,0.0037859490000048137,0.004852923420606959,0,0
4188,2,0,0.32855029858610374,0.32839864629075094,0,0
4189,5,0,0.12555138679293076,0.1306797925645779,0,0
4190,3,0,0.7308278408968643,0.7201532966928568,1,1
4191,3,0,0.3326826212196748,0.33321780550940394,0,0
4192,1,1,0.41265543589040443,0.41451640900587944,1,1
4193,1,0,0.04908421412547738,0.05451970168231544,0,0
4194,4,1,0.7564132985515051,0.7444729915474619,1,1
4195,5,0,0.15136691508748332,0.1556276999996762,0,0
4196,4,1,0.62748349960732,0.6169183448078245,1,1
4197,5,0,0.19144762538148763,0.19518981095593377,0,0
4198,5,0,0.6307301787296788,0.6228007089075558,1,1
4199,5,0,0.23888923569173923,0.24366118941305928,0,0
4200,5,0,0.06648266052238716,0.0715622546802076,0,0
4201,3,0,0.06427218124148935,0.0691872199106002,0,0
4202,1,0,0.05849251747659944,0.06435870255561338,0,0
4203,2,1,0.643830891390633,0.6324760367422492,1,1
4204,2,0,0.308132947082072,0.31167746205569097,0,0
4205,1,0,0.4264883528763246,0.4192526567912395,1,1
4206,1,1,0.7444675254292004,0.7313417282003962,1,1
4207,5,1,0.6156935022547223,0.6064696603600399,1,1
4208,4,0,0.08013198179269249,0.08642674438402306,0,0
4209,2,0,0.7303714823012744,0.7166123721211737,1,1
4210,3,1,0.6321985578375744,0.6232413076270825,1,1
4211,5,0,0.28893796621689993,0.2868993691947672,0,0
4212,1,0,0.17067039305487033,0.17988985314990735,0,0
4213,5,0,0.029720528498896642,0.03334219054520442,0,0
4214,3,1,0.6171089674619615,0.6081439127763466,1,1
4215,3,1,0.1315101005675469,0.13676843725070773,0,0
4216,2,0,0.4360476252792316,0.43293685775385204,1,1
4217,2,0,0.47666210586371194,0.47152688134119447,1,1
4218,4,0,0.1697992442418321,0.1746802735232209,0,0
4219,5,0,0.026845543973475387,0.03065741134373349,0,0
4220,4,0,0.03635987533612053,0.040794753107089424,0,0
4221,3,0,0.12067106745866511,0.12680370243198885,0,0
4222,2,0,0.030537722596080407,0.034560743703408135,0,0
4223,1,0,0.09700995749025407,0.10301230104181765,0,0
4224,5,0,0.012216555418013395,0.014443123087569999,0,0
4225,5,0,0.3811994242779228,0.380508627674868,0,0
4226,2,1,0.7291672741851958,0.7161286382101898,1,1
4227,2,0,0.0023080507267391956,0.0029906489657708308,0,0
4228,4,0,0.162449363563813,0.16545749629748582,0,0
4229,2,1,0.40352444240642515,0.40115985280706423,1,1
4230,1,0,0.01705855106588871,0.020032987470299496,0,0
4231,1,1,0.6984602913081378,0.6863676150049628,1,1
4232,4,0,0.21097635788635824,0.21253195177085873,0,0
4233,2,0,0.0032067742001641686,0.004107556186981695,0,0
4234,4,1,0.8004562306505829,0.7888730287890796,1,1
4235,2,0,0.15451343309061666,0.16087290737115065,0,0
4236,5,1,0.6441465118588138,0.6351814272221716,1,1
4237,4,0,0.015961239122065055,0.018235481948372594,0,0
4238,3,1,0.557285268215919,0.5494580332063271,1,1
4239,2,0,0.20210549102688724,0.20591991717207775,0,0
4240,3,1,0.7453823818664319,0.7331359407907809,1,1
4241,1,0,0.13576624582422314,0.14048005935752736,0,0
4242,2,0,0.04647653128570625,0.05118668767237948,0,0
4243,4,0,0.1699885149254531,0.1757831977577437,0,0
4244,3,0,0.06259814547828688,0.06634193482357102,0,0
4245,5,0,0.2685676370340525,0.26756726626213584,0,0
4246,5,0,0.02387889801623013,0.02733615159202492,0,0
4247,2,0,0.005693255353356162,0.007039098277470779,0,0
4248,2,0,0.4402229424438221,0.43374796556725315,1,1
4249,3,1,0.6065653914088075,0.596311833044001,1,1
4250,2,0,0.31803484119845127,0.3202250331541784,0,0
4251,3,0,0.09562703218216831,0.10239719843548112,0,0
4252,3,0,0.4917152511739868,0.48592373232911584,1,1
4253,1,0,0.047248528926842615,0.05294281074078775,0,0
4254,5,1,0.6488670796955054,0.6383765048208829,1,1
4255,2,0,0.004295280413756064,0.00535663200247809,0,0
4256,2,1,0.16666329621635306,0.17070493420781646,0,0
4257,3,1,0.28870875723198564,0.2931118879652227,0,0
4258,2,0,0.2614746966785425,0.26239702203201826,0,0
4259,3,0,0.009655268680648237,0.011495150146319345,0,0
4260,5,1,0.5319292135357812,0.5255990679790787,1,1
4261,3,0,0.18023502752365825,0.1841477192708178,0,0
4262,3,1,0.3505499108801151,0.34942994697895835,0,0
4263,1,0,0.016643529985441052,0.019798813085232042,0,0
4264,3,0,0.07054659500129178,0.07478668482877053,0,0
4265,5,0,0.013212975089668615,0.015596521561260221,0,0
4266,2,0,0.06913702493163647,0.0749449407159005,0,0
4267,1,0,0.18178033325084758,0.18900429904810373,0,0
4268,1,0,0.21485207594180222,0.2158576128817385,0,0
4269,5,0,0.104107902400524,0.10976631516977038,0,0
4270,2,0,0.013494640703361658,0.015891614580232506,0,0
4271,5,0,0.0271096923368327,0.03057718543368749,0,0
4272,3,1,0.32498707825839185,0.3247148094622586,0,0
4273,1,0,0.028554662863477843,0.03275435786532097,0,0
4274,3,1,0.6184132575579744,0.6058074157409066,1,1
4275,1,1,0.101967846049619,0.10771858999820125,0,0
4276,1,0,0.10575296031642836,0.11046716813558104,0,0
4277,3,0,0.19155394880033225,0.19546811588711827,0,0
4278,1,0,0.16106150712351452,0.16841345164546997,0,0
4279,5,0,0.04290146238701964,0.04794699583023213,0,0
4280,1,1,0.716118799621285,0.70414188718941,1,1
4281,4,1,0.29492580064618906,0.29657793964296897,0,0
4282,2,0,0.023527671158613532,0.02697979557117621,0,0
4283,1,0,0.0059660534250372465,0.007538911838126221,0,0
4284,4,0,0.019272371656838264,0.022035505077316803,0,0
4285,3,0,0.062127035340528845,0.06583373410452223,0,0
4286,1,0,0.12641843573992148,0.13332210953690474,0,0
4287,2,0,0.04052599341573755,0.04524216584415403,0,0
4288,5,0,0.017578400220341007,0.02068277626748312,0,0
4289,5,1,0.36656198832878467,0.36722945735036616,0,0
4290,1,0,0.5258159939794274,0.5209485038853242,1,1
4291,4,0,0.22696910968839232,0.22980994308447186,0,0
4292,4,0,0.3318487477457206,0.3301421922208224,0,0
4293,1,0,0.10191737027026207,0.10847500784927107,0,0
4294,5,0,0.0036653242247862107,0.004634917354203824,0,0
4295,3,0,0.0819370605597758,0.08782824609475878,0,0
4296,5,1,0.5127265680756953,0.5100274686658361,1,1
4297,3,1,0.5677023759934984,0.5593213968026778,1,1
4298,3,0,0.11292360643462712,0.11895697771412898,0,0
4299,1,0,0.0024104737827357657,0.003344625970160009,0,0
4300,3,0,0.0016698534031880665,0.0022564879091159363,0,0
4301,1,1,0.5904931132429005,0.5802931411150338,1,1
4302,4,0,0.0037095971662346574,0.0046811452452871875,0,0
4303,3,1,0.7511609835534059,0.7402265710495738,1,1
4304,5,0,0.0456748898991447,0.05008887376651674,0,0
4305,3,0,0.5190558380852666,0.5106431107000275,1,1
4306,1,0,0.5071916047525856,0.504396443599257,1,1
4307,3,0,0.06754126899832877,0.07181785010395689,0,0
4308,1,1,0.7193616837928887,0.7060989618150992,1,1
4309,2,1,0.43299474411985966,0.4321140820154666,1,1
4310,5,0,0.06389508615551476,0.0691300466550341,0,0
4311,5,0,0.4871672666682523,0.48597610597929464,1,1
4312,1,0,0.011027323318837644,0.013508809732743116,0,0
4313,2,0,0.20618518692910662,0.2103365951144051,0,0
4314,1,1,0.7238968718318998,0.7116914785115848,1,1
4315,3,1,0.4413982352912331,0.43777357525091,1,1
4316,3,0,0.01910151738193161,0.022301604507959854,0,0
4317,1,1,0.5473649932421043,0.5370895167848564,1,1
4318,5,1,0.28087895736580965,0.28069638431611094,0,0
4319,3,1,0.16572940798251906,0.1700192513149373,0,0
4320,2,0,0.1884105733442934,0.19230634093304153,0,0
4321,4,0,0.008263749108942989,0.009908669127737793,0,0
4322,2,1,0.6957928600037179,0.6840506153572725,1,1
4323,5,0,0.3635795929815864,0.36269697043390703,0,0
4324,3,1,0.6470801041822557,0.6369155023792358,1,1
4325,1,0,0.024672404846381762,0.028797203049345087,0,0
4326,4,0,0.20718112815874334,0.20924229131954125,0,0
4327,1,0,0.010231219551968285,0.0127694236202896,0,0
4328,4,0,0.3476456243447522,0.34738944291763524,0,0
4329,4,0,0.018998656036162964,0.02184686532213893,0,0
4330,1,0,0.0298431276801531,0.03440065163809801,0,0
4331,1,0,0.1551885552164103,0.16182356184127378,0,0
4332,1,0,0.14510975912529475,0.15034800459002623,0,0
4333,1,0,0.2899638362533602,0.2902966008876297,0,0
4334,4,0,0.005420293020031163,0.006493363114242159,0,0
4335,5,0,0.008389941887649266,0.010038593290435101,0,0
4336,1,0,0.06100346904596076,0.06655176478584193,0,0
4337,2,1,0.6591617348426221,0.6474387006824892,1,1
4338,3,0,0.0978145046505242,0.10342488257427399,0,0
4339,4,0,0.6055270456207493,0.5973038466878753,1,1
4340,2,0,0.4111544166683009,0.40915964435384566,1,1
4341,5,0,0.2134581906057692,0.2170574028570822,0,0
4342,5,0,0.07083720950024112,0.07632265471834143,0,0
4343,1,0,0.5403391882702135,0.5348329526087797,1,1
4344,1,0,0.04757725264892276,0.052033489583063294,0,0
4345,4,1,0.6514085577043578,0.6418313219103657,1,1
4346,3,0,0.061723458052352326,0.06607533915498161,0,0
4347,3,0,0.5664659085912886,0.5586126581764985,1,1
4348,3,0,0.0501893208024998,0.054212291018907996,0,0
4349,3,0,0.32756249776340934,0.32907086925337703,0,0
4350,1,1,0.685319175252178,0.6724665943101903,1,1
4351,3,0,0.010016579995243033,0.011776646780870027,0,0
4352,5,1,0.5132421262387323,0.5092978546314171,1,1
4353,4,0,0.053445415307745804,0.058513302288415094,0,0
4354,5,1,0.4327887275073477,0.4328662915273068,1,1
4355,1,0,0.12222470714164248,0.1280450528417218,0,0
4356,3,0,0.35752131708576385,0.35496422537124694,0,0
4357,2,0,0.10166979526677918,0.10790689187318529,0,0
4358,5,1,0.39637447273244253,0.39654694844038146,0,0
4359,2,1,0.5670800073618638,0.5576392853666416,1,1
4360,1,1,0.5927112705421449,0.5854783408666814,1,1
4361,2,0,0.006045371957198104,0.0074994787684084605,0,0
4362,2,0,0.22867055677677064,0.23236858978222658,0,0
4363,2,0,0.4401836032989234,0.43231978984841585,1,1
4364,3,0,0.06280634965649934,0.06741166438206439,0,0
4365,2,1,0.1959967115022452,0.20023808522224643,0,0
4366,4,0,0.3390409742628652,0.33854102880806203,0,0
4367,4,0,0.14745377552410285,0.1523182132103122,0,0
4368,1,1,0.7027969417058448,0.6911047084194093,1,1
4369,4,0,0.07210209019050846,0.0769113897646926,0,0
4370,3,0,0.007649299499725509,0.009156665371892633,0,0
4371,5,1,0.7379384949281461,0.7272890787561138,1,1
4372,2,0,0.1786597405247268,0.183994431078186,0,0
4373,3,0,0.7059632413462728,0.6917406462944079,1,1
4374,3,0,0.012351862920229786,0.014570387726270761,0,0
4375,2,0,0.03825198378188987,0.04313648625060956,0,0
4376,1,0,0.019408580011675232,0.023252825045463485,0,0
4377,5,0,0.10745105971105803,0.11403771522419474,0,0
4378,1,0,0.07929639305034548,0.08495920034640175,0,0
4379,2,0,0.10288163716893599,0.1091222512625365,0,0
4380,1,1,0.7124249442200368,0.6999788396233841,1,1
4381,5,0,0.3088805893166585,0.3099828173813982,0,0
4382,4,0,0.044999871766313225,0.048907253811651286,0,0
4383,5,0,0.5547712162135174,0.5485450899328519,1,1
4384,3,0,0.17693948963267317,0.18208692900098605,0,0
4385,2,0,0.25076568616455397,0.25475143605089134,0,0
4386,1,0,0.8013822736737894,0.7878672990998471,1,1
4387,1,1,0.07598643652331773,0.08217740173330683,0,0
4388,2,0,0.013811057666408605,0.016305713562156134,0,0
4389,3,0,0.08299886612207731,0.08672045188453179,0,0
4390,5,0,0.5789104959547386,0.5707174209963533,1,1
4391,3,0,0.4460784186034066,0.442823769767516,1,1
4392,3,1,0.07631985160996896,0.0816684892554658,0,0
4393,2,1,0.31057754652986197,0.30972695460835165,0,0
4394,3,0,0.09809948423199367,0.10213890126733476,0,0
4395,4,0,0.3358042167493184,0.33560877822658397,0,0
4396,3,0,0.02445632734639246,0.02756879365313038,0,0
4397,3,0,0.0223514158345469,0.026161007336721463,0,0
4398,2,0,0.192492111641564,0.1964823127360809,0,0
4399,4,0,0.25519712771289205,0.2574805210598613,0,0
4400,4,0,0.17764045041332882,0.1824657647161482,0,0
4401,2,0,0.005031645076920717,0.006301602105077121,0,0
4402,5,1,0.5360618595210118,0.5305919320781,1,1
4403,1,1,0.5715524521212911,0.5638224420669411,1,1
4404,3,0,0.007468969711925169,0.009081376428677545,0,0
4405,5,1,0.46451638224018416,0.4605933659429494,1,1
4406,5,1,0.6804395307589501,0.6708118741517616,1,1
4407,2,0,0.3361961541853114,0.33516305895157394,0,0
4408,2,1,0.21357396612829915,0.2177079197603601,0,0
4409,5,0,0.14296559692058683,0.1487835062819111,0,0
4410,2,0,0.19592704778735975,0.20028826417755435,0,0
4411,1,0,0.08861914972882452,0.09564532197491196,0,0
4412,1,0,0.002322932709798023,0.0032753323717104195,0,0
4413,2,0,0.5053952461528372,0.4977614617310652,1,1
4414,4,0,0.3012522067071391,0.30163244167677533,0,0
4415,5,0,0.03650901713815455,0.04050471512788078,0,0
4416,4,0,0.341440189634754,0.340447281605294,0,0
4417,2,0,0.02295533594910933,0.026341499248586097,0,0
4418,1,1,0.4339769643784364,0.43098819905424357,1,1
4419,1,0,0.03877964071766143,0.04357517537737331,0,0
4420,2,1,0.3915387762534384,0.3889086796575974,0,0
4421,2,0,0.10027288094871921,0.10665612902705364,0,0
4422,1,1,0.6244480363629245,0.613179317694665,1,1
4423,3,0,0.5964978773820973,0.5849532659727077,1,1
4424,3,0,0.011515734426484762,0.01420675820628059,0,0
4425,2,0,0.015606358979697948,0.018381710601116492,0,0
4426,4,0,0.14147455416186286,0.1452491085833501,0,0
4427,5,0,0.15144533256794546,0.1562085733012967,0,0
4428,5,0,0.013789264449485906,0.01610030174773023,0,0
4429,3,0,0.7004858095873638,0.6877359842626957,1,1
4430,4,0,0.4308379590521064,0.42725472140782256,1,1
4431,3,0,0.0272866231086384,0.03041677727098893,0,0
4432,2,1,0.5251754755335035,0.5171940913176015,1,1
4433,5,0,0.05802581617189346,0.06276664842055599,0,0
4434,2,1,0.7443420604231924,0.7321909127233732,1,1
4435,3,1,0.1761321157832012,0.18040284188544603,0,0
4436,2,1,0.13198621882553682,0.1390086722039171,0,0
4437,1,0,0.41345557427852936,0.4132149061943207,1,1
4438,2,1,0.2028317159071857,0.2068332013116591,0,0
4439,3,0,0.4322857431713901,0.429561598718735,1,1
4440,2,0,0.265122107045728,0.26961929880783275,0,0
4441,2,1,0.7675064736588738,0.7544904377154197,1,1
4442,4,0,0.004260757169457934,0.0053435389464584595,0,0
4443,2,0,0.05212330342903214,0.057103947953240156,0,0
4444,2,0,0.0347801941911718,0.03918048769633404,0,0
4445,1,1,0.4771705514402544,0.4704344588769426,1,1
4446,4,0,0.002539340054581751,0.0032489317767459267,0,0
4447,4,0,0.666819504878407,0.6579201009515084,1,1
4448,3,0,0.05666256000899604,0.060238622100538076,0,0
4449,4,0,0.48512208677816915,0.48014348558308173,1,1
4450,2,0,0.13824242449940244,0.1431525111611529,0,0
4451,1,0,0.2521246481861838,0.25487797649047766,0,0
4452,4,0,0.221516656255928,0.22466373042058793,0,0
4453,2,0,0.03543436209179422,0.040173280064881724,0,0
4454,2,1,0.47295833411651106,0.46857298335966896,1,1
4455,3,0,0.018315250688957587,0.0212086233621917,0,0
4456,1,0,0.12468104680442262,0.13040622431072418,0,0
4457,3,0,0.17316446462558624,0.1778246059118304,0,0
4458,3,1,0.6044330267935581,0.5957772248522376,1,1
4459,3,0,0.45460178932822715,0.44811152390847814,1,1
4460,5,0,0.10316149344652482,0.10907704052283976,0,0
4461,3,0,0.03947507181440653,0.04479960715994989,0,0
4462,4,0,0.013683551753627225,0.01641954193615569,0,0
4463,5,1,0.4894071778808068,0.48495191997668813,1,1
4464,5,0,0.015886591695648145,0.018709487260073657,0,0
4465,5,1,0.017515629026926438,0.020217782665769082,0,0
4466,2,0,0.013631189182581254,0.016220675092389246,0,0
4467,1,1,0.06537709568590305,0.07017527095106893,0,0
4468,4,0,0.013350542647128259,0.015467619224466453,0,0
4469,2,1,0.5783629209894375,0.5661234873855424,1,1
4470,2,1,0.23075008622195084,0.23457620648919164,0,0
4471,5,0,0.03226371777712053,0.03608642413951782,0,0
4472,4,1,0.3925741683854574,0.3901135521575783,0,0
4473,5,1,0.015214440979024272,0.017850646437147337,0,0
4474,1,1,0.7517012322164214,0.737989273556243,1,1
4475,1,0,0.02774390040803849,0.0322021778436305,0,0
4476,3,0,0.06204175015543833,0.06683215768245632,0,0
4477,4,0,0.21663573677311998,0.21816236489169594,0,0
4478,2,0,0.00511582847590336,0.006414126897293643,0,0
4479,4,0,0.009772344123652485,0.01156004948221693,0,0
4480,2,1,0.4772931112201272,0.4741024426716158,1,1
4481,2,1,0.5236613826181247,0.5139516371164728,1,1
4482,5,0,0.09851995852606214,0.1068862921060999,0,0
4483,5,0,0.08131140020952507,0.08731712866979395,0,0
4484,3,1,0.2663615872421506,0.27116439467386694,0,0
4485,3,1,0.39612113766841056,0.39180224631546223,0,0
4486,4,0,0.3261678740079378,0.3262662940825244,0,0
4487,4,0,0.03435083160557779,0.03789031676532041,0,0
4488,5,0,0.007439397797624296,0.008975598852624795,0,0
4489,4,1,0.25330341523115196,0.25494268603657516,0,0
4490,1,0,0.07718109229629,0.08352536157701422,0,0
4491,5,0,0.17478510887092955,0.1789428636646148,0,0
4492,5,0,0.12216251012801431,0.12739004169110707,0,0
4493,2,0,0.44776550264313975,0.4437620756112691,1,1
4494,4,0,0.07379765905112419,0.07889518865913595,0,0
4495,3,1,0.6876937819752386,0.6758015334591364,1,1
4496,5,1,0.5534759315878736,0.5479352684312515,1,1
4497,3,0,0.1272140475326122,0.1340351813398339,0,0
4498,1,0,0.1108908579824802,0.11774157612281362,0,0
4499,5,1,0.6312895199781242,0.6242100614223061,1,1
4500,3,1,0.22593276395628858,0.22976629670923696,0,0
4501,4,0,0.43876582248155566,0.43329836744307526,1,1
4502,1,0,0.0028345256211273757,0.003875844644348178,0,0
4503,1,0,0.14737141424457295,0.15310821364083324,0,0
4504,1,1,0.28565078118978177,0.2852599927124449,0,0
4505,3,0,0.17689143347862776,0.18254640780726042,0,0
4506,4,1,0.5222318189638391,0.5150601845250941,1,1
4507,5,1,0.24649453966258109,0.24876160139358125,0,0
4508,5,0,0.14916407004728496,0.15396595561067072,0,0
4509,1,1,0.6762127515387009,0.6634686918135873,1,1
4510,4,0,0.025745936195204114,0.029594232594431873,0,0
4511,1,0,0.04629332279337713,0.051604670618672854,0,0
4512,4,1,0.6199502809676402,0.6096113289075505,1,1
4513,3,0,0.031715809678156764,0.03583527730159562,0,0
4514,5,1,0.16172181377612746,0.1658128814076856,0,0
4515,4,0,0.14662427842788034,0.15069775811765357,0,0
4516,4,0,0.22396732213746737,0.22817794868289223,0,0
4517,3,0,0.03901176428428366,0.04387605224030207,0,0
4518,5,0,0.03971049069902429,0.04484990851364305,0,0
4519,3,1,0.326681462873202,0.3278596059788314,0,0
4520,3,0,0.519240453042388,0.5107609485797437,1,1
4521,1,1,0.7097940200381438,0.697131781958017,1,1
4522,5,0,0.34027674107427747,0.33998385559505173,0,0
4523,2,0,0.7293302533062888,0.7157166113142578,1,1
4524,1,0,0.014934142838454482,0.017898304836819905,0,0
4525,5,0,0.12117053361471732,0.12770017324805258,0,0
4526,3,0,0.29950014228285976,0.30042269965796936,0,0
4527,2,1,0.6958524110226119,0.6840037018581471,1,1
4528,5,0,0.5755878861324194,0.5676045468011403,1,1
4529,3,1,0.6558936114446526,0.6458776487651289,1,1
4530,5,0,0.22904175299407006,0.23234492509987045,0,0
4531,2,0,0.10620084318179411,0.1126141477159169,0,0
4532,2,0,0.24206796513169043,0.24474666530204373,0,0
4533,3,0,0.004098184479851889,0.0052547686134553975,0,0
4534,1,0,0.06686894963629467,0.07310767465835648,0,0
4535,1,0,0.012358437909896153,0.015256924002095607,0,0
4536,4,0,0.23571877670281952,0.23651482718853706,0,0
4537,1,1,0.2875055201161214,0.29232562595002387,0,0
4538,1,1,0.7439033455344934,0.731252779151796,1,1
4539,3,1,0.2938241764337932,0.2953865955112688,0,0
4540,5,0,0.07027841194705134,0.07571274763471915,0,0
4541,2,1,0.34731413664876015,0.3483165743527867,0,0
4542,5,1,0.10756946637624114,0.11367449458025218,0,0
4543,5,0,0.009279283537077854,0.011169828249865704,0,0
4544,2,0,0.07524507717327293,0.08129294364210964,0,0
4545,4,0,0.6347750050400579,0.6252592248513413,1,1
4546,1,0,0.03219001166907912,0.036670636593600515,0,0
4547,3,0,0.0643100667892991,0.07000333533200909,0,0
4548,3,0,0.026357839352218106,0.02973964412749943,0,0
4549,4,1,0.19321514557209357,0.19625437145149444,0,0
4550,4,1,0.5370941544183214,0.528003145201614,1,1
4551,4,0,0.5697278224522863,0.5622490446192068,1,1
4552,3,0,0.20652248278438054,0.2084056671584235,0,0
4553,4,0,0.005142020774393256,0.006370856627012795,0,0
4554,4,0,0.6676442305459057,0.6580564799524827,1,1
4555,1,1,0.6735378737925342,0.6613686036169693,1,1
4556,2,0,0.4433518761278694,0.4392438053609357,1,1
4557,3,0,0.06493409102375258,0.07062318753403223,0,0
4558,1,0,0.1146743069802346,0.12038955926440224,0,0
4559,1,1,0.6393989604459754,0.6312168176316976,1,1
4560,5,0,0.018549997759541283,0.021596287901879167,0,0
4561,1,1,0.7410774611069603,0.7263741653122663,1,1
4562,3,0,0.5596130173912197,0.5503797013269839,1,1
4563,5,0,0.014629599827552379,0.0171900321949098,0,0
4564,3,1,0.6210636113881571,0.6116458171792634,1,1
4565,3,0,0.023312564139150574,0.026815223219113605,0,0
4566,3,0,0.3516802158201122,0.3496827897860491,0,0
4567,3,1,0.5106426100820215,0.5019372020384022,1,1
4568,1,0,0.16055695793767485,0.16706980273799568,0,0
4569,1,1,0.5991057552833665,0.5894519636872141,1,1
4570,4,0,0.009245348500633693,0.01104638729899184,0,0
4571,1,0,0.08946123421551856,0.09503202845317997,0,0
4572,1,1,0.49137382452666534,0.488733900245359,1,1
4573,3,0,0.07207114382156009,0.07808570215173136,0,0
4574,1,0,0.0020359149259143766,0.0028788986385799866,0,0
4575,4,0,0.1979020900373346,0.20076636785014568,0,0
4576,1,0,0.001132246580544334,0.001673648537891901,0,0
4577,3,0,0.011262180021946323,0.013055140189590943,0,0
4578,4,0,0.20753617544962827,0.21107602982876922,0,0
4579,1,1,0.17833027734874954,0.1827569015173742,0,0
4580,2,0,0.07565421306801143,0.08100700750789222,0,0
4581,5,0,0.004766534160559563,0.0059715377445483135,0,0
4582,5,1,0.728793610946844,0.7179604322059383,1,1
4583,4,0,0.06260422788292232,0.06621069750964179,0,0
4584,4,0,0.017819893314443783,0.020506420554526967,0,0
4585,2,0,0.005660479614825573,0.007008615739008919,0,0
4586,5,0,0.08777367867003909,0.09428594105553736,0,0
4587,5,0,0.6144562348900378,0.6062494533561631,1,1
4588,2,0,0.29830865394183304,0.2994246846885679,0,0
4589,1,1,0.6571906877927342,0.6462819807263671,1,1
4590,5,0,0.006633011792079811,0.008030884740032412,0,0
4591,2,0,0.0040717675299854995,0.005191184240770976,0,0
4592,2,0,0.2292314936012866,0.23280344209134415,0,0
4593,3,0,0.07055269540077169,0.07622721840167562,0,0
4594,3,0,0.6032141076049049,0.5961377080520374,1,1
4595,1,0,0.0829786282885315,0.0898697966585227,0,0
4596,1,1,0.6244480363629245,0.613179317694665,1,1
4597,5,0,0.5865533775312755,0.5809289695773047,1,1
4598,5,0,0.01182737951171624,0.013974169236657608,0,0
4599,2,0,0.34104245454165444,0.34198408499231536,0,0
4600,5,0,0.7079969143727132,0.6980668052300547,1,1
4601,3,0,0.09356251298668027,0.09887244532430876,0,0
4602,2,1,0.10502609432730504,0.11131551147344665,0,0
4603,4,0,0.21339207554546413,0.2179926240185976,0,0
4604,1,0,0.05128660657866166,0.05668264413805115,0,0
4605,4,0,0.050422818784643705,0.05464571871092451,0,0
4606,5,0,0.11824017559666042,0.12322482432688409,0,0
4607,1,0,0.01739825127705883,0.020518384816187174,0,0
4608,4,0,0.2951818692472831,0.296264384613513,0,0
4609,3,0,0.05906152335822363,0.06333459348403483,0,0
4610,4,0,0.011800899939872095,0.013871464662115812,0,0
4611,3,0,0.22821998232308022,0.23134752436734124,0,0
4612,4,1,0.20562087717081565,0.20934375301149544,0,0
4613,1,0,0.0067447745769750565,0.008612786861511837,0,0
4614,1,0,0.4832206775728126,0.47884142333531265,1,1
4615,4,1,0.7522621209839002,0.7419244320499393,1,1
4616,4,1,0.8103396166835507,0.7994832941932593,1,1
4617,4,0,0.43826055819698656,0.43274883047670015,1,1
4618,2,0,0.01779785275436536,0.02072173890951174,0,0
4619,3,1,0.38648278545475145,0.3842418375598956,0,0
4620,2,0,0.592630637209562,0.5821857425311544,1,1
4621,4,0,0.026718630365153782,0.03007352597506095,0,0
4622,4,0,0.26923797892018186,0.27128200660578533,0,0
4623,5,0,0.39222899696198066,0.3861342153052707,0,0
4624,3,1,0.4196126738784026,0.4208617728560643,1,1
4625,1,0,0.0811378531247246,0.08710355665131081,0,0
4626,5,0,0.4953101038668081,0.4891503226098899,1,1
4627,1,0,0.028393583873881783,0.03338047557834669,0,0
4628,2,0,0.3444298028219802,0.34554817755312184,0,0
4629,1,1,0.7816610392941654,0.7685395776136212,1,1
4630,5,1,0.567422522076133,0.5596050938694507,1,1
4631,4,0,0.47703758895077714,0.47117597904098585,1,1
4632,5,0,0.5336424361135995,0.5284712418323937,1,1
4633,5,0,0.16477897599619154,0.1705072398579126,0,0
4634,5,1,0.723477499555173,0.7129579106493845,1,1
4635,5,0,0.0025118909700888458,0.0031848816033709254,0,0
4636,2,0,0.20787671291130838,0.21344759592537846,0,0
4637,1,0,0.0030284413374690664,0.004105364727695642,0,0
4638,3,0,0.09033366742958045,0.0940859002526217,0,0
4639,3,0,0.6035660510777343,0.5947078644287525,1,1
4640,3,0,0.02743155257034491,0.030975540892595264,0,0
4641,1,1,0.6497489162743336,0.6370877847201719,1,1
4642,1,0,0.05585747075999799,0.06066033184728468,0,0
4643,1,0,0.13121721347512105,0.13734266414149413,0,0
4644,4,1,0.7758204650035567,0.765195198278532,1,1
4645,3,0,0.46172473214491716,0.4575516051149465,1,1
4646,4,1,0.4493901545578268,0.4460511309963491,1,1
4647,4,0,0.07768331530606021,0.0824804826922994,0,0
4648,5,0,0.04551656840154314,0.04975742300527586,0,0
4649,1,0,0.028957564466556087,0.033524747185753684,0,0
4650,3,0,0.008174506723861585,0.010312101038594418,0,0
4651,2,1,0.718732661458515,0.7064965619414256,1,1
4652,1,1,0.6859296281819203,0.6719598229480724,1,1
4653,2,0,0.4310837494676205,0.42607355000196934,1,1
4654,3,0,0.09370497911328103,0.09978293181829251,0,0
4655,3,0,0.029591903400176565,0.034047113956993544,0,0
4656,3,1,0.6813749525527667,0.6686697087437594,1,1
4657,1,1,0.48458544803902176,0.4771480434263437,1,1
4658,4,0,0.3521128067929497,0.3465388918047474,0,0
4659,1,0,0.6184700992922102,0.6064406105865412,1,1
4660,5,0,0.07563386661363217,0.08128233164924152,0,0
4661,3,0,0.7481607763347679,0.7362847616670972,1,1
4662,3,0,0.01593826798159378,0.01920817978447826,0,0
4663,2,1,0.07951634764583258,0.08536096625636333,0,0
4664,3,0,0.4631533212072663,0.45800853258053387,1,1
4665,1,0,0.28302905115081933,0.2859901367227437,0,0
4666,3,0,0.6443923764309542,0.6337693284998361,1,1
4667,4,0,0.702867164254906,0.6926069371327473,1,1
4668,3,0,0.20147097088503832,0.20561604006801107,0,0
4669,1,0,0.022718498657969547,0.02609219525559291,0,0
4670,3,0,0.0032273890808143008,0.004251989614337442,0,0
4671,2,1,0.453456644857181,0.44926323099621374,1,1
4672,4,1,0.5758213117353502,0.5683537343284348,1,1
4673,2,0,0.3688029165208371,0.36855026007876146,0,0
4674,1,0,0.05627451484180639,0.06224093495398242,0,0
4675,1,0,0.3491375938947631,0.34817609259324006,0,0
4676,1,1,0.5609389374416656,0.5522774317319592,1,1
4677,5,0,0.007448834494253209,0.009091664845851697,0,0
4678,1,1,0.565796875648543,0.5552630902780908,1,1
4679,2,0,0.013229541331177305,0.015646964172444593,0,0
4680,4,0,0.41267472680999345,0.41027619021199613,1,1
4681,3,0,0.1827372125727884,0.18736784359172523,0,0
4682,1,0,0.21016462702596386,0.2132911711126262,0,0
4683,1,0,0.009475372057121845,0.011806719746866432,0,0
4684,2,0,0.43350459533648256,0.4305499679022075,1,1
4685,2,0,0.2018761026794692,0.20610027250416357,0,0
4686,2,1,0.2135993071995376,0.21740608387033272,0,0
4687,4,1,0.2155385763588476,0.21918342569522178,0,0
4688,3,1,0.6926279066557723,0.6812387785245414,1,1
4689,2,0,0.010073640346700394,0.012249024231021328,0,0
4690,2,1,0.7420330871902177,0.7299613529347366,1,1
4691,1,1,0.23864404836561792,0.2410826828689152,0,0
4692,3,0,0.09707346424112627,0.10325056915487467,0,0
4693,1,0,0.09225989825169462,0.09870546791465043,0,0
4694,2,0,0.15052054317125316,0.15660782504788862,0,0
4695,4,0,0.04876549314062413,0.05311678613300116,0,0
4696,1,0,0.003939590331508225,0.005265675448757635,0,0
4697,2,0,0.16943847849316124,0.1759885995590525,0,0
4698,3,1,0.48199811546377164,0.4737364055363609,1,1
4699,2,0,0.19935841310526084,0.20390651628405193,0,0
4700,4,1,0.4067218449150246,0.40654006068257004,1,1
4701,3,0,0.25300362517698494,0.25751792757777026,0,0
4702,3,0,0.06092242380427141,0.06542083080665287,0,0
4703,1,1,0.45707949891749605,0.44956042571919774,1,1
4704,4,0,0.13026812948412453,0.13515386213801733,0,0
4705,3,0,0.002680367849343943,0.003474246508930988,0,0
4706,4,0,0.0033908817518561833,0.0042024600872607966,0,0
4707,1,0,0.030187084173549057,0.03466088676770294,0,0
4708,1,0,0.17877828403980595,0.18513609636039358,0,0
4709,4,1,0.32337911601271996,0.3228963961908061,0,0
4710,5,0,0.25644601023438,0.2585181543985665,0,0
4711,1,0,0.18941774092892671,0.19306566732827055,0,0
4712,4,0,0.7010882145091638,0.6901971349751668,1,1
4713,3,1,0.6807104253698383,0.6697609422204003,1,1
4714,5,0,0.43560754305986643,0.43189817070390174,1,1
4715,5,1,0.18156483939642443,0.18538785389515675,0,0
4716,2,0,0.14550913058124965,0.15138773675492556,0,0
4717,3,0,0.29810599571345237,0.30174826588389747,0,0
4718,3,0,0.274077947956962,0.2759671683863555,0,0
4719,3,1,0.29723315358311997,0.2981791667517596,0,0
4720,3,0,0.15017314131486648,0.15814959943299117,0,0
4721,5,0,0.11235839266205659,0.11823099287859984,0,0
4722,3,0,0.0019570948727347264,0.0026740555605369557,0,0
4723,5,0,0.04822487920341826,0.05251959103424332,0,0
4724,5,0,0.21489027843091904,0.21841818379024103,0,0
4725,4,0,0.0040633100219852674,0.005017558252242498,0,0
4726,2,0,0.010625285349861338,0.012957453493400172,0,0
4727,1,0,0.5937475887586056,0.5847227051116195,1,1
4728,5,0,0.09080450342158355,0.09654446391252575,0,0
4729,3,0,0.04683815186642837,0.05076876675163531,0,0
4730,5,0,0.0027179943337590764,0.0034689116740626033,0,0
4731,5,0,0.2457265042483121,0.25199867153878286,0,0
4732,2,0,0.265993882321517,0.27109191827234824,0,0
4733,5,0,0.007815391142681802,0.009478900350075956,0,0
4734,2,0,0.19884653136574706,0.20245877855345656,0,0
4735,5,0,0.030491508810376107,0.034119297062683504,0,0
4736,3,1,0.6753496503464297,0.6616715757535283,1,1
4737,4,1,0.7254873554269649,0.7136495116207021,1,1
4738,2,1,0.7973943261900983,0.7849206735472032,1,1
4739,4,1,0.6266392748137607,0.6153178011660302,1,1
4740,4,0,0.44900507053391614,0.447504117740567,1,1
4741,1,0,0.008544332944706634,0.010825942896662822,0,0
4742,3,1,0.8005395712786678,0.7877832983905044,1,1
4743,4,0,0.49184188730038514,0.4857995711506441,1,1
4744,3,0,0.04826541558498287,0.05305901348342077,0,0
4745,4,0,0.1478438451001726,0.1528482870324043,0,0
4746,3,1,0.6340825181268798,0.6217632629458583,1,1
4747,3,1,0.6960371696215374,0.6851947874285264,1,1
4748,1,1,0.1481373042718238,0.15604499958194873,0,0
4749,1,0,0.18462152217836744,0.19116345330810755,0,0
4750,2,1,0.03393477524968956,0.03826907194423013,0,0
4751,3,1,0.018130864156963276,0.021135419318882517,0,0
4752,2,0,0.014331098199749955,0.016965426451564136,0,0
4753,5,0,0.06300776117720511,0.06845227754411208,0,0
4754,3,0,0.6263176973491076,0.6152889739817173,1,1
4755,3,0,0.3819052552886048,0.3811993788701157,0,0
4756,4,0,0.2508614742200173,0.2523220622950449,0,0
4757,5,0,0.33240055778068406,0.33312982108514777,0,0
4758,1,0,0.20886407167802817,0.21518108942471037,0,0
4759,4,0,0.0047400564347557985,0.00579537098836429,0,0
4760,5,1,0.584079238680704,0.5757658012713008,1,1
4761,4,1,0.5891065145831785,0.5800289489048491,1,1
4762,1,0,0.3977816761778076,0.3947439904393251,0,0
4763,1,0,0.009602281397207922,0.01195575879174618,0,0
4764,4,0,0.20558042989382855,0.2105176813390556,0,0
4765,3,0,0.376843838889006,0.3793075605627213,0,0
4766,5,0,0.3090448236528387,0.30784897409618844,0,0
4767,2,0,0.1611568792673644,0.1682983996501314,0,0
4768,3,0,0.03064899111050641,0.034958193415888766,0,0
4769,2,0,0.05520573892606656,0.0608426753204492,0,0
4770,4,1,0.386093298654045,0.38020930572630396,0,0
4771,1,1,0.5628873687362107,0.5510087783588193,1,1
4772,2,1,0.23712559359379431,0.24290836118888876,0,0
4773,3,0,0.22918672801270243,0.23652280156491495,0,0
4774,2,0,0.6785737997998026,0.6673657163509343,1,1
4775,5,0,0.0022958763438082155,0.0029554334217540825,0,0
4776,4,1,0.28417016956240293,0.2888903600334295,0,0
4777,1,0,0.09650027986447676,0.10273753841014226,0,0
4778,4,0,0.15337191844221426,0.15717996814768698,0,0
4779,1,1,0.5272602922558703,0.5230968146028561,1,1
4780,3,0,0.003436283747176413,0.004484345870652077,0,0
4781,1,0,0.1640059956864366,0.1691745231535933,0,0
4782,4,0,0.006837103650208686,0.008382164796389468,0,0
4783,4,0,0.013922424501846454,0.01614498420116018,0,0
4784,1,0,0.05465703077045472,0.0602437506748167,0,0
4785,4,0,0.49673384773111795,0.491466413032169,1,1
4786,4,1,0.6911152913679761,0.6795186261855228,1,1
4787,2,0,0.6452790663282402,0.6345603470730528,1,1
4788,3,0,0.060980645568233766,0.06582093367851843,0,0
4789,5,0,0.0303354414388176,0.03397628464668856,0,0
4790,4,1,0.8237141664708533,0.8123835097824653,1,1
4791,5,1,0.018014691989139055,0.02124241471844434,0,0
4792,5,0,0.6125929407081913,0.6033566825179558,1,1
4793,2,0,0.023147399557123163,0.026676189998918236,0,0
4794,3,0,0.002614783036110527,0.003480002645879267,0,0
4795,1,0,0.736055513443492,0.7235160381617449,1,1
4796,5,0,0.00910663675709908,0.010962091007807382,0,0
4797,5,0,0.18985156294750669,0.19747553509809318,0,0
4798,5,0,0.008393413893045385,0.010165414294481359,0,0
4799,2,0,0.5588437910119269,0.550309276714026,1,1
4800,5,1,0.775699237510724,0.7640210450448598,1,1
4801,3,0,0.013440996387262186,0.015498631528781125,0,0
4802,5,0,0.03146880960730569,0.03619753096672103,0,0
4803,4,0,0.07813659620217878,0.08368875927327367,0,0
4804,3,0,0.2130389112517915,0.21682173150121126,0,0
4805,5,0,0.08475559604932865,0.0905807093768736,0,0
4806,2,0,0.05534082433849846,0.06070410911523213,0,0
4807,1,0,0.01723755761991664,0.020690596987884446,0,0
4808,3,0,0.04137387238998927,0.04647623096972656,0,0
4809,4,1,0.6178039977070876,0.6078747459505496,1,1
4810,4,0,0.33692094438992365,0.3370879964685794,0,0
4811,1,0,0.21909774832644655,0.22138947676294554,0,0
4812,3,0,0.6261127267505701,0.6171571274909036,1,1
4813,5,1,0.13913548765579004,0.1439116858926301,0,0
4814,1,0,0.33697673976108483,0.3421532451405872,0,0
4815,5,0,0.18770421952232388,0.1932840135916171,0,0
4816,5,0,0.06337786701576044,0.06896212677146871,0,0
4817,2,0,0.12238939025868381,0.1284899013006968,0,0
4818,3,0,0.11779919690379631,0.1240720038438367,0,0
4819,2,0,0.007830943440720184,0.009460949839276712,0,0
4820,1,0,0.07820841005615753,0.08475286078006972,0,0
4821,3,0,0.12903753023067577,0.13471945475088346,0,0
4822,4,1,0.29286853660093376,0.29368933160328947,0,0
4823,3,1,0.20528953935846755,0.21059869983114382,0,0
4824,4,0,0.34188712889989015,0.3435527360736148,0,0
4825,2,1,0.38229602381059385,0.376822893556987,0,0
4826,3,1,0.6197704230018293,0.6093676545276174,1,1
4827,1,0,0.08825677755485513,0.09424691002010817,0,0
4828,2,1,0.20142015081978656,0.20495719583378222,0,0
4829,2,0,0.10586853447489004,0.11150429167664436,0,0
4830,3,0,0.2826516626816977,0.2807899910699482,0,0
4831,4,1,0.04115154381666272,0.04456410897689415,0,0
4832,3,1,0.3082761748905511,0.31021253085402684,0,0
4833,1,1,0.5506765887601965,0.5427084144991026,1,1
4834,1,0,0.16236515373911792,0.16705716410867572,0,0
4835,4,1,0.5513186430179181,0.5440174815058115,1,1
4836,5,0,0.015915277384559397,0.01838575847771744,0,0
4837,1,0,0.44340373085775964,0.43827303441006765,1,1
4838,4,1,0.6814556294168027,0.671068085998196,1,1
4839,5,0,0.005579231136582291,0.006790272537472233,0,0
4840,5,0,0.1284745615886185,0.1328210940441245,0,0
4841,1,0,0.08723800403990806,0.0933445845309962,0,0
4842,3,0,0.03160895318642024,0.03505780163193074,0,0
4843,3,0,0.017439966953909317,0.020513455852485894,0,0
4844,1,1,0.3618013563623598,0.3601394361975816,0,0
4845,3,0,0.5726505821075258,0.5638189250324182,1,1
4846,5,0,0.025404310919502338,0.028768711462573288,0,0
4847,2,0,0.2610626364116244,0.2658005575773101,0,0
4848,4,0,0.29188587551171097,0.29313990310846105,0,0
4849,5,0,0.05702530144013735,0.06208422104300869,0,0
4850,2,0,0.6866558176442423,0.6754746633528566,1,1
4851,4,0,0.21876191432994865,0.22253784062821885,0,0
4852,2,0,0.224746117194462,0.22766406885998403,0,0
4853,1,0,0.0015375592212181926,0.0022250164044507648,0,0
4854,4,1,0.6218867813072524,0.6129003133816138,1,1
4855,4,1,0.7045943123995689,0.6939159914516113,1,1
4856,2,0,0.17891515685806253,0.18573404663492954,0,0
4857,4,1,0.35436296607340667,0.35458189541881724,0,0
4858,3,0,0.022950410512451294,0.026126973196273596,0,0
4859,3,0,0.028125428574200556,0.03134690689523916,0,0
4860,5,0,0.05699530297321731,0.062076803298407,0,0
4861,2,0,0.10191414606237832,0.10738246211326237,0,0
4862,3,0,0.14563518952495538,0.15149716692823673,0,0
4863,4,0,0.07529075039089185,0.07967005565948164,0,0
4864,3,0,0.2510794669657978,0.25382201568107443,0,0
4865,2,1,0.3709056004104077,0.3654837318559104,0,0
4866,3,0,0.5175624689381964,0.5068486251991798,1,1
4867,5,1,0.48546287213989614,0.48150671680574336,1,1
4868,3,0,0.01860673448018892,0.021385782721052952,0,0
4869,2,0,0.14886418667655735,0.15517705270193155,0,0
4870,3,1,0.6257580255827692,0.615549465696911,1,1
4871,5,1,0.8057248624533067,0.7944559574979618,1,1
4872,3,0,0.045343526677930755,0.04899317123725885,0,0
4873,5,1,0.7500081744877255,0.7401547373806606,1,1
4874,3,0,0.026893508988146738,0.029778493871225626,0,0
4875,2,0,0.00518638630752631,0.006442095391406094,0,0
4876,3,0,0.21195246674599544,0.21578500054995517,0,0
4877,4,0,0.007523419838868807,0.008882099356779822,0,0
4878,5,0,0.17818966703509084,0.1831716369247751,0,0
4879,4,1,0.5934587483058602,0.5841810347352987,1,1
4880,3,0,0.023753146806637565,0.026629235318701705,0,0
4881,3,0,0.10401639716780212,0.10970035435497834,0,0
4882,4,0,0.20346180154567758,0.2065634105330835,0,0
4883,3,1,0.17380550471343675,0.17935439219730295,0,0
4884,2,1,0.2968000800282174,0.3009150121274104,0,0
4885,1,0,0.1794426213425851,0.18354827118629996,0,0
4886,4,0,0.3037716897987794,0.3047032565029133,0,0
4887,1,0,0.39597344731086737,0.39276267180002844,0,0
4888,3,0,0.38638468935837716,0.38204160892157796,0,0
4889,3,0,0.22251955312401256,0.22450614328114143,0,0
4890,2,0,0.4761967062071587,0.4699598265282283,1,1
4891,1,0,0.3920162244495401,0.39648487646974656,0,0
4892,4,0,0.06301755814106065,0.06798198836025478,0,0
4893,1,0,0.0020680526190315902,0.0029150828984004507,0,0
4894,4,0,0.1298190004501555,0.13549055128599743,0,0
4895,2,0,0.4099282846740314,0.4063064290767703,1,1
4896,3,0,0.04837858044439055,0.05262816470036893,0,0
4897,2,0,0.05320096250348779,0.0582958499805318,0,0
4898,1,0,0.10599104288919375,0.11190733949618203,0,0
4899,5,0,0.016180463394080427,0.01884370575958582,0,0
4900,1,1,0.6783475139429322,0.6671676512376489,1,1
4901,3,1,0.6008054174967511,0.5926016874618244,1,1
4902,4,0,0.1319295294813464,0.13696704708091412,0,0
4903,4,0,0.15553002330848587,0.16024013975294205,0,0
4904,3,0,0.5742884632279014,0.5654597386385486,1,1
4905,2,0,0.04065655695591163,0.04535095176337741,0,0
4906,4,0,0.0073686124729216125,0.008881448266118839,0,0
4907,3,1,0.22427230451957458,0.2291356268293216,0,0
4908,4,0,0.16082944034928706,0.16501753860462323,0,0
4909,1,0,0.17706908976067853,0.18126616415939706,0,0
4910,5,1,0.4284783774830494,0.423175876832115,1,1
4911,5,1,0.22368306618425152,0.22823955328941073,0,0
4912,4,0,0.014372837523793452,0.016800344635778147,0,0
4913,5,0,0.006686267655229312,0.008094253787681322,0,0
4914,3,1,0.5585012919897003,0.5491550265123809,1,1
4915,3,0,0.1676286104102278,0.17275399104570033,0,0
4916,5,0,0.009653122780660365,0.011525302813412972,0,0
4917,1,0,0.35854065475450414,0.35394584032071685,0,0
4918,1,1,0.5882166975783764,0.5793350027564255,1,1
4919,4,0,0.00490687438362936,0.006097290544359235,0,0
4920,5,0,0.06218026385418155,0.06667242427005213,0,0
4921,5,1,0.15235340606562064,0.1564626237526217,0,0
4922,1,0,0.4141134272291623,0.41640546149544316,1,1
4923,5,1,0.16833570169139878,0.1724619360497909,0,0
4924,1,0,0.302678766217853,0.30289054742810373,0,0
4925,4,0,0.4261194916523097,0.4224587148268215,1,1
4926,4,0,0.04535798167206493,0.0502614377462529,0,0
4927,2,0,0.03040973854989152,0.034810675917160736,0,0
4928,4,0,0.2192952992798617,0.22076545426473287,0,0
4929,3,1,0.7611884030403404,0.7487492417184688,1,1
4930,2,1,0.4385462752038729,0.4333171514839564,1,1
4931,4,0,0.22994078135553986,0.23140347285166585,0,0
4932,3,1,0.622287807985426,0.6127036478585848,1,1
4933,3,0,0.3741057319940738,0.374240311447614,0,0
4934,2,1,0.5701391210432877,0.560832068398831,1,1
4935,2,0,0.18349990338795089,0.189070765737884,0,0
4936,4,1,0.3972713324820188,0.39336416513726846,0,0
4937,5,1,0.45694492970283446,0.4514030726415471,1,1
4938,3,0,0.006074400692325517,0.007660264052511634,0,0
4939,2,1,0.7539801532276886,0.7412037437499369,1,1
4940,5,0,0.08936594016412103,0.09540689837346802,0,0
4941,2,0,0.21558686737741148,0.21897130600459805,0,0
4942,2,0,0.010578451146364897,0.012684718661849545,0,0
4943,3,0,0.09488573361887055,0.10088875267384723,0,0
4944,4,0,0.15348435940332103,0.15903363965841683,0,0
4945,4,0,0.27921346548278625,0.2789334050869788,0,0
4946,5,1,0.16667151889544846,0.17182444422593968,0,0
4947,3,0,0.039003297733288055,0.04304928304031636,0,0
4948,5,1,0.6837017881997997,0.6730402920381783,1,1
4949,2,0,0.553105499854455,0.5454551566313478,1,1
4950,3,0,0.4319707481029596,0.42739149380144886,1,1
4951,5,0,0.07346281459180934,0.07835297070774568,0,0
4952,5,1,0.6898931110670679,0.6768279822577903,1,1
4953,3,0,0.07018353387548378,0.07455331972996289,0,0
4954,1,0,0.01863137000455116,0.02222036986999818,0,0
4955,1,1,0.3936391671251828,0.39312668764258824,0,0
4956,4,0,0.0045019937464144365,0.005483413835480844,0,0
4957,3,0,0.5417659959435075,0.5369088410082923,1,1
4958,2,1,0.07087496789309941,0.0775714377563633,0,0
4959,5,0,0.061527774310101445,0.06615923027649802,0,0
4960,3,0,0.4252442972375898,0.4214186564599355,1,1
4961,4,1,0.3436327502750371,0.3410677475978282,0,0
4962,1,0,0.298218226626382,0.29754458364903863,0,0
4963,5,1,0.26638191352835217,0.26849902836069217,0,0
4964,3,0,0.01655364403370422,0.018914817114372113,0,0
4965,5,0,0.1527988916791779,0.1598534797875353,0,0
4966,1,1,0.6191223965253273,0.6114081801781854,1,1
4967,4,0,0.025195541891878614,0.028253553485975885,0,0
4968,1,1,0.7910767141396159,0.7780072602104277,1,1
4969,2,0,0.008735346212744875,0.010609569500924673,0,0
4970,5,0,0.05031624693734414,0.055818582843572016,0,0
4971,5,0,0.034788103059175575,0.038729230187976735,0,0
4972,3,1,0.6197807668450435,0.6113402542658786,1,1
4973,4,0,0.06691530159259881,0.0716464941891753,0,0
4974,1,0,0.0440318071327628,0.049373632229587294,0,0
4975,5,0,0.17663731704621297,0.18099213455535657,0,0
4976,3,1,0.6361110180146543,0.6245623010560332,1,1
4977,4,0,0.06923057708537354,0.07456205145025578,0,0
4978,1,0,0.029235735085666865,0.033103790707069966,0,0
4979,3,0,0.002677113595349779,0.003513582566218193,0,0
4980,2,0,0.010151242474295913,0.012566344459868133,0,0
4981,1,0,0.023518449100809503,0.027238716938297557,0,0
4982,5,0,0.15784679495370002,0.16162854947712613,0,0
4983,2,1,0.6240634406095755,0.6152046581433448,1,1
4984,2,0,0.18171591145053365,0.18655363206182293,0,0
4985,4,0,0.5165590379129695,0.5099534002295227,1,1
4986,3,1,0.6437163336791608,0.6346427177214544,1,1
4987,1,0,0.21774723504548865,0.22249307380904898,0,0
4988,4,0,0.11199514702546397,0.1170139640004249,0,0
4989,5,1,0.4828307558303534,0.4780604251374808,1,1
4990,5,0,0.09423262915313917,0.09968503075395256,0,0
4991,5,0,0.0213337378678765,0.024599034965212412,0,0
4992,3,0,0.10483447417648706,0.11076866927633514,0,0
4993,2,0,0.02594555712464236,0.029454188534591374,0,0
4994,5,0,0.0530957932244724,0.057942792216861806,0,0
4995,3,0,0.25415419433265185,0.2552293932247016,0,0
4996,4,0,0.09955405814809949,0.10495989153771668,0,0
4997,3,0,0.10912569766886018,0.1145174686330798,0,0
4998,1,1,0.7053403391298321,0.6922436108251141,1,1
4999,2,0,0.215097817434065,0.21973660893846744,0,0
5000,5,0,0.016159793566594964,0.018835995511012928,0,0
5001,2,0,0.003172823645765495,0.0040692081489094745,0,0
5002,5,0,0.14032427519234164,0.14676545652487188,0,0
5003,1,0,0.23313385619272364,0.23797827422911927,0,0
5004,2,0,0.4224674719841445,0.4204144404055585,1,1
5005,4,1,0.4285979598176744,0.42552282381140644,1,1
5006,2,0,0.04417373305866423,0.04894413196414604,0,0
5007,2,0,0.16640978482471286,0.17315787663259113,0,0
5008,1,0,0.01021585718209644,0.012719542089239802,0,0
5009,2,0,0.28620592656130145,0.29096509637773404,0,0
5010,4,0,0.034639005063464616,0.03861252366955252,0,0
5011,1,1,0.7357525533438789,0.7233750667455088,1,1
5012,1,0,0.25374205936741956,0.25736111267454925,0,0
5013,1,0,0.007203566260785984,0.009118010031803809,0,0
5014,1,0,0.05550130945634762,0.06078183252592473,0,0
5015,2,0,0.07844379266913926,0.08410552185644744,0,0
5016,5,0,0.2956206464531131,0.2978140052429837,0,0
5017,3,0,0.12735909588906658,0.13359846167948866,0,0
5018,2,0,0.08424431845145962,0.09035686622278398,0,0
5019,4,0,0.04735381303118102,0.05176139081113218,0,0
5020,2,1,0.6027023433948707,0.595212397552454,1,1
5021,2,0,0.7136184393707461,0.7001509063727713,1,1
5022,2,0,0.1213448996662297,0.12825394168409215,0,0
5023,3,0,0.12800734237173833,0.13375794278753497,0,0
5024,4,1,0.6270900300422532,0.6166878927488024,1,1
5025,4,0,0.7147584100050841,0.703601080414539,1,1
5026,5,1,0.03981973815947736,0.04414638909737413,0,0
5027,4,1,0.08379079322223823,0.08892078456998152,0,0
5028,4,0,0.030380788759284884,0.03383826477430928,0,0
5029,3,0,0.019225763413406986,0.02215571508948218,0,0
5030,3,1,0.19148737346398914,0.19569639235779532,0,0
5031,4,0,0.00687811819795846,0.008320269333009066,0,0
5032,2,0,0.08897183946900619,0.09448757614894317,0,0
5033,5,0,0.2937808774393375,0.2927100830964334,0,0
5034,5,0,0.048403610718427616,0.053352860250270875,0,0
5035,1,0,0.002682498922979038,0.003742473209012985,0,0
5036,2,0,0.07884611430776069,0.0845055998089708,0,0
5037,4,1,0.6893341306293723,0.6791261983370744,1,1
5038,5,0,0.07267961183713828,0.07766493488051363,0,0
5039,3,1,0.6151835007990609,0.6020659886253311,1,1
5040,4,1,0.5898624018515946,0.5808554067736302,1,1
5041,3,0,0.09958527167908285,0.1051967306172829,0,0
5042,4,0,0.6501962474347536,0.6409814678196861,1,1
5043,3,0,0.045535294108797676,0.051289889942220744,0,0
5044,4,0,0.3662887113666707,0.36506017605020197,0,0
5045,4,1,0.1115037251395305,0.11634686943496812,0,0
5046,3,0,0.02161528400793284,0.02469708065329277,0,0
5047,5,0,0.003860274468575873,0.004857526620388733,0,0
5048,5,1,0.7552255733092127,0.7442376624546094,1,1
5049,1,0,0.09612679064718924,0.10198773826566347,0,0
5050,2,0,0.11844370498737077,0.12406425705217416,0,0
5051,3,1,0.05392874488582403,0.0593852812631243,0,0
5052,2,1,0.7145848416042195,0.7017541885210656,1,1
5053,4,0,0.2830324357249693,0.2848324261434373,0,0
5054,5,1,0.3602877561002132,0.36246315691819453,0,0
5055,3,0,0.02169837586967844,0.025484670044340192,0,0
5056,5,0,0.25049541759432803,0.25413581383782075,0,0
5057,5,0,0.011641615486420167,0.013676738444221594,0,0
5058,4,0,0.09630480738155509,0.10153842293753361,0,0
5059,2,0,0.5132736388610394,0.5062545050871556,1,1
5060,4,0,0.04039837286766621,0.044546689843826884,0,0
5061,3,1,0.27236849531887153,0.2754357230424635,0,0
5062,3,0,0.4435426985249067,0.44010066107384993,1,1
5063,2,0,0.243175534150874,0.24534262079748773,0,0
5064,1,0,0.2269616982800786,0.22965675006715808,0,0
5065,5,0,0.47724917583625415,0.47735303731009787,1,1
5066,1,1,0.6905128486287458,0.6792208021756245,1,1
5067,5,0,0.5235676014302086,0.5137824855262649,1,1
5068,5,1,0.4253271669154651,0.4205305178550243,1,1
5069,5,0,0.4856717517775368,0.48341568692496517,1,1
5070,3,0,0.5054818600217524,0.496182687111091,1,1
5071,3,0,0.010894227922410694,0.013001763691527796,0,0
5072,2,0,0.18075545346688218,0.18596682009481813,0,0
5073,1,1,0.30220766537639837,0.3025221622852893,0,0
5074,4,0,0.4251785175125964,0.4173018910329767,1,1
5075,5,0,0.19730895619252264,0.20261942628967572,0,0
5076,2,0,0.05239795145215386,0.058005068220769694,0,0
5077,1,0,0.4546246624966645,0.4507398683648769,1,1
5078,2,1,0.06825239227163132,0.0742688493296855,0,0
5079,5,0,0.1399520195032457,0.1451846722180446,0,0
5080,2,0,0.3056187138063016,0.3069422694086222,0,0
5081,4,0,0.6724461291182364,0.6628031017596965,1,1
5082,1,0,0.5575696322858892,0.5490608934571577,1,1
5083,4,0,0.03243785044726158,0.036371842277509586,0,0
5084,4,1,0.7991516942829722,0.7878204358246736,1,1
5085,4,0,0.010322779814093207,0.012300817054526769,0,0
5086,2,1,0.8393200837576817,0.8269515601815748,1,1
5087,4,0,0.08028573395288047,0.0849907128472846,0,0
5088,1,0,0.02650645755138025,0.031024585173429216,0,0
5089,5,0,0.03923905985742501,0.04337258368959038,0,0
5090,5,0,0.3518274980657087,0.34717340618828296,0,0
5091,2,0,0.00246219481924426,0.003165659173207698,0,0
5092,5,1,0.6018390819542335,0.5941000004288908,1,1
5093,4,0,0.0038401147709059774,0.004862570101282907,0,0
5094,4,1,0.45346833401188114,0.4474827389035143,1,1
5095,4,1,0.5512500349155217,0.5441650483774649,1,1
5096,1,0,0.3913824069670966,0.38693527107862336,0,0
5097,5,0,0.16168282943193082,0.16584258313727857,0,0
5098,2,0,0.03643394713554728,0.04072495749159781,0,0
5099,2,0,0.035382248535674926,0.040052290108983736,0,0
5100,3,1,0.7442635174703843,0.7321320327994656,1,1
5101,4,0,0.01457291790391747,0.01659130607586079,0,0
5102,3,0,0.10811703396303433,0.11455814145328698,0,0
5103,1,1,0.19269063960468566,0.1964890828056885,0,0
5104,4,0,0.004589313926776844,0.005586045970380959,0,0
5105,4,0,0.10381357556439788,0.10830020197032697,0,0
5106,2,0,0.09570537632271993,0.102646249599104,0,0
5107,2,0,0.1454285844076319,0.15090968635579172,0,0
5108,4,0,0.4269175148785881,0.42371905854881203,1,1
5109,3,0,0.09950377262162889,0.10479566825542808,0,0
5110,4,1,0.2768322634958823,0.27737440941018543,0,0
5111,2,0,0.04079055107870579,0.04588849092757916,0,0
5112,4,0,0.34956884375814107,0.34778029783923553,0,0
5113,2,0,0.008176464749118043,0.010073877602307635,0,0
5114,5,1,0.23250129224476349,0.23778310217774568,0,0
5115,5,0,0.02489071742117756,0.028354575209583205,0,0
5116,3,0,0.04965131518747804,0.05317584132131099,0,0
5117,3,0,0.13068796393949295,0.13538386152647505,0,0
5118,1,0,0.21989302805158556,0.22418857819305688,0,0
5119,4,0,0.2820756702831427,0.2845459145467014,0,0
5120,3,0,0.1572369289324723,0.16415152016547752,0,0
5121,3,1,0.08592208661794762,0.09041943900598706,0,0
5122,5,0,0.018426181521461225,0.021418046450373214,0,0
5123,4,0,0.031221977450964094,0.0351700378855627,0,0
5124,1,0,0.6614452009827297,0.6503114371266998,1,1
5125,5,0,0.031198920625453937,0.0347953285592401,0,0
5126,5,1,0.4543016477056295,0.44700298205907574,1,1
5127,4,0,0.01337540568457393,0.015477300826584944,0,0
5128,2,0,0.047979085354656587,0.053353764811309344,0,0
5129,1,1,0.3060400607832178,0.3070938152246068,0,0
5130,5,0,0.15208464451776377,0.1581808769786961,0,0
5131,5,0,0.1292098726901477,0.1343243273383495,0,0
5132,3,0,0.27149713188367497,0.2747559592619736,0,0
5133,4,0,0.04183452264976432,0.04610923663091674,0,0
5134,3,0,0.024897218582609983,0.02868976765662473,0,0
5135,1,0,0.001779683461176943,0.0025388174021554436,0,0
5136,5,0,0.031670272308554175,0.03669411429095699,0,0
5137,3,0,0.038334028309591074,0.04314105919302789,0,0
5138,1,0,0.015634018496959844,0.018539309172645256,0,0
5139,2,0,0.08936036996488658,0.09486008714899491,0,0
5140,1,0,0.02260362524549808,0.026567540405333524,0,0
5141,5,0,0.06945687491226697,0.07551824286650252,0,0
5142,2,0,0.003942689110341098,0.004942830083766003,0,0
5143,3,1,0.5007932390696507,0.495947525066703,1,1
5144,1,0,0.011742239604553333,0.014529562342717461,0,0
5145,3,0,0.010236916003709148,0.012159007273003493,0,0
5146,1,1,0.7814427021394971,0.7678931279915785,1,1
5147,4,0,0.3541397885815023,0.3522047842994651,0,0
5148,4,0,0.6496470758396147,0.6391049606024877,1,1
5149,3,0,0.16022208907067662,0.16588783282509154,0,0
5150,2,0,0.014914845148300207,0.017651010250312106,0,0
5151,3,0,0.15729987526990696,0.1620641691463189,0,0
5152,4,1,0.10792096625914165,0.11334081146247259,0,0
5153,3,0,0.6121326756900902,0.6047533487834199,1,1
5154,4,0,0.0287279980629083,0.032373468596860945,0,0
5155,4,1,0.25231496153658006,0.2535157667293242,0,0
5156,4,0,0.21472982340907382,0.21648691894460376,0,0
5157,3,0,0.5110644439545632,0.5019427490375827,1,1
5158,4,1,0.5720812942743694,0.5621060240530477,1,1
5159,4,0,0.30733180198343046,0.3082676018061236,0,0
5160,2,0,0.050542598029564484,0.05572290463389086,0,0
5161,5,0,0.11645868121119352,0.12261456674186959,0,0
5162,1,0,0.331460474608314,0.33020433786123754,0,0
5163,3,1,0.30961284761311875,0.3102470873196278,0,0
5164,3,0,0.24219024837081177,0.24438252207703587,0,0
5165,5,1,0.6992804089326767,0.6892300066389161,1,1
5166,4,0,0.004384041978493329,0.005365326359044463,0,0
5167,5,0,0.4762490305570866,0.4709184789904139,1,1
5168,2,0,0.6425371005735478,0.6305721203817927,1,1
5169,3,0,0.19085602848548874,0.19593678041236698,0,0
5170,4,0,0.01535390044774089,0.018037867796831773,0,0
5171,4,0,0.16194904473264687,0.16745018018280614,0,0
5172,2,0,0.07332381118442764,0.07962200981638687,0,0
5173,2,1,0.7242470843515633,0.7118782715988814,1,1
5174,1,0,0.0438204106914903,0.04927893839711791,0,0
5175,3,0,0.016916276052968124,0.01989069689357057,0,0
5176,1,0,0.1086411293416884,0.11462697562998125,0,0
5177,3,1,0.5097308996751606,0.5028921291095624,1,1
5178,2,0,0.4962519980841705,0.4894186877412078,1,1
5179,2,1,0.8088788860769751,0.7968665166413905,1,1
5180,1,0,0.5465098534828151,0.5399044465730067,1,1
5181,1,0,0.09211533263780466,0.09883949180959542,0,0
5182,1,0,0.09605000168389806,0.10154692481195475,0,0
5183,2,1,0.375801896980583,0.3746900569160772,0,0
5184,5,0,0.07384742594554368,0.07897169776713145,0,0
5185,4,1,0.7122728056748753,0.7018842978769648,1,1
5186,1,1,0.22983616072263366,0.2316768883599334,0,0
5187,5,0,0.03395282246498269,0.03811813980572652,0,0
5188,1,1,0.7232239621203793,0.7091470829733044,1,1
5189,4,0,0.024126488168813534,0.027336191286259727,0,0
5190,2,0,0.26298531912911655,0.26723237064005495,0,0
5191,2,0,0.23727763672377536,0.24231755700104946,0,0
5192,5,1,0.7213356849629202,0.7107221672202755,1,1
5193,2,1,0.4680877244307633,0.4626839728013311,1,1
5194,5,0,0.48037399250957225,0.4724781176725356,1,1
5195,3,1,0.6504364848684349,0.6421948228530842,1,1
5196,3,0,0.1914208157875165,0.1959264351378033,0,0
5197,4,0,0.0593594890303468,0.064264450005165,0,0
5198,1,0,0.041091039085109304,0.04617220587650096,0,0
5199,5,1,0.6790183722549598,0.6691013079589019,1,1
5200,4,0,0.010787690434622918,0.012851094921308029,0,0
5201,2,1,0.7255547007346418,0.7130574595020636,1,1
5202,2,1,0.1804542859315113,0.1849894904712224,0,0
5203,2,1,0.5251498627463518,0.5152306811453711,1,1
5204,5,1,0.585057525795737,0.5757147306237995,1,1
5205,3,0,0.0542711640356663,0.05854826045959436,0,0
5206,3,0,0.009165162766422463,0.011145731395405048,0,0
5207,5,0,0.2622637725711331,0.2648047969792645,0,0
5208,3,0,0.0157361865738817,0.018235098183583605,0,0
5209,3,1,0.24585137425770973,0.2517830246439307,0,0
5210,5,0,0.40834265122721336,0.4062306682283753,1,1
5211,5,1,0.4438401970161119,0.43969132729466115,1,1
5212,3,0,0.1603382497530218,0.16595878998637867,0,0
5213,4,1,0.7199774632030274,0.7088271575289304,1,1
5214,5,0,0.029054246218152918,0.03266109021971704,0,0
5215,4,0,0.07758990994326562,0.0823839130401118,0,0
5216,1,1,0.6552593367861596,0.645115224223758,1,1
5217,4,0,0.004951411401436006,0.006053813009652071,0,0
5218,5,1,0.23204502464512436,0.23520706935504604,0,0
5219,2,1,0.274102924926824,0.27790371031081795,0,0
5220,1,0,0.001213300293904692,0.0017688493985826663,0,0
5221,4,0,0.02148272774144639,0.024703098215113233,0,0
5222,4,0,0.17930516019643086,0.1835647041098039,0,0
5223,2,0,0.060605067080699106,0.06573572631697813,0,0
5224,2,0,0.610404232296117,0.6008019692870452,1,1
5225,1,0,0.10216691775655358,0.10858899794181046,0,0
5226,3,0,0.4761689888051171,0.47150285672335,1,1
5227,1,1,0.09195867033295761,0.09684391891235192,0,0
5228,3,1,0.5924201705586875,0.5860171389184832,1,1
5229,5,0,0.3180999685598388,0.3195141635679638,0,0
5230,4,0,0.08791829073661722,0.0935056577554431,0,0
5231,4,1,0.5583769274815492,0.5516279034576393,1,1
5232,3,0,0.010888292459270917,0.013185639425613665,0,0
5233,3,1,0.4857727022972225,0.4768079785590486,1,1
5234,1,0,0.010939112466259554,0.013863347286925079,0,0
5235,1,1,0.6072892854718662,0.5966960070972056,1,1
5236,5,1,0.6512039786956683,0.6433169527822823,1,1
5237,5,0,0.04895067107394013,0.0538004018663108,0,0
5238,2,0,0.07170536618395008,0.077040997851157,0,0
5239,2,0,0.6098722519775818,0.5977533266680204,1,1
5240,3,1,0.10539176194794518,0.11134047200018649,0,0
5241,2,0,0.032882599661807906,0.03703695408617959,0,0
5242,1,0,0.6157046675016126,0.6041674854744923,1,1
5243,1,1,0.7545721342091204,0.7422003321311489,1,1
5244,2,1,0.526089269279172,0.5162273012403303,1,1
5245,3,0,0.17929775179408106,0.1835769586113473,0,0
5246,3,0,0.3160772646972928,0.3142691430141923,0,0
5247,1,0,0.046730123404458625,0.05131390616987491,0,0
5248,5,0,0.6860504941736493,0.6761928986962007,1,1
5249,4,0,0.03837631458391741,0.04234686623687102,0,0
5250,2,0,0.03620726522509849,0.04064972205190888,0,0
5251,3,0,0.43498657740027635,0.4319872832687171,1,1
5252,4,0,0.04921086790414908,0.05375662581666814,0,0
5253,4,0,0.04342778656684837,0.048026151995865976,0,0
5254,2,0,0.7541680300286913,0.7420757485596425,1,1
5255,5,0,0.18166077635331196,0.18773602895279215,0,0
5256,5,0,0.17517673989490173,0.178996413736783,0,0
5257,4,0,0.01185207264486919,0.013897813845664759,0,0
5258,2,0,0.11806543174249329,0.12579543917583352,0,0
5259,2,0,0.014167851231061094,0.016766246101598953,0,0
5260,1,0,0.0552060955920718,0.06117979873625747,0,0
5261,4,0,0.051823417945245226,0.05657734123152475,0,0
5262,4,0,0.0684644394631032,0.07256931317502566,0,0
5263,4,0,0.06806212026602877,0.0731605819620891,0,0
5264,3,0,0.004730064875029474,0.005981804725153086,0,0
5265,4,0,0.2713999141741754,0.2718842840175665,0,0
5266,5,0,0.023670653389223494,0.02681819991576882,0,0
5267,1,0,0.0030096242058394946,0.004147122484967608,0,0
5268,5,1,0.7216717060053112,0.7117702563369676,1,1
5269,4,1,0.6075040153461864,0.6000709587779477,1,1
5270,3,0,0.08177199654912413,0.08783698985848262,0,0
5271,1,1,0.11478205194564933,0.12113330104011082,0,0
5272,2,0,0.016622930991494252,0.01937321468184302,0,0
5273,4,0,0.03853544301141582,0.042593773784317876,0,0
5274,4,1,0.38110964144289505,0.38233742599539966,0,0
5275,1,0,0.012917085822030761,0.01563991689386914,0,0
5276,3,1,0.5639638139719714,0.5551463700465932,1,1
5277,1,1,0.3494351445546097,0.343907867552515,0,0
5278,1,0,0.06458161001886484,0.06997508058639043,0,0
5279,4,0,0.33805887774567955,0.33716571210015617,0,0
5280,1,0,0.40095205834454517,0.4034367908573414,1,1
5281,4,1,0.13825174218004013,0.14269411242572677,0,0
5282,3,1,0.510966101621433,0.5038895671653733,1,1
5283,5,1,0.09990923306687141,0.10617226981856769,0,0
5284,5,1,0.24013930708803063,0.24281810954390576,0,0
5285,5,0,0.6547932053362298,0.6462332261253945,1,1
5286,1,0,0.06915103726747801,0.07545759257514051,0,0
5287,4,1,0.5344043912851951,0.528179255346868,1,1
5288,1,0,0.17653583924420774,0.18093663388259146,0,0
5289,1,0,0.0010916034405154392,0.0016038828057137456,0,0
5290,1,0,0.34663934137911717,0.3461438557518088,0,0
5291,4,0,0.0844355523266858,0.08931646588234221,0,0
5292,5,0,0.3617069583885641,0.36192322727450177,0,0
5293,5,0,0.1412330136754225,0.14486216554276413,0,0
5294,4,0,0.008017915035400919,0.009486657547917129,0,0
5295,4,1,0.43037187919948194,0.4266855949075552,1,1
5296,4,1,0.7897645204161396,0.7793461230980767,1,1
5297,1,0,0.012074467761433371,0.01474574722208675,0,0
5298,3,1,0.7276257441450166,0.7167890449828102,1,1
5299,1,1,0.7400829132251897,0.7281786354293793,1,1
5300,5,0,0.0074283167918620645,0.009045012156179427,0,0
5301,5,0,0.49439421266307737,0.4906129338119413,1,1
5302,1,0,0.0236820573488686,0.0274660544834201,0,0
5303,4,0,0.20661241152545104,0.20960695614836897,0,0
5304,3,1,0.11407559606289187,0.11899234009250544,0,0
5305,2,1,0.7543196291872392,0.7417493956273278,1,1
5306,3,1,0.6207316043972612,0.6061269051512753,1,1
5307,3,0,0.03158285957180348,0.03577298757726564,0,0
5308,3,0,0.18556334706427421,0.19060021110119169,0,0
5309,3,0,0.011616424958674668,0.01397052957669126,0,0
5310,3,0,0.002943980703545284,0.0038606865611568687,0,0
5311,1,0,0.13847254896950142,0.1426663105226022,0,0
5312,3,0,0.04914316794352512,0.05421489120365704,0,0
5313,5,0,0.6303495609516053,0.6190885800572925,1,1
5314,3,0,0.19171847355683547,0.19592028446258442,0,0
5315,1,0,0.18491802793744586,0.1888844687980867,0,0
5316,2,0,0.009116039649506488,0.011007324272502518,0,0
5317,2,0,0.011044729393786144,0.013192076981470142,0,0
5318,3,0,0.06780143770805822,0.0734638607672306,0,0
5319,4,0,0.1444968261947314,0.14797554236993796,0,0
5320,1,0,0.15448102465556252,0.15952404770445977,0,0
5321,2,0,0.016098893341788205,0.01890804932437377,0,0
5322,1,0,0.229888675489188,0.23357384435983156,0,0
5323,5,0,0.004641836174039435,0.005743591609393431,0,0
5324,2,0,0.008139288021513676,0.009897724553901244,0,0
5325,5,0,0.012036861865861503,0.014245613595628398,0,0
5326,1,1,0.5335340625021142,0.5292424987789164,1,1
5327,2,0,0.013654012493740096,0.016194034059004134,0,0
5328,3,1,0.7054370235998115,0.6929988233503724,1,1
5329,4,0,0.01167886872655706,0.01348415117250992,0,0
5330,1,0,0.027761844967673935,0.032172334977076014,0,0
5331,5,0,0.5853349427056322,0.5781297131656169,1,1
5332,4,0,0.3187900946232074,0.318554105097251,0,0
5333,5,0,0.08885010549474769,0.09469030692383945,0,0
5334,4,0,0.32019598713278424,0.3205458103333508,0,0
5335,5,0,0.10954735823221372,0.11829973850131699,0,0
5336,1,0,0.0724965612428389,0.07832980483776893,0,0
5337,1,0,0.01509391104957803,0.01825276074664071,0,0
5338,4,0,0.4984954580778369,0.4938723178164198,1,1
5339,3,0,0.2705385165988278,0.26998974973812684,0,0
5340,5,0,0.008421525798649314,0.010126868634546366,0,0
5341,2,1,0.05732292495280903,0.0628711642280144,0,0
5342,5,0,0.08496670710954517,0.09142749203882662,0,0
5343,3,0,0.1483655387510297,0.15532562821115822,0,0
5344,3,0,0.08900081695179407,0.09523338369949716,0,0
5345,2,0,0.06811311566005014,0.07355556183580618,0,0
5346,3,0,0.038699358849723066,0.04277134001989302,0,0
5347,1,0,0.09606794372906148,0.10376902407553805,0,0
5348,5,0,0.041275027056280465,0.04588187976768341,0,0
5349,2,0,0.12726355934914993,0.13388866904067115,0,0
5350,5,0,0.483092820865483,0.4784915818032033,1,1
5351,1,0,0.08025318020519781,0.08749517001518863,0,0
5352,2,0,0.005504888099531293,0.006812307605138142,0,0
5353,3,0,0.6518652751169018,0.6423380858848566,1,1
5354,4,0,0.16301920655329827,0.1677958130581461,0,0
5355,3,0,0.16190497933502965,0.16743731271198067,0,0
5356,3,0,0.0050353080377580585,0.006493822906640234,0,0
5357,2,0,0.2191528618434012,0.22341583631033018,0,0
5358,2,0,0.49448188471623583,0.4890486119937075,1,1
5359,5,1,0.7239030252852539,0.712870620262818,1,1
5360,5,0,0.24997451228581094,0.25219284211410414,0,0
5361,3,0,0.2232439065944475,0.22790682443297064,0,0
5362,2,0,0.19944478585639758,0.2038506036736615,0,0
5363,4,0,0.007117414330004621,0.00853251246117121,0,0
5364,1,1,0.7150480463645539,0.7030690851275319,1,1
5365,3,0,0.2237317371699291,0.22691246910283494,0,0
5366,4,0,0.02302838509554377,0.02632434667400055,0,0
5367,4,0,0.42349466236785904,0.4177805406263092,1,1
5368,4,0,0.39356941965879194,0.3911032998503733,0,0
5369,2,0,0.30673331353503724,0.3058671891536625,0,0
5370,3,0,0.6305923591809166,0.6224288847312794,1,1
5371,4,0,0.7311731685294717,0.7201643996845032,1,1
5372,4,1,0.659354421818418,0.6493124617958743,1,1
5373,2,1,0.42839317257968684,0.42239484851677167,1,1
5374,5,0,0.030216209482943374,0.03393747925713754,0,0
5375,2,0,0.03309923402062118,0.037296096905049946,0,0
5376,5,0,0.13772115445392155,0.14302352459529338,0,0
5377,5,0,0.007526378842139416,0.00914139775144741,0,0
5378,4,1,0.015266295177887256,0.017533290516499517,0,0
5379,4,0,0.050132226919166266,0.054682557482962545,0,0
5380,4,1,0.6956377376275439,0.6863692493558124,1,1
5381,5,0,0.5565196975594292,0.5495846821124861,1,1
5382,3,0,0.06259156364002534,0.06634861550439136,0,0
5383,2,0,0.01557836145241911,0.0181995737550813,0,0
5384,1,0,0.1062533874652953,0.1128673104110814,0,0
5385,5,1,0.21783054660641912,0.22108316271443146,0,0
5386,4,0,0.00844974171291137,0.009880574861441112,0,0
5387,1,0,0.0016557946265910771,0.002380753555100641,0,0
5388,3,1,0.24854837955874706,0.2523270244697593,0,0
5389,2,1,0.6936330871473556,0.6824920948036824,1,1
5390,3,0,0.02278060800488396,0.025984468220296108,0,0
5391,3,0,0.2803511929980918,0.2820752232535998,0,0
5392,2,0,0.07207865829096739,0.07868635264071078,0,0
5393,5,1,0.4463460142914947,0.4429843640419279,1,1
5394,5,1,0.7536495150838791,0.7436245715190262,1,1
5395,3,0,0.012486076012625042,0.014827627400421216,0,0
5396,1,0,0.0034217051754838117,0.004619856497618804,0,0
5397,4,0,0.028457618984393807,0.032602424605623834,0,0
5398,3,0,0.11252052658286466,0.11632866423886386,0,0
5399,2,0,0.35587762113157506,0.35384729010787397,0,0
5400,4,0,0.5586937852491572,0.5522207225461833,1,1
5401,3,0,0.07619342356038941,0.08218262271154458,0,0
5402,5,0,0.16593457508582315,0.17030129730578544,0,0
5403,3,1,0.3767755528895843,0.37475517152699167,0,0
5404,5,0,0.24017429381583327,0.24278897540365735,0,0
5405,2,1,0.1670459379256598,0.17276801348676893,0,0
5406,4,0,0.02542315266781345,0.028953674032708265,0,0
5407,4,0,0.004730771395342371,0.005836924018508291,0,0
5408,3,0,0.04664992455494314,0.05146571988332305,0,0
5409,3,0,0.03405477418010995,0.03837084914501708,0,0
5410,3,0,0.04425890584511505,0.04775283642465566,0,0
5411,4,0,0.009202500799678761,0.01095001231578468,0,0
5412,3,0,0.07390009657988482,0.08002237828919485,0,0
5413,5,1,0.07194728752587828,0.07758618228154471,0,0
5414,3,1,0.6323340145913483,0.6192124404823922,1,1
5415,3,0,0.049833808810823395,0.05449242782747715,0,0
5416,4,0,0.022458308563457954,0.025387395642382786,0,0
5417,2,0,0.0025503076441826373,0.003275306957979407,0,0
5418,2,0,0.10463366883381267,0.11137394583389607,0,0
5419,5,0,0.2266950318538645,0.22850151293452167,0,0
5420,5,1,0.5955955916119955,0.5870767125638696,1,1
5421,5,0,0.32441394822343417,0.32526718487748063,0,0
5422,5,0,0.042962542201724026,0.0478456859349682,0,0
5423,1,0,0.11974410128966645,0.12578318473080582,0,0
5424,2,1,0.21647352230980202,0.22114898391988785,0,0
5425,1,0,0.04301191909997933,0.0481139915938673,0,0
5426,2,1,0.23453731384544427,0.23888380299513515,0,0
5427,1,0,0.003775941831025424,0.005134258039250256,0,0
5428,2,1,0.46239339957153325,0.4582673282391644,1,1
5429,5,1,0.01740663806123281,0.020393346069468746,0,0
5430,3,0,0.055464837853099684,0.05894198102337256,0,0
5431,4,0,0.011221088036067514,0.013237860858727557,0,0
5432,1,0,0.19412102554716792,0.19769158318852628,0,0
5433,5,1,0.2723317558299815,0.2748069000524337,0,0
5434,2,0,0.39315451455203587,0.39042509772860484,0,0
5435,2,0,0.5256879434264754,0.5191791026431783,1,1
5436,5,0,0.06583400621279399,0.071140969419792,0,0
5437,3,1,0.19966132005255421,0.2054152589632229,0,0
5438,3,0,0.3527681743610062,0.3504582790487396,0,0
5439,5,0,0.5237427390893907,0.5156828437954366,1,1
5440,5,0,0.099888606511608,0.10593229372296523,0,0
5441,4,0,0.4626169397861855,0.4567584884665784,1,1
5442,2,0,0.142838145464903,0.14769754476884656,0,0
5443,1,0,0.007417171207922316,0.009471922198244134,0,0
5444,3,0,0.06620367244900646,0.07102747012166179,0,0
5445,5,0,0.1542979038674427,0.16193642604080044,0,0
5446,1,1,0.710071559332578,0.6979092355663534,1,1
5447,2,1,0.40073268666154993,0.3994399170379507,1,0
5448,3,1,0.7007302386713821,0.6872148675315688,1,1
5449,3,0,0.1753197345629362,0.1811434664004038,0,0
5450,1,1,0.012771162201188627,0.01564197800975769,0,0
5451,1,0,0.2738135317129598,0.27361644109910077,0,0
5452,2,0,0.005113791706806729,0.006439556372854349,0,0
5453,2,0,0.0036645203159849033,0.004661313234324725,0,0
5454,3,0,0.08434706247341668,0.0901734746109822,0,0
5455,5,1,0.4315646793814879,0.42666604827083765,1,1
5456,4,0,0.2576295835989166,0.2578728116495723,0,0
5457,4,1,0.5685294270158103,0.5619846623868121,1,1
5458,5,1,0.42698811431640704,0.42412082889421254,1,1
5459,1,1,0.20017450173668164,0.20533817002282903,0,0
5460,1,0,0.5405320220140167,0.5332241906772734,1,1
5461,5,0,0.20751163816950377,0.21140824172933423,0,0
5462,1,0,0.04816448389481363,0.05294257491548554,0,0
5463,4,0,0.040954690520012,0.044837353087225654,0,0
5464,5,0,0.0167302147783092,0.019560990075147618,0,0
5465,3,0,0.003459236115465272,0.004492244426864669,0,0
5466,5,0,0.16439727098128998,0.1713187207263132,0,0
5467,1,0,0.1298141811334914,0.13550067453808953,0,0
5468,1,1,0.6920032225043418,0.6789548577772762,1,1
5469,3,0,0.737407640939269,0.7259011211828036,1,1
5470,1,1,0.6110941046592604,0.6033313273876176,1,1
5471,1,1,0.7620630911696358,0.7497590963582264,1,1
5472,5,0,0.24325819002200963,0.24816198873150236,0,0
5473,3,0,0.07627609362140786,0.08236815357696847,0,0
5474,1,1,0.39649283797121104,0.39382277533599513,0,0
5475,4,0,0.45238837987876834,0.45033689427719475,1,1
5476,4,0,0.20758613241167656,0.21179091524834165,0,0
5477,2,0,0.46444647767951663,0.4599849531611423,1,1
5478,1,0,0.3041945314755089,0.30390519843545116,0,0
5479,3,0,0.006117867402353933,0.007457893784022615,0,0
5480,4,0,0.10056229460687509,0.1063427360462867,0,0
5481,1,0,0.05910589852774379,0.06509174922874185,0,0
5482,1,1,0.35480258011497856,0.3544468063239714,0,0
5483,1,0,0.17117641021427654,0.1756095785917015,0,0
5484,3,0,0.004166493905767037,0.005280168902613798,0,0
5485,3,0,0.2795519020348937,0.27805234685284447,0,0
5486,2,0,0.0403877809808088,0.0447529334478081,0,0
5487,2,1,0.4835889992027234,0.4738936420031214,1,1
5488,2,1,0.5944563545905864,0.5869050246116012,1,1
5489,2,1,0.7908832769454122,0.7787143666364759,1,1
5490,5,0,0.042527726682942676,0.04683206969262124,0,0
5491,5,1,0.5711869878930087,0.5635414959625333,1,1
5492,1,0,0.06770640777139644,0.07445653628077016,0,0
5493,3,1,0.8174632787521058,0.8056485660922588,1,1
5494,1,0,0.0016440519199115056,0.002354812554047808,0,0
5495,4,1,0.69428606312744,0.6846506533274211,1,1
5496,3,1,0.03136011109698904,0.03523316516964888,0,0
5497,1,0,0.2895076960257934,0.2898400495636206,0,0
5498,1,0,0.2648728173458696,0.2653355394133131,0,0
5499,2,0,0.05856501528428272,0.06385791648297096,0,0
5500,4,0,0.014920557879302652,0.017063682306787006,0,0
5501,4,0,0.13267610020774762,0.1371663552116193,0,0
5502,2,0,0.003651230721292059,0.004587368721240414,0,0
5503,1,0,0.16410505155975683,0.16761891782554272,0,0
5504,3,1,0.5873575098758498,0.5778270548297397,1,1
5505,3,1,0.7658409441470497,0.7531175430865759,1,1
5506,3,0,0.51422966336871,0.5094805980024544,1,1
5507,3,0,0.001889713404819812,0.0025736126826134075,0,0
5508,4,0,0.19272266112020903,0.19627450738255867,0,0
5509,1,0,0.102840933776789,0.10884062284606263,0,0
5510,1,0,0.27980052354030543,0.2801537855619427,0,0
5511,2,1,0.6553166972431083,0.6425363710912485,1,1
5512,5,1,0.5658761482959552,0.5592961040631188,1,1
5513,1,1,0.7390831040415325,0.7290736157272675,1,1
5514,3,0,0.014195334291150717,0.01667814065301415,0,0
5515,3,0,0.6951071274509606,0.6829052097222752,1,1
5516,1,0,0.08209286548527958,0.08903783671889656,0,0
5517,5,0,0.14782223119488888,0.15270665713104284,0,0
5518,1,1,0.19504704385414293,0.1993113179912041,0,0
5519,3,1,0.784646330213058,0.7713407533836509,1,1
5520,2,0,0.021196638429612884,0.024468306611702538,0,0
5521,1,1,0.38990388392107184,0.38633741842920577,0,0
5522,5,0,0.08497624776912759,0.09024390606850588,0,0
5523,3,0,0.2581533133384504,0.2609323052660125,0,0
5524,4,1,0.3951111829151225,0.39324104232466334,0,0
5525,2,0,0.22483991033673856,0.2276780642712597,0,0
5526,5,0,0.1450686689487816,0.15147317895976103,0,0
5527,2,0,0.029811468861941658,0.03366624217813139,0,0
5528,2,0,0.1014855898655328,0.10812211885573815,0,0
5529,5,0,0.4157214896637155,0.4141477662821035,1,1
5530,1,0,0.016743566755659408,0.020137725999410418,0,0
5531,5,1,0.237329325424341,0.23926358353787008,0,0
5532,4,0,0.2967132806226049,0.29592539007679064,0,0
5533,1,0,0.05623234817574648,0.06128765573276036,0,0
5534,2,0,0.004901985034595485,0.0061059884473507985,0,0
5535,4,0,0.7403130301698075,0.7298193532235707,1,1
5536,3,0,0.11209181442558012,0.11646254267177222,0,0
5537,4,0,0.12132916372290209,0.12611492890351367,0,0
5538,5,0,0.03413310420646799,0.0380818704618352,0,0
5539,2,1,0.22057655608899596,0.22629784652581106,0,0
5540,2,0,0.2911460266946032,0.29098173681681466,0,0
5541,5,0,0.014102608838533006,0.016466021669323094,0,0
5542,5,0,0.26950542736064936,0.2697658567632363,0,0
5543,5,0,0.4965031634670911,0.49076461827409534,1,1
5544,2,0,0.03869053729010225,0.04413009745474513,0,0
5545,5,1,0.7213934901544465,0.7106688661352485,1,1
5546,2,1,0.2195302367418083,0.22192043131353048,0,0
5547,5,0,0.17892559417980533,0.18415808766030498,0,0
5548,4,0,0.035230023474932794,0.03928197030639728,0,0
5549,1,0,0.05476802560626926,0.06020625918373603,0,0
5550,5,1,0.6668037399601989,0.6576282616754595,1,1
5551,1,0,0.09204261781014038,0.0986381487873125,0,0
5552,1,0,0.39750187970965095,0.3943573162875249,0,0
5553,5,1,0.7213453196726148,0.7107132858931543,1,1
5554,5,0,0.07033062670400107,0.07541573345272286,0,0
5555,3,0,0.08130885262556074,0.08523229537872487,0,0
5556,1,1,0.6363280130869725,0.6237170153442233,1,1
5557,3,0,0.21511783432966397,0.2200912580384693,0,0
5558,1,1,0.3559989360349038,0.3498127773053986,0,0
5559,4,0,0.2429566868026582,0.244340101312092,0,0
5560,3,1,0.05959933152284489,0.06374817727062819,0,0
5561,3,0,0.0830565806113862,0.08967986965242623,0,0
5562,2,0,0.13494920230836194,0.14093293733646112,0,0
5563,4,0,0.07930631126851063,0.08467080479103525,0,0
5564,1,0,0.26636704382078624,0.26750945602341086,0,0
5565,1,0,0.006375219635360313,0.008239849832100464,0,0
5566,1,1,0.4151076947710359,0.4096837749531896,1,1
5567,3,0,0.1265777982799563,0.13271928894636412,0,0
5568,2,0,0.3939702292732654,0.39246559480685766,0,0
5569,1,0,0.5436423563395028,0.5416956410947031,1,1
5570,5,0,0.04067829431753588,0.04469616922870896,0,0
5571,5,0,0.2858526638319581,0.288322255242771,0,0
5572,4,0,0.5131804759670435,0.5062521509757835,1,1
5573,4,1,0.48588802744114234,0.4808942798410967,1,1
5574,3,1,0.5546240116304856,0.5474735150158249,1,1
5575,5,0,0.633692932431919,0.6244168208678449,1,1
5576,2,0,0.08700273002556952,0.09296440399213436,0,0
5577,3,0,0.14008494847885367,0.1447725503757626,0,0
5578,4,0,0.04701155743649587,0.052374989563048466,0,0
5579,4,1,0.5588452992761467,0.553012140153509,1,1
5580,2,1,0.19588905729150818,0.20031569284897835,0,0
5581,4,1,0.5438164922602067,0.5376771867186141,1,1
5582,2,0,0.14613782627027228,0.1519237554600965,0,0
5583,2,0,0.3073909623378175,0.30772672341632645,0,0
5584,5,0,0.013028184135816358,0.015350850454178375,0,0
5585,3,0,0.17778391571299562,0.18317604894795775,0,0
5586,4,0,0.012435938739346552,0.014321740937187143,0,0
5587,2,0,0.4477078081711654,0.44191692888394724,1,1
5588,4,0,0.010276158768158704,0.01198024826848508,0,0
5589,5,0,0.28139785212809876,0.2818066430647281,0,0
5590,1,0,0.1456747043087385,0.15127766304752446,0,0
5591,4,0,0.07691879991540979,0.08212975302365182,0,0
5592,5,1,0.4253106225260141,0.42461510240838063,1,1
5593,2,0,0.3319347176060255,0.3337160636698343,0,0
5594,5,0,0.24078975566555458,0.2469075248586221,0,0
5595,1,0,0.1576559508962153,0.16450467901491114,0,0
5596,2,0,0.4242746481136144,0.41948657649083937,1,1
5597,2,1,0.7043380495440876,0.6904816408407476,1,1
5598,1,0,0.10726018991809853,0.11441218601710627,0,0
5599,2,1,0.42653606903771313,0.42120271527312153,1,1
5600,5,0,0.026835616639041073,0.030169926896919837,0,0
5601,1,1,0.06023217334247181,0.06636699377758613,0,0
5602,2,0,0.43945489009904815,0.43431904523626635,1,1
5603,3,0,0.6864288387727977,0.6758709258043718,1,1
5604,3,0,0.004838409594445997,0.006380854762419311,0,0
5605,4,1,0.3442011187264435,0.34369543555596327,0,0
5606,4,0,0.26118588147505534,0.2633551646788288,0,0
5607,5,0,0.4077435069471869,0.4041740493048424,1,1
5608,5,0,0.03613299342806768,0.04006025430894418,0,0
5609,3,1,0.4222397623991871,0.41666302109472053,1,1
5610,3,0,0.01395250943775352,0.016169398956797844,0,0
5611,5,1,0.5939747700826049,0.5865948811257173,1,1
5612,2,1,0.7780541917530007,0.7653271247573223,1,1
5613,5,1,0.23411337730858597,0.2391026582972687,0,0
5614,1,0,0.032000804609207664,0.036734953900656474,0,0
5615,3,0,0.4437841999044402,0.4397281707179365,1,1
5616,2,0,0.011421577907287527,0.013588336323395511,0,0
5617,1,0,0.16841416380556717,0.17305175195618136,0,0
5618,4,0,0.20323154369194965,0.20626086859710574,0,0
5619,4,0,0.26325096555465477,0.2632101271309292,0,0
5620,4,0,0.5101217433963336,0.5035830006467741,1,1
5621,1,1,0.3933388966781421,0.38880684088671813,0,0
5622,3,0,0.00837096540078431,0.010052270102003208,0,0
5623,5,0,0.7133581007692902,0.7027938410094482,1,1
5624,1,0,0.23417494156068225,0.23651529836073806,0,0
5625,1,0,0.03228419048273387,0.03692154612901856,0,0
5626,4,0,0.30824882376704726,0.3095738726005043,0,0
5627,4,1,0.20190452889841096,0.20385634036901648,0,0
5628,5,0,0.5551668601504514,0.5456331609019125,1,1
5629,3,0,0.002129175744393391,0.002943095514276946,0,0
5630,1,0,0.11499287888111544,0.12190706251286514,0,0
5631,3,0,0.41631058203261867,0.4129788006184252,1,1
5632,3,1,0.6767666660771953,0.6659489663693197,1,1
5633,1,0,0.042946966735118206,0.047829648954005204,0,0
