development_row,fold,y_true,raw_probability,calibrated_probability,raw_selected_at_0_40,calibrated_selected_at_0_40
0,4,0,0.6085563743923535,0.5987954744612107,1,1
1,1,0,0.04419984179797904,0.04920793381183235,0,0
2,3,1,0.30096424299786817,0.3021373433149811,0,0
3,5,0,0.03256600621275946,0.03534410478573626,0,0
4,2,1,0.6934446919683507,0.6840148213449605,1,1
5,4,1,0.7876063172766309,0.7779031381507264,1,1
6,3,0,0.4832978892747684,0.477076647370977,1,1
7,1,0,0.28259829928888114,0.28196235655545415,0,0
8,2,1,0.6104127283035676,0.6026934088532303,1,1
9,5,0,0.013663131116176138,0.01624858767229296,0,0
10,1,0,0.19156973591961085,0.19550494149151404,0,0
11,1,0,0.028791031718523638,0.032728881591864815,0,0
12,5,0,0.1577601777226808,0.16177173331410896,0,0
13,1,1,0.4047235025343824,0.3974968783922151,1,0
14,5,0,0.46609407164255956,0.4610981910462154,1,1
15,2,0,0.03626428048278151,0.039730713662734264,0,0
16,3,0,0.006917079249016911,0.008735194117187681,0,0
17,2,0,0.045807989784950286,0.05006511139152635,0,0
18,4,1,0.16925283974259248,0.17351391901889218,0,0
19,3,0,0.5617135795498965,0.5546815612626194,1,1
20,1,1,0.6853818995458493,0.672212246701603,1,1
21,2,0,0.06679672360318094,0.07146133595779945,0,0
22,4,1,0.2188298030879974,0.22074710469346673,0,0
23,4,0,0.03241250146882224,0.035532908926250495,0,0
24,2,1,0.4597120023024519,0.45151489694971947,1,1
25,4,1,0.478459537175327,0.4721525207315757,1,1
26,3,0,0.016009937240197197,0.01828493375575034,0,0
27,5,1,0.3495850312784034,0.3517488548551355,0,0
28,2,0,0.7124592398550786,0.7035808666394682,1,1
29,5,0,0.03384007230302022,0.037335327188677755,0,0
30,1,0,0.3996703296297779,0.3944440730881348,0,0
31,2,1,0.668528329169355,0.6592756829774462,1,1
32,3,0,0.2328125645617998,0.23670258591430066,0,0
33,4,1,0.6077371033623472,0.6000956947702398,1,1
34,4,1,0.6856117906917436,0.674992477194208,1,1
35,3,0,0.11747907611357608,0.12239417488562147,0,0
36,2,0,0.01209742989175212,0.014230562645600636,0,0
37,1,0,0.3451874307969069,0.3504231240061036,0,0
38,1,0,0.44557005641944214,0.44097800673113224,1,1
39,2,0,0.3369043336181263,0.33666231880957115,0,0
40,3,1,0.7381606867030586,0.7289745065430051,1,1
41,5,0,0.0321281304584389,0.03568149548965777,0,0
42,1,0,0.007024336119846252,0.008617597413952568,0,0
43,4,0,0.48547367509985445,0.4813420500801378,1,1
44,4,1,0.5916122926143735,0.5856819767566149,1,1
45,1,1,0.7450925654008452,0.7350262681879004,1,1
46,3,0,0.1403087959889921,0.14392351378967094,0,0
47,3,0,0.1550302229080637,0.15731516817734054,0,0
48,3,0,0.01457346766686455,0.017050646232863464,0,0
49,3,0,0.0892293903022106,0.09406553214175695,0,0
50,5,0,0.543756834202923,0.5334245976804444,1,1
51,3,0,0.004834772960283384,0.0061281256054138014,0,0
52,2,0,0.09256517029316236,0.09757737007572517,0,0
53,2,1,0.7575089948540537,0.7462349590118895,1,1
54,3,0,0.5122934406464505,0.5079032268320757,1,1
55,1,0,0.2469538055472564,0.24916677944368013,0,0
56,2,0,0.049593161515695275,0.05426155900386145,0,0
57,4,0,0.005967368853568838,0.007121213185790833,0,0
58,5,0,0.4346275327547251,0.4332849908132316,1,1
59,1,0,0.3194832703856668,0.3215379767614127,0,0
60,1,0,0.013542301129966289,0.016299396497626482,0,0
61,5,0,0.061610173142039044,0.06315829644829582,0,0
62,4,0,0.2090077229553399,0.21144408350445992,0,0
63,2,0,0.06618232922486353,0.07148046088793011,0,0
64,4,0,0.2639101772143415,0.2661414047987986,0,0
65,5,0,0.023056549645520744,0.025778157486431252,0,0
66,2,1,0.6889873048468449,0.6785680983820024,1,1
67,4,0,0.4363073281660118,0.43277282736356526,1,1
68,3,1,0.5616925391028045,0.5538780950717288,1,1
69,4,0,0.3047719772886641,0.3032347216649298,0,0
70,1,0,0.006481927421945261,0.008178338341594975,0,0
71,2,0,0.7199846812552317,0.7096401767140699,1,1
72,4,0,0.08026972286495102,0.08512771734121763,0,0
73,5,0,0.005969688411608955,0.007100773499854536,0,0
74,5,0,0.008451956852282472,0.010071709623789542,0,0
75,5,0,0.24066032635710333,0.24780204496147315,0,0
76,5,0,0.26525310804436825,0.25834926002861314,0,0
77,3,0,0.24192587371597107,0.241667468038806,0,0
78,2,0,0.08917917373443573,0.09348205098895342,0,0
79,4,1,0.635073050675878,0.627576374856233,1,1
80,1,0,0.014574232351250114,0.017176021615454642,0,0
81,1,1,0.15489168162200204,0.15923312894161848,0,0
82,3,0,0.004853079475669281,0.006221823205908816,0,0
83,2,1,0.5815877180907825,0.5733955285182801,1,1
84,2,0,0.19873403830145597,0.20192495193047208,0,0
85,2,0,0.2066800308348494,0.20856575255040277,0,0
86,1,0,0.21007591205165707,0.2134017871552341,0,0
87,5,1,0.08766449060781482,0.09050001653011595,0,0
88,2,0,0.4660895025882185,0.4597425997845802,1,1
89,4,0,0.13293879819781745,0.13707361654952874,0,0
90,5,0,0.06788437049883575,0.07411671064825939,0,0
91,2,0,0.2728828626695051,0.2738957638837808,0,0
92,4,0,0.002395861225335347,0.002959379594255431,0,0
93,3,1,0.2864994357520354,0.2875388938309424,0,0
94,4,0,0.02265943178293898,0.025383844315401548,0,0
95,4,1,0.4962888241888458,0.49124483862458357,1,1
96,3,0,0.025833306627208567,0.029671469044904652,0,0
97,4,0,0.49920713656793697,0.49578206116155465,1,1
98,2,0,0.03714329318826874,0.041207426200135705,0,0
99,3,1,0.6844961748988235,0.6741470768214767,1,1
100,5,0,0.00905190624419845,0.010684257510676374,0,0
101,5,0,0.34840483180449455,0.34984717617945216,0,0
102,4,1,0.7585424131063927,0.7488900579439379,1,1
103,5,0,0.18850326172922507,0.19036422190900082,0,0
104,1,0,0.12106854351871389,0.12892509662486087,0,0
105,3,0,0.0029273969074041623,0.0039168460469014245,0,0
106,5,0,0.1822742676483527,0.18502747836275135,0,0
107,4,0,0.060745107254798626,0.06550724666549221,0,0
108,3,1,0.23988724965432182,0.24244644949366548,0,0
109,3,0,0.006547710933184146,0.007996206017656255,0,0
110,2,1,0.6899764040136614,0.6782176391306771,1,1
111,2,1,0.4448797068275404,0.4399866478370334,1,1
112,4,0,0.0033113280907625044,0.004051134071674524,0,0
113,4,0,0.0061670472554839935,0.007336328337131846,0,0
114,4,1,0.6111478801092439,0.6042741816556404,1,1
115,4,0,0.013345547937389913,0.015057037937765713,0,0
116,4,1,0.35674686207654827,0.3575369119112223,0,0
117,5,0,0.1282221481851202,0.12993700233468938,0,0
118,5,0,0.07540200763644088,0.08173865872876336,0,0
119,2,0,0.0038314440168218202,0.004817642459865476,0,0
120,4,0,0.1148783569277286,0.11918187692639715,0,0
121,2,1,0.5073928119467634,0.5019442943667876,1,1
122,2,0,0.07161362632703172,0.07683325785581319,0,0
123,1,0,0.20108330738158842,0.20529006376586345,0,0
124,1,0,0.4568870158098257,0.45487653952826923,1,1
125,1,0,0.01190705371547154,0.014082963569208823,0,0
126,4,0,0.14032051412951219,0.14357570765741384,0,0
127,3,0,0.5687978231651106,0.5572772147867302,1,1
128,2,0,0.5941595685013945,0.5835499321049501,1,1
129,5,0,0.04483089195289838,0.04990474908819821,0,0
130,2,0,0.05597591562641713,0.06093887247082751,0,0
131,5,1,0.4610794720165503,0.44804835455670194,1,1
132,3,0,0.7194465239188715,0.7099001341010258,1,1
133,1,0,0.029966149444019874,0.03381649869442631,0,0
134,4,0,0.06204426111851612,0.06617152087627079,0,0
135,3,0,0.0015383056667217514,0.002134644065009411,0,0
136,5,1,0.6361691486327655,0.622262930176321,1,1
137,5,0,0.01595887946431666,0.018238777169651783,0,0
138,4,1,0.15998469210067537,0.16372087226035942,0,0
139,1,0,0.10025624072596212,0.10449477226275708,0,0
140,5,0,0.07571767178516647,0.08007316467191887,0,0
141,3,1,0.1894170962322683,0.19237827539369975,0,0
142,1,0,0.025678445120966398,0.029257948372159615,0,0
143,3,0,0.0756429572828875,0.08157287294219016,0,0
144,4,1,0.578593481421849,0.5727607151978351,1,1
145,2,1,0.4275231665062356,0.4235713990600173,1,1
146,5,0,0.009185775782948161,0.010914443992817147,0,0
147,3,0,0.3670856911764137,0.3658154768169509,0,0
148,1,1,0.628763956497423,0.6156438385959557,1,1
149,5,0,0.05595626320613911,0.061165180153015065,0,0
150,2,1,0.5520361177068798,0.5460716925689082,1,1
151,5,1,0.6518026395610138,0.6404397602588388,1,1
152,1,0,0.22023413291567254,0.2256221257262024,0,0
153,2,0,0.48754732866885064,0.4821553970740828,1,1
154,3,0,0.0929943945937717,0.09846813696568553,0,0
155,2,0,0.05279816599110418,0.057790786497238275,0,0
156,4,1,0.6662961892204704,0.6569277884873894,1,1
157,3,0,0.00149439258711684,0.002099526384174562,0,0
158,1,0,0.0022767475161507727,0.0030715825930186062,0,0
159,5,0,0.033054361746688216,0.03634880737611083,0,0
160,4,0,0.38092245195995705,0.37855114915953253,0,0
161,3,0,0.06777879437825983,0.07128636628606913,0,0
162,5,0,0.1614055920545566,0.16258085468220168,0,0
163,1,0,0.260419992807175,0.26588482472900254,0,0
164,3,0,0.4220000391210778,0.4213668929727955,1,1
165,1,0,0.058981535160799736,0.06371331774565749,0,0
166,4,0,0.2322700837005125,0.23440122578391448,0,0
167,2,0,0.008483982667935675,0.01007537833351714,0,0
168,5,1,0.6899103893299183,0.6807929247415035,1,1
169,1,1,0.4787076629319567,0.47974484587036503,1,1
170,3,0,0.10980176110565205,0.1136993718969149,0,0
171,5,1,0.4191903247802225,0.4140900089082332,1,1
172,4,0,0.0436111086575988,0.04741178092741617,0,0
173,3,0,0.6095136260727938,0.6010326488090457,1,1
174,2,0,0.11036509052312643,0.11551533690935822,0,0
175,4,0,0.005101507069979146,0.006049443602720674,0,0
176,5,0,0.01382484413718924,0.015535622681878986,0,0
177,3,0,0.021329515925316095,0.024156948078113256,0,0
178,1,0,0.6183801943081162,0.6094998322830596,1,1
179,2,1,0.6772113587766645,0.6679206638881525,1,1
180,4,0,0.004469795997405532,0.005435260118614802,0,0
181,1,1,0.2956523315017904,0.29861219429384916,0,0
182,4,0,0.09947419637023375,0.10402924384146647,0,0
183,5,0,0.19935502980254274,0.20439163081504724,0,0
184,5,0,0.07141640322511737,0.07570569211858244,0,0
185,3,1,0.3890064583506435,0.3882796000766767,0,0
186,3,0,0.47718162169317496,0.4727744758366786,1,1
187,5,0,0.030575586108179936,0.033596906214295966,0,0
188,2,0,0.08180414106366102,0.08761107890856967,0,0
189,2,0,0.17352160761956067,0.17863250881376616,0,0
190,1,1,0.5529023733120466,0.5465768955985896,1,1
191,3,0,0.001593009150998903,0.0021991810805406754,0,0
192,1,0,0.0997511915089549,0.10535428879045368,0,0
193,4,1,0.43020018057399584,0.4280927331255464,1,1
194,3,0,0.14844301337961574,0.15704625921531998,0,0
195,4,0,0.6445070505358623,0.6352765598167525,1,1
196,2,1,0.6975691851975668,0.6877320644289614,1,1
197,3,0,0.017463081871861665,0.019846314063824477,0,0
198,1,0,0.05722563239977707,0.061461167186534826,0,0
199,4,0,0.05290075246309741,0.05671073182401924,0,0
200,5,0,0.1365552017499014,0.1415319090716925,0,0
201,3,0,0.3470433235946822,0.34812557800431465,0,0
202,3,1,0.34823529676008935,0.3479444240049451,0,0
203,4,0,0.16404642850917245,0.1673854434190083,0,0
204,2,1,0.5887641292670924,0.5798557230834035,1,1
205,3,1,0.5942195807700439,0.5845561086256765,1,1
206,3,0,0.08247558493464972,0.08692043143766578,0,0
207,5,0,0.029397976130902646,0.032978296069173234,0,0
208,2,0,0.04460090284673918,0.04858989077304619,0,0
209,3,0,0.12543696859374134,0.12912574232696655,0,0
210,3,1,0.4645248503731444,0.4603031036657225,1,1
211,3,0,0.28973363710233613,0.2932045299869538,0,0
212,5,1,0.6550642779596068,0.6403812207726574,1,1
213,5,0,0.38110582335651105,0.37787869820839015,0,0
214,1,0,0.042611815954111405,0.047292607407731384,0,0
215,4,0,0.13859596630548943,0.14255012906423237,0,0
216,4,0,0.013993696999592376,0.01587644902417095,0,0
217,3,0,0.3762695828449339,0.37659492295360525,0,0
218,1,1,0.002417815296722432,0.0032572214579475096,0,0
219,3,0,0.0030998732875092286,0.004097050047435395,0,0
220,2,0,0.012848859156853064,0.014954745614562347,0,0
221,2,0,0.5954224851852441,0.5885746277215491,1,1
222,5,1,0.5583335142638542,0.5512206236614953,1,1
223,2,1,0.6343928369920266,0.6279601946946893,1,1
224,2,1,0.47989156531615157,0.4717658385869946,1,1
225,2,0,0.20705747288498266,0.210714540388033,0,0
226,1,0,0.5266655163136317,0.5225217899122919,1,1
227,2,0,0.31567002545496503,0.3143275065245135,0,0
228,5,0,0.20642222630946652,0.21014037846734285,0,0
229,3,0,0.3426890022260413,0.34273023844152,0,0
230,3,0,0.20655259809259294,0.208558303292487,0,0
231,4,0,0.04191397585569905,0.04584576322542651,0,0
232,4,0,0.3691360737553943,0.36904800356622747,0,0
233,1,0,0.35456153449540684,0.35508396068276676,0,0
234,2,1,0.6544315419821994,0.6447355684284832,1,1
235,3,1,0.3715411261928508,0.3708448553892051,0,0
236,1,1,0.5910319222154191,0.5852760203695272,1,1
237,4,0,0.04521616124356064,0.04959503678232494,0,0
238,5,0,0.13513837711322352,0.1388048230523371,0,0
239,4,0,0.7568842546282142,0.7472290449302238,1,1
240,2,0,0.12993730867960193,0.13472644136786865,0,0
241,4,0,0.21877612253233025,0.22072447142672855,0,0
242,3,0,0.028396752727237632,0.032051879853155496,0,0
243,4,0,0.6198364594602221,0.6111964298863496,1,1
244,2,0,0.2867192203859664,0.28793348165727356,0,0
245,4,1,0.4846033325723574,0.48186337890130665,1,1
246,3,0,0.21565163537921478,0.218638395374719,0,0
247,4,1,0.8119521257040657,0.8024076699152685,1,1
248,4,0,0.6567421732144598,0.6491750609510442,1,1
249,5,0,0.3567372474484475,0.35157604149849786,0,0
250,4,1,0.5290609544751409,0.5228444595719919,1,1
251,5,0,0.041082094552789127,0.04502316126657182,0,0
252,3,0,0.4550836683289527,0.4477125704897369,1,1
253,3,0,0.28201248018542147,0.2806244991522359,0,0
254,4,0,0.46133733391504017,0.45835315977942626,1,1
255,3,0,0.0871617808920619,0.09234689915956842,0,0
256,2,0,0.6693230044083551,0.6598371129098451,1,1
257,4,1,0.7264729405401076,0.7177384242699386,1,1
258,1,0,0.12217718272055418,0.12629352779541506,0,0
259,2,0,0.003277382528803768,0.004143257675548099,0,0
260,1,0,0.454904000232117,0.4558961311149584,1,1
261,5,1,0.03917227038386148,0.04477411716088011,0,0
262,3,0,0.017522630519937944,0.02050623059658404,0,0
263,3,0,0.5601398507151948,0.5528362475302597,1,1
264,1,0,0.10706341486150378,0.1122015381186194,0,0
265,1,0,0.012305550001734758,0.01470928716800549,0,0
266,3,0,0.32152960157819777,0.3197365740589463,0,0
267,5,0,0.6261498474187418,0.6268121710289327,1,1
268,2,1,0.6929812353513646,0.6834496326574377,1,1
269,5,0,0.38218004749245515,0.3790272789664598,0,0
270,1,0,0.5653133341061811,0.5615189929431147,1,1
271,5,0,0.014096263454540384,0.016333907215054226,0,0
272,1,0,0.10670111020283961,0.1122180321555553,0,0
273,3,0,0.19653386853300941,0.20025452072021102,0,0
274,3,1,0.731139898828064,0.7210223315337022,1,1
275,4,1,0.606774041932724,0.6003726997898516,1,1
276,4,1,0.025736908399613682,0.028935285895149217,0,0
277,5,0,0.026465527497666463,0.030059871432934954,0,0
278,2,0,0.45890266897013704,0.45284136027801625,1,1
279,4,1,0.4068308571017246,0.40048124022384285,1,1
280,5,0,0.009932018730262372,0.012190087837814959,0,0
281,3,0,0.03316885779157543,0.03720780866134113,0,0
282,2,0,0.0068656605607183,0.008357206943159797,0,0
283,1,0,0.7793001617091667,0.7668718289954874,1,1
284,3,1,0.7885706589068575,0.7786699257045427,1,1
285,2,0,0.002713413531630047,0.003462034291203348,0,0
286,1,0,0.5082957910310142,0.5028320667371214,1,1
287,2,0,0.06350392003326302,0.06888815120338321,0,0
288,1,0,0.025189286632659878,0.028711348160899257,0,0
289,4,0,0.7482397156084644,0.7386523335543792,1,1
290,3,1,0.5685212423298063,0.5579680424217892,1,1
291,2,1,0.3677923168740017,0.36984699431346285,0,0
292,5,0,0.35440414947035914,0.3567674260810727,0,0
293,4,0,0.12079706145666089,0.12466763578951685,0,0
294,2,1,0.1824531771858883,0.18724147217052156,0,0
295,4,0,0.2352141257541835,0.23678793309898477,0,0
296,4,0,0.1514853725056975,0.15500763713796045,0,0
297,4,0,0.0287125131524104,0.03200270054819221,0,0
298,3,0,0.007248993417872893,0.009154843103892467,0,0
299,1,0,0.4264780056976661,0.4244988503207304,1,1
300,1,1,0.5863824057720775,0.5783400785353774,1,1
301,1,0,0.2276986026690521,0.22900176303606842,0,0
302,4,0,0.2193671300812911,0.22097400546242035,0,0
303,2,0,0.16836552762812834,0.17093502347952488,0,0
304,3,0,0.048198508132730675,0.051404925224160035,0,0
305,4,0,0.02441985532887402,0.027335384019755986,0,0
306,5,1,0.8107756721976007,0.8001015227492465,1,1
307,4,0,0.03914011807540963,0.04268844246712241,0,0
308,3,0,0.12093509244256789,0.12435669191475429,0,0
309,1,0,0.433633266961206,0.43123683776526534,1,1
310,4,0,0.07780667946362001,0.08226197856793141,0,0
311,1,1,0.5534628272518897,0.5461957534118594,1,1
312,5,0,0.13155858032748485,0.1343354326788075,0,0
313,4,1,0.3152276108656821,0.31597344699011376,0,0
314,4,0,0.012019101873317258,0.013737187809958811,0,0
315,3,1,0.7319755887204777,0.721661603635422,1,1
316,2,0,0.164702182491255,0.16992918485985764,0,0
317,2,1,0.30635948696195264,0.30624719750615326,0,0
318,3,0,0.37106311341234577,0.3691004973208275,0,0
319,5,0,0.40520797207964054,0.4041547030595812,1,1
320,1,0,0.611432130498229,0.6009449004262142,1,1
321,4,0,0.5123858072724538,0.5067458626367433,1,1
322,3,0,0.08160391322792956,0.08719189562566866,0,0
323,2,0,0.582082167453685,0.5725966683762302,1,1
324,4,0,0.02198373216206674,0.02444854366083123,0,0
325,1,1,0.3197555226609687,0.31999212268375066,0,0
326,2,0,0.3444542743351131,0.34660267645375764,0,0
327,4,0,0.037039481256446245,0.04053057711751239,0,0
328,2,0,0.02801595888987467,0.03151750206973426,0,0
329,2,0,0.07171201254777398,0.07642849001947549,0,0
330,4,1,0.25348794508353273,0.2536747244432836,0,0
331,4,0,0.011639695962869687,0.013728783416448209,0,0
332,3,0,0.032671844639566655,0.03734337932719471,0,0
333,4,0,0.004338564605024167,0.005248811221521207,0,0
334,3,0,0.09706936251035987,0.10143490994967248,0,0
335,5,0,0.4225705632137965,0.42389913377258537,1,1
336,3,1,0.2504425512821159,0.25265109433701566,0,0
337,4,1,0.7249945040522132,0.7163982626985009,1,1
338,4,0,0.30110353797277845,0.3004187170685988,0,0
339,1,0,0.25381529097471167,0.2544924159488085,0,0
340,1,0,0.33341886462719683,0.3285154037162468,0,0
341,4,0,0.050894211361856304,0.054198876297353725,0,0
342,5,0,0.015428043227250868,0.017815538238293786,0,0
343,4,1,0.43007238995558805,0.42485426041605345,1,1
344,4,1,0.6079710215803308,0.5990159594390917,1,1
345,1,0,0.5901413686725604,0.5800025685240137,1,1
346,1,0,0.18866193160683242,0.19242025521316736,0,0
347,3,0,0.01234728758886858,0.01478821182041321,0,0
348,2,0,0.2695964417880998,0.27044347189102724,0,0
349,3,0,0.06826916403958398,0.07343408944806704,0,0
350,1,0,0.265663713339303,0.26499461273109554,0,0
351,1,0,0.638132312281825,0.6276373656431726,1,1
352,4,0,0.5507916777681876,0.5434693659028798,1,1
353,1,0,0.0162479178086766,0.01889049315608782,0,0
354,2,0,0.011551114959727946,0.013477438199405714,0,0
355,4,0,0.36666934294868375,0.3647947775084146,0,0
356,4,1,0.309954507398255,0.3091645723355833,0,0
357,4,0,0.023939972672601798,0.0269865233400469,0,0
358,5,0,0.2633476954800801,0.27041960246488606,0,0
359,3,0,0.053692649245711356,0.05685659685658464,0,0
360,1,0,0.4483752270018979,0.44202578616033533,1,1
361,2,0,0.29517059815059554,0.29822539078617505,0,0
362,3,0,0.5422216537950766,0.5375812779580258,1,1
363,3,0,0.3153551363950409,0.3139618100618557,0,0
364,4,0,0.29099429747192024,0.2921019647915311,0,0
365,5,0,0.40720706168295684,0.4011951335597389,1,1
366,1,1,0.4330770008299747,0.4278070011104299,1,1
367,2,0,0.6760154692394457,0.6664387343548422,1,1
368,4,0,0.012100713594911551,0.014131678886255796,0,0
369,4,0,0.10213833062961024,0.10591679818408595,0,0
370,4,1,0.480878373873006,0.4757888885168303,1,1
371,2,0,0.6635464932082656,0.653692076648946,1,1
372,4,0,0.1307254742603176,0.13398051104895986,0,0
373,5,0,0.04051124409168163,0.04373233385588175,0,0
374,4,0,0.2033067303726939,0.20517857942048406,0,0
375,1,0,0.7732264439334573,0.7624675543526955,1,1
376,3,0,0.13208299338212523,0.13631860249678204,0,0
377,1,0,0.3043275870749508,0.30380054143184465,0,0
378,5,1,0.7143542233359065,0.7021269971609231,1,1
379,2,1,0.776779679488274,0.7664456377606246,1,1
380,2,0,0.05259151971791412,0.056638468713412625,0,0
381,4,0,0.01758226045363487,0.01984342540937874,0,0
382,2,0,0.1001613525753529,0.10447608307537126,0,0
383,2,0,0.11583233711442145,0.1201486028659681,0,0
384,5,0,0.0066074183228910744,0.008004328138459504,0,0
385,5,1,0.3399246293485494,0.33460292540094044,0,0
386,3,0,0.04805395030927495,0.05282533602767112,0,0
387,4,0,0.403487712917618,0.40179950625358696,1,1
388,3,0,0.092423846939837,0.09772571422479456,0,0
389,2,1,0.6084876422691233,0.5999870048907054,1,1
390,4,1,0.5722566146901689,0.5659011436596869,1,1
391,4,0,0.18477401582341071,0.1885671511087829,0,0
392,2,0,0.22530642695448155,0.2316616184699129,0,0
393,3,1,0.7104191192689181,0.7024761381581406,1,1
394,1,1,0.3706935908506968,0.365388515623498,0,0
395,2,0,0.03066687414918935,0.03420906016749253,0,0
396,5,1,0.11782998728183652,0.1217980611370176,0,0
397,5,0,0.6359759544002266,0.6228891586475376,1,1
398,1,0,0.16826298808630213,0.16969532825810077,0,0
399,1,1,0.6021348051683072,0.5937500257251539,1,1
400,2,0,0.0595277692838195,0.06426252420246839,0,0
401,3,0,0.7291105411550755,0.7187834644890507,1,1
402,5,0,0.026449693664483607,0.027910703686402482,0,0
403,4,0,0.1292758983625051,0.13527204384385913,0,0
404,4,1,0.7191268983544037,0.7100263826582631,1,1
405,1,0,0.08589442067519504,0.09102893100665457,0,0
406,2,0,0.5049019851106243,0.4999789563144895,1,1
407,2,1,0.5901217246511109,0.5838718028620813,1,1
408,4,0,0.21869561947615188,0.2206905408982836,0,0
409,2,1,0.20586563400961846,0.20957425496302245,0,0
410,4,0,0.003277515574464023,0.004059426001799366,0,0
411,1,1,0.5040586123491475,0.49379712847582136,1,1
412,4,1,0.5297039818389582,0.5220445592423568,1,1
413,3,0,0.17198566378577923,0.17615139622880244,0,0
414,5,0,0.034585044810159504,0.03768209681457361,0,0
415,3,0,0.09881888180001323,0.1034172809384996,0,0
416,3,0,0.009158865113818363,0.010791859600900611,0,0
417,2,1,0.6330807650160089,0.6243600510569092,1,1
418,4,1,0.7056181326536963,0.6968563950327242,1,1
419,5,1,0.6554521389741284,0.646210602432589,1,1
420,5,0,0.18248914506885938,0.18504128305933576,0,0
421,1,0,0.15073224351814793,0.15456354894340607,0,0
422,1,1,0.7536923371325451,0.7424707460249124,1,1
423,5,0,0.3545987303571128,0.34807253570155255,0,0
424,1,1,0.37585619502706646,0.3730645206546467,0,0
425,2,0,0.046458959983352144,0.0508933356996894,0,0
426,1,0,0.6234816000763487,0.6142398672104924,1,1
427,2,0,0.13577758175372268,0.14017502919906816,0,0
428,4,0,0.18994259079635406,0.19200546594212606,0,0
429,5,0,0.2387376088647643,0.23643852361479842,0,0
430,5,0,0.11993782668287756,0.12373287153864945,0,0
431,5,0,0.043633576352523185,0.0461377412078318,0,0
432,3,0,0.10204096210883418,0.10646439586307395,0,0
433,5,0,0.009754318632793135,0.011546848357806576,0,0
434,2,0,0.08029753530654175,0.08503694490378237,0,0
435,4,0,0.025706041713038252,0.02867366648171559,0,0
436,2,0,0.0021860083045403844,0.002806987158282104,0,0
437,2,0,0.7329063945284735,0.7226436400736425,1,1
438,3,0,0.1322083116214985,0.13518800562725852,0,0
439,5,1,0.8091831309360961,0.7999418961023027,1,1
440,2,0,0.7097510036764988,0.7002631064939863,1,1
441,1,0,0.04281193041762282,0.047728762416065815,0,0
442,2,0,0.04050576721890594,0.0440194520975928,0,0
443,1,0,0.4654990245070876,0.46117632737045355,1,1
444,2,0,0.1988305021658196,0.2018332437753617,0,0
445,1,1,0.671207012300426,0.661790498918807,1,1
446,2,1,0.3211117806485132,0.32512558563516075,0,0
447,5,0,0.2345184972806617,0.23896414432874713,0,0
448,4,1,0.26724008875393085,0.269878791034778,0,0
449,1,0,0.17878203487785652,0.18181953853717808,0,0
450,2,0,0.144795933826601,0.14953416344766537,0,0
451,2,0,0.11582468240058301,0.12078028092926787,0,0
452,1,0,0.051636058699857997,0.05632703241629786,0,0
453,1,0,0.04321477159440506,0.047087499077538175,0,0
454,1,0,0.0027163650767057864,0.0036169565450806145,0,0
455,2,0,0.031083838307844055,0.03502730095794974,0,0
456,1,1,0.405271789072573,0.4005518501069405,1,1
457,4,0,0.21635545584732024,0.21715222969985545,0,0
458,1,0,0.03770828114006712,0.04191730703003264,0,0
459,1,0,0.4979489387397428,0.49506498833896345,1,1
460,1,0,0.2992441215485615,0.3007547243134244,0,0
461,4,0,0.2946201527856045,0.29403138821821745,0,0
462,5,0,0.24849514797399597,0.2510145791560185,0,0
463,3,0,0.1147110239239559,0.11990801193610708,0,0
464,1,0,0.2936408650541692,0.2964715580058539,0,0
465,2,0,0.007301459646025661,0.008748440424729378,0,0
466,5,0,0.28075010629907843,0.2789199614613348,0,0
467,4,0,0.2037623298114697,0.20762581766532096,0,0
468,2,0,0.004208551116818655,0.0052238568334562994,0,0
469,4,0,0.02110301304479713,0.023528444181094805,0,0
470,2,0,0.15388378190283677,0.15920293486952036,0,0
471,4,1,0.1778241451391685,0.18065290155456484,0,0
472,4,0,0.5709724854498507,0.5645349403489053,1,1
473,5,0,0.18488295094484566,0.1816575120701727,0,0
474,3,0,0.475235801292044,0.46900548601489095,1,1
475,4,0,0.257554522632855,0.2588157389119821,0,0
476,5,1,0.09909734783368758,0.10419762116006734,0,0
477,3,1,0.4526193609918906,0.4506192845276571,1,1
478,2,1,0.7605194625517988,0.7502352683179243,1,1
479,3,0,0.22986701365716272,0.23300539300227677,0,0
480,5,1,0.8154580005468486,0.8047078527265986,1,1
481,3,0,0.020026306086917845,0.02344208266783453,0,0
482,2,0,0.07033872705231722,0.07496722402825529,0,0
483,2,0,0.021763425136521727,0.024797767280522832,0,0
484,1,0,0.01608783441444858,0.01887794692910099,0,0
485,5,0,0.24836476406610042,0.2533142690133615,0,0
486,2,0,0.3832710892081389,0.3814449294266675,0,0
487,2,1,0.22849772459214687,0.23348882467760693,0,0
488,2,0,0.06318101386865765,0.06907232883396501,0,0
489,4,0,0.3552606121501943,0.3562232605377508,0,0
490,1,0,0.2353171096766978,0.23748034646033137,0,0
491,3,0,0.003173918227503471,0.0042209536592123864,0,0
492,4,0,0.4310769961393902,0.43077862515291576,1,1
493,5,0,0.09641817834177464,0.10143665630151713,0,0
494,1,0,0.09261855885907708,0.09777891163098017,0,0
495,1,0,0.1345132346895664,0.14053067418092433,0,0
496,2,0,0.24831544308265674,0.2502745251720264,0,0
497,1,0,0.014093367311042533,0.01651028835439707,0,0
498,5,0,0.020461152019470054,0.022759954276675633,0,0
499,4,0,0.022358868228384288,0.024900182299570854,0,0
500,1,1,0.46370254757574547,0.4557793665189546,1,1
501,4,1,0.1164593199889854,0.12108309301491864,0,0
502,5,0,0.0024324617819042604,0.0031092049571924446,0,0
503,2,0,0.2154842775756784,0.21861848807828496,0,0
504,2,0,0.031991581056118275,0.03577624050693914,0,0
505,2,0,0.32093905615632895,0.32135981704907834,0,0
506,4,0,0.4898720236672677,0.48570119614624974,1,1
507,1,0,0.2075915472381743,0.20969920513999254,0,0
508,3,0,0.1312587971689987,0.13534722956992865,0,0
509,5,0,0.6468431301009339,0.6408628678765139,1,1
510,5,0,0.4812326092430023,0.4708684659882049,1,1
511,4,0,0.23845406782412767,0.24035745165675743,0,0
512,2,1,0.1617830299501252,0.1648145740463195,0,0
513,4,0,0.5537495821007523,0.5482160485429807,1,1
514,3,0,0.45702984292821647,0.4536390634222972,1,1
515,1,0,0.16459967929326147,0.16758927005611268,0,0
516,2,0,0.07769383398427074,0.08218535884053935,0,0
517,5,1,0.276413670349965,0.27649732690943163,0,0
518,4,0,0.01058584990319282,0.012136075105609517,0,0
519,1,0,0.07206001801827931,0.07732947538914771,0,0
520,3,0,0.09059129839150583,0.09610022239158819,0,0
521,1,1,0.3518507304889254,0.3469825774290632,0,0
522,4,0,0.12404539164664417,0.12826167654545712,0,0
523,5,1,0.1564545758631919,0.16000731427260637,0,0
524,4,1,0.7416264232349908,0.7317073711354253,1,1
525,1,1,0.13171347222084082,0.137435456552025,0,0
526,1,1,0.7794460906132035,0.7686234594924574,1,1
527,2,0,0.15211852874573317,0.15663188358205948,0,0
528,2,0,0.18924343191410092,0.19337571728414055,0,0
529,1,1,0.448066325307989,0.4457181684338215,1,1
530,2,1,0.7300099027539751,0.7192913366805561,1,1
531,5,0,0.3469145342767813,0.34717469582247124,0,0
532,5,1,0.64094838105176,0.6310147778293718,1,1
533,2,1,0.6137709090591017,0.6070101868628272,1,1
534,2,0,0.010318485377872735,0.012185580192018208,0,0
535,4,0,0.15663826577401752,0.16018980336542504,0,0
536,5,1,0.19334111242605354,0.1959670879180333,0,0
537,5,0,0.5849471198634963,0.5816549911073423,1,1
538,2,0,0.01482685370441822,0.017042651124139822,0,0
539,5,0,0.046226238447017544,0.05180177931271827,0,0
540,4,1,0.0896326587786028,0.09379119240349561,0,0
541,2,0,0.04611346853801323,0.05037472041785888,0,0
542,2,0,0.19875629606920747,0.20190376616020173,0,0
543,2,0,0.003945356319244169,0.004921927165996419,0,0
544,2,0,0.1285108513340095,0.133939128187012,0,0
545,2,1,0.35533574923758027,0.3545983877479716,0,0
546,1,0,0.012103729695924681,0.014375964983358322,0,0
547,1,0,0.008892346471745043,0.01093896506356267,0,0
548,4,0,0.0077571258723556115,0.00904536339416839,0,0
549,3,1,0.6787119607443625,0.6700656602893156,1,1
550,2,0,0.019395917031068848,0.02240951184560344,0,0
551,2,0,0.6837666320673415,0.6764617641826141,1,1
552,3,0,0.020103575432168477,0.022977923310986286,0,0
553,4,0,0.28047584562878436,0.2815862575602506,0,0
554,4,0,0.560299363890601,0.5552557848627471,1,1
555,3,0,0.4796773185660058,0.4764692720879811,1,1
556,4,0,0.026382019117160573,0.029612240936640232,0,0
557,2,1,0.38737831609490414,0.38653877702091205,0,0
558,3,0,0.02760152862219774,0.031608728941022735,0,0
559,1,0,0.2354310486684185,0.2382450304720209,0,0
560,1,0,0.07939349931302939,0.08447884550249604,0,0
561,5,0,0.010790345751537917,0.01272234721378351,0,0
562,3,1,0.6986335197983015,0.6889094083660734,1,1
563,4,0,0.06699216957476548,0.07159742364372286,0,0
564,2,0,0.2338526172787362,0.23719742212730646,0,0
565,2,1,0.4050234751202684,0.40294503526922726,1,1
566,1,0,0.1433323623418083,0.14762697790391602,0,0
567,4,0,0.00805608507292226,0.009372657819591504,0,0
568,1,0,0.018576180600678466,0.021665573573241993,0,0
569,1,0,0.4902343422408141,0.4854747673798818,1,1
570,3,0,0.005758589045001166,0.007096996219603161,0,0
571,4,0,0.38750654650217536,0.38557488811830815,0,0
572,1,0,0.214440013123376,0.21773510870375823,0,0
573,1,1,0.18730634750533803,0.19008350805517318,0,0
574,1,0,0.3773039264706257,0.3797731028285322,0,0
575,1,0,0.34096747842344105,0.34405957864750175,0,0
576,2,0,0.3204192643821397,0.3205008560612941,0,0
577,1,0,0.379932619029254,0.3794172018016067,0,0
578,5,0,0.1778174316464243,0.1803388802841381,0,0
579,1,0,0.002063876572761078,0.002812397565325129,0,0
580,5,1,0.7662348693551317,0.7536094393069844,1,1
581,5,1,0.6567311359329223,0.6489297634836282,1,1
582,4,0,0.19497037623981575,0.19792503891938598,0,0
583,4,0,0.655899387619497,0.6483836860878505,1,1
584,1,1,0.2585355716054996,0.2610384078077212,0,0
585,1,0,0.02037535520356892,0.023530740306488822,0,0
586,3,1,0.32145551219969437,0.3240153529180129,0,0
587,5,0,0.15708601810769687,0.1596581737879482,0,0
588,2,0,0.5017146596758729,0.49245186671905994,1,1
589,5,0,0.24371676339328366,0.24818862446458337,0,0
590,1,0,0.022543427092706677,0.025609804264216766,0,0
591,4,0,0.32678779056577073,0.3245157603762555,0,0
592,4,0,0.017266041802060924,0.01945991315968545,0,0
593,5,0,0.02001585345318255,0.02298981094448931,0,0
594,4,0,0.6348108507724116,0.6275598359215456,1,1
595,3,1,0.657590929973057,0.648254825991758,1,1
596,4,0,0.006856316079117996,0.008075935019306984,0,0
597,4,0,0.3860638814909964,0.3851293366914673,0,0
598,3,0,0.07678637103512526,0.08109945405687849,0,0
599,5,0,0.046418166588655024,0.04916303337070568,0,0
600,1,0,0.49374318394183175,0.4898229488446413,1,1
601,5,0,0.006128978071648592,0.007518788145337692,0,0
602,4,0,0.1028295561973966,0.10681808773082949,0,0
603,1,0,0.12675425030331428,0.13280805887696578,0,0
604,2,0,0.01206688623868429,0.014121548732304815,0,0
605,5,0,0.20728289393927854,0.2077635743656346,0,0
606,3,0,0.05939070479589276,0.06424350535913162,0,0
607,3,0,0.5464018244535106,0.5419039464180614,1,1
608,3,1,0.6939334880822501,0.6842110810445268,1,1
609,2,0,0.0032825126741804485,0.0041518110858474195,0,0
610,3,1,0.5209377761092711,0.5101212299099371,1,1
611,5,0,0.02587375824862011,0.028260107930608402,0,0
612,1,1,0.5748059810131885,0.5673862608380904,1,1
613,2,0,0.0056115012322157775,0.006855371174195647,0,0
614,3,0,0.0015921904175364968,0.002200774040320757,0,0
615,5,0,0.5086219813865234,0.5027332683504296,1,1
616,2,0,0.49016623206782317,0.4857424865338363,1,1
617,2,0,0.06177170882853959,0.06643150949329779,0,0
618,4,0,0.3317848607991726,0.33188498981326514,0,0
619,1,0,0.10604553484084343,0.11189225686036956,0,0
620,4,1,0.7600398578232342,0.7499779954296465,1,1
621,2,1,0.3644444203551344,0.3645690134513212,0,0
622,2,0,0.06671736666987108,0.07127776138690145,0,0
623,1,0,0.3980015197908164,0.390834008168395,0,0
624,3,1,0.7369362764544806,0.7273038531183414,1,1
625,4,0,0.10420749382157775,0.10840021871557619,0,0
626,3,1,0.47255802364864957,0.4677232535781181,1,1
627,4,0,0.011677136165362487,0.013223043195556816,0,0
628,4,0,0.11397692430076906,0.11828477047897704,0,0
629,2,1,0.43164520158414627,0.4312465762603262,1,1
630,2,0,0.014717975833919495,0.017114038163628126,0,0
631,2,0,0.006300404835322332,0.007662662981067705,0,0
632,3,0,0.012828110355824313,0.014998421844369647,0,0
633,1,0,0.5567130478836146,0.5477139434536948,1,1
634,2,0,0.20418180517521917,0.20918802792918895,0,0
635,5,0,0.1395363752319923,0.14042090616258046,0,0
636,1,0,0.22047823054497953,0.22174019394105898,0,0
637,5,0,0.05240212247043463,0.05623496875128979,0,0
638,1,1,0.7465260387863816,0.7356927225287094,1,1
639,2,0,0.0148032894235395,0.017280454531516144,0,0
640,3,0,0.027539236070971928,0.031368921806594854,0,0
641,5,1,0.7155943457581211,0.7070949846783151,1,1
642,3,0,0.023511730349948953,0.026908629467458034,0,0
643,5,0,0.15342817409848694,0.1585909647646228,0,0
644,4,0,0.06145586029255769,0.06492288717227417,0,0
645,3,1,0.5783747624392536,0.5687973319426167,1,1
646,3,1,0.7276988297240591,0.7179556482449343,1,1
647,4,1,0.20767343849870826,0.2086048104854077,0,0
648,4,1,0.06556280512755988,0.06943421389627574,0,0
649,2,0,0.018402552419462155,0.02122921898637052,0,0
650,4,0,0.059427551460473176,0.06378806600767672,0,0
651,5,0,0.16618689236826334,0.16650542735830595,0,0
652,5,0,0.5707404260198182,0.5685373079472212,1,1
653,1,1,0.6198678043776287,0.6132441563423446,1,1
654,1,0,0.12674633778678482,0.12975668383025624,0,0
655,5,1,0.644664741422351,0.6338964333326239,1,1
656,2,0,0.026463315027115776,0.029900820267324418,0,0
657,2,0,0.39143675453408583,0.38683117138075296,0,0
658,1,0,0.027131278839468923,0.030598943206560942,0,0
659,3,0,0.3295647647841946,0.32743069390101065,0,0
660,3,1,0.4286694731010998,0.426090055556345,1,1
661,4,1,0.7044970369413752,0.69452129105787,1,1
662,3,0,0.11361403800957226,0.11855684814462863,0,0
663,3,1,0.08593167212020578,0.09111833170148005,0,0
664,5,0,0.24809025511139676,0.25319676358375504,0,0
665,3,1,0.1822800626368152,0.1846640375451984,0,0
666,4,0,0.01090550949179836,0.012797003519178821,0,0
667,1,0,0.459778349377748,0.4546894428004863,1,1
668,5,1,0.7440509780255924,0.7384215238521753,1,1
669,2,0,0.22519346368827178,0.2261287781567189,0,0
670,2,0,0.01519701443343026,0.01766889943999999,0,0
671,4,1,0.35360394886069013,0.3527732724180455,0,0
672,5,0,0.1243732761567187,0.1309848248267993,0,0
673,4,0,0.011496583850122165,0.013265030906491032,0,0
674,3,1,0.30224746285736376,0.30163897036726345,0,0
675,2,0,0.0710127511879756,0.0755923968358581,0,0
676,4,1,0.058534133280581185,0.06263610382404636,0,0
677,3,1,0.7947404988357624,0.7846962492069587,1,1
678,5,0,0.04657391907092786,0.05053170049618947,0,0
679,3,0,0.014506283173999577,0.016867340015208142,0,0
680,5,0,0.09492513955302684,0.10189204854810614,0,0
681,3,0,0.018325371295183992,0.02072891597227417,0,0
682,1,0,0.010123310765513352,0.012015135299164797,0,0
683,1,0,0.021475846764593784,0.024727043374907182,0,0
684,4,0,0.2607485442776453,0.2616325425174451,0,0
685,1,1,0.2646489056895656,0.26443618633115146,0,0
686,5,0,0.011947161730001366,0.013586984738335622,0,0
687,2,1,0.4150916746838289,0.41223052450731845,1,1
688,1,0,0.07334064430348378,0.07774177520702397,0,0
689,1,0,0.009021264279093708,0.010992789845403538,0,0
690,2,0,0.039469453291010086,0.04351001121961171,0,0
691,5,1,0.5425239945097139,0.5410409575945561,1,1
692,3,1,0.755483730908035,0.7453524601676723,1,1
693,2,1,0.6685262081016314,0.6580076071134793,1,1
694,4,1,0.496180075170369,0.4932856354046139,1,1
695,5,0,0.023091921462059684,0.026394983158517887,0,0
696,3,0,0.21051499526169445,0.2144923836680687,0,0
697,2,0,0.03718457551235029,0.04064351855246018,0,0
698,3,0,0.13272337791431682,0.13670636063311076,0,0
699,1,0,0.0014595338235940012,0.0020324209762149865,0,0
700,3,1,0.14613242176748512,0.15356436209824395,0,0
701,1,0,0.11396635260950201,0.11888464146962503,0,0
702,2,0,0.6000086511944785,0.590275311211684,1,1
703,4,0,0.041803947860425995,0.04570773405130316,0,0
704,2,0,0.20319938318338682,0.20688472041473305,0,0
705,1,1,0.49056596314003553,0.49069248467889104,1,1
706,1,0,0.03713292105330919,0.04130817487930172,0,0
707,4,1,0.6578114629941979,0.6480952383403608,1,1
708,4,0,0.17791325770563524,0.18061545611875401,0,0
709,4,0,0.034705839026985395,0.037872407820082096,0,0
710,1,0,0.2362714446959733,0.2388359540190695,0,0
711,2,0,0.6806320972283884,0.6716274769302504,1,1
712,5,0,0.31937060376461474,0.3176251111899208,0,0
713,5,0,0.25651909928630684,0.2589971692539981,0,0
714,4,1,0.31103717455372637,0.3080861002301488,0,0
715,2,0,0.44524395477982537,0.441995977170215,1,1
716,5,1,0.5714625826311605,0.5623942354280679,1,1
717,1,0,0.1165873082076072,0.12228669921110691,0,0
718,2,0,0.05413398739416964,0.05822280771922204,0,0
719,5,0,0.1530545121680194,0.15646512423620643,0,0
720,4,1,0.47152800366259034,0.46792449888672294,1,1
721,5,0,0.26378269723552356,0.26536107235967465,0,0
722,3,0,0.18854426677964917,0.19186141825354613,0,0
723,3,1,0.6390929505035183,0.6299442366562025,1,1
724,1,1,0.5154747811301598,0.509479428614964,1,1
725,4,0,0.14190524865170448,0.14548376734546106,0,0
726,5,0,0.009414190530828705,0.010934518389917894,0,0
727,4,0,0.5348285582734319,0.5306838496261836,1,1
728,5,0,0.14859729991294673,0.15281427722920665,0,0
729,4,0,0.13592655972049122,0.13966079678898835,0,0
730,3,0,0.11337522823848789,0.11791898952314565,0,0
731,3,1,0.6112306648920316,0.603061753841537,1,1
732,4,0,0.5320013753295646,0.5280243559079525,1,1
733,1,0,0.12703012464461869,0.13071884807014336,0,0
734,2,0,0.06884415364018798,0.07353053568253382,0,0
735,1,1,0.7829771533032291,0.7709564146237382,1,1
736,1,0,0.3345442805666358,0.3328655779258206,0,0
737,4,0,0.016666279221643508,0.01886514163052373,0,0
738,4,0,0.28751183419308113,0.28921328820151215,0,0
739,3,0,0.007372201675291875,0.009256405035596148,0,0
740,3,0,0.11749063233515569,0.1228400307458887,0,0
741,4,0,0.06724271286988383,0.07191953705756153,0,0
742,4,1,0.7251187441292591,0.7158438592844719,1,1
743,4,1,0.5783198073591985,0.5717952445479014,1,1
744,3,0,0.0733234131682039,0.07739860821658362,0,0
745,3,0,0.24946672018426852,0.252222401788932,0,0
746,2,0,0.4233445949985179,0.4175741207058391,1,1
747,1,0,0.0014208392349056313,0.0019885774694348474,0,0
748,1,1,0.7893827891083216,0.7781649241612858,1,1
749,1,1,0.6463927463278958,0.6376866298680542,1,1
750,2,0,0.1501785507970363,0.15302259683009534,0,0
751,2,0,0.03189126915492995,0.03558623596769826,0,0
752,1,0,0.33525121959847964,0.3325036538842432,0,0
753,3,0,0.5304542950978689,0.5236883033688812,1,1
754,5,0,0.010703793753942904,0.012393651172240252,0,0
755,2,0,0.2597711323988051,0.2586348367826641,0,0
756,2,0,0.1722609551178095,0.17634689991200253,0,0
757,5,0,0.4560698833721356,0.449229674358511,1,1
758,1,1,0.617946035250449,0.6093998775611049,1,1
759,1,0,0.007862278933024807,0.009720950119750108,0,0
760,5,0,0.5673773668544169,0.5592486930574166,1,1
761,4,0,0.7222876561744604,0.7130420945437905,1,1
762,5,1,0.3359364447046178,0.3356270280420223,0,0
763,2,0,0.0030309532734038628,0.0038691491271122666,0,0
764,2,0,0.3031669659145068,0.3059849729856724,0,0
765,1,0,0.14020779892628102,0.14497484373206335,0,0
766,5,0,0.47813009762529896,0.4702613079198484,1,1
767,4,0,0.34361676744986097,0.33999984903189995,0,0
768,4,0,0.08289364844039428,0.08773957672662248,0,0
769,1,0,0.015443250456831372,0.0179682597035447,0,0
770,2,1,0.43389971747664713,0.43129637916318797,1,1
771,2,1,0.4683262898502653,0.4669572603146094,1,1
772,3,1,0.22034211351075336,0.22329075131331474,0,0
773,1,0,0.1335543863472676,0.1375889586066618,0,0
774,3,0,0.005749763974371303,0.006975652888720202,0,0
775,4,1,0.8193873444955664,0.8100041753224616,1,1
776,3,1,0.7408504037452922,0.7310025025682609,1,1
777,1,0,0.27870594211647864,0.2770862541965073,0,0
778,4,0,0.013944442590444856,0.015943623004824638,0,0
779,5,1,0.20276128477405447,0.20739843595558866,0,0
780,3,0,0.02201400350169638,0.025068332543392847,0,0
781,2,1,0.07045354796318805,0.07500785062719592,0,0
782,1,1,0.7176090273739496,0.707262983925339,1,1
783,5,1,0.2591408053125794,0.26349952654899395,0,0
784,1,0,0.04370407854500678,0.047802605150564004,0,0
785,2,0,0.00831863416723433,0.009925784517223084,0,0
786,3,0,0.06885772021088678,0.07451339445598468,0,0
787,5,1,0.8127177169499015,0.8001819749719801,1,1
788,3,1,0.3968053996059677,0.3924137846391893,0,0
789,2,0,0.28970522313629476,0.28848156320873725,0,0
790,5,0,0.19311669010340385,0.19262225977400402,0,0
791,2,0,0.055747674013118094,0.06011196341113203,0,0
792,3,0,0.018212955943793675,0.02120344816644558,0,0
793,3,0,0.03198907212000679,0.0356922010793779,0,0
794,1,0,0.004452951738715051,0.005750438576823133,0,0
795,3,0,0.02739826054810978,0.03090066640145393,0,0
796,1,0,0.040695264883963404,0.04555885824035878,0,0
797,1,0,0.03329256532619071,0.037616934199976894,0,0
798,3,1,0.25177855105266683,0.2547346575358987,0,0
799,4,1,0.813427073024074,0.8035494521938386,1,1
800,3,0,0.0015601742006277316,0.002179079018577646,0,0
801,2,0,0.47923174281138303,0.47626482493051,1,1
802,2,1,0.733326365946174,0.7237208463540246,1,1
803,2,0,0.5504662999464646,0.5436018945415232,1,1
804,1,0,0.008171010344260907,0.010119658964211102,0,0
805,5,0,0.08104760753618788,0.08573324850564537,0,0
806,3,0,0.2618113804759053,0.26314577785068094,0,0
807,1,1,0.6496553143563799,0.6418121439063212,1,1
808,3,1,0.6535391331975872,0.6445624799319999,1,1
809,2,1,0.43335013250675947,0.42875072034622025,1,1
810,5,0,0.31758724431463353,0.3180190402904537,0,0
811,1,0,0.005835298486461639,0.007338933832461229,0,0
812,3,0,0.6104568356670426,0.601634548658456,1,1
813,5,0,0.42045287655274716,0.4185477336817872,1,1
814,1,1,0.2834134810637785,0.28230078620371224,0,0
815,1,1,0.19230992311423661,0.19468765071835875,0,0
816,2,0,0.011615224077707605,0.01363131840528926,0,0
817,4,0,0.12060728527720584,0.12482894419130242,0,0
818,1,0,0.06377212676595839,0.06851871616656639,0,0
819,1,0,0.05042218690517387,0.05501165426332877,0,0
820,3,0,0.6812064749735466,0.6725218052818392,1,1
821,2,0,0.3965112230962961,0.39402470334375905,0,0
822,4,0,0.3249466917673389,0.32549991125847233,0,0
823,2,1,0.7852789422889962,0.7752248215502212,1,1
824,4,1,0.5639502497874174,0.5576600616010087,1,1
825,4,1,0.4193048304176826,0.4203517099230159,1,1
826,1,0,0.232385745089261,0.23301774158359936,0,0
827,3,1,0.7224138549137028,0.7123140981109606,1,1
828,5,0,0.004813962812731365,0.0059670048705452935,0,0
829,3,0,0.01018322647007883,0.011983126944498662,0,0
830,3,0,0.05635759012027559,0.059663337196709874,0,0
831,5,0,0.5161199898294848,0.5123562636348022,1,1
832,2,0,0.1843217542152907,0.18811203442309185,0,0
833,2,1,0.2674693567516393,0.27018855766012645,0,0
834,1,1,0.5634550801879953,0.5575890026886805,1,1
835,3,0,0.4973563932125044,0.491416481568982,1,1
836,1,1,0.31489831041938393,0.3120401029169496,0,0
837,3,0,0.11103699498774344,0.1155144139242591,0,0
838,3,0,0.411735966545563,0.4037199977982258,1,1
839,2,0,0.035488678183695374,0.03918362765266945,0,0
840,5,0,0.3516681172079229,0.3530228577399277,0,0
841,1,0,0.03664859696843643,0.04122314907002424,0,0
842,2,1,0.19881565928032968,0.20184733633410593,0,0
843,2,1,0.4891298383740549,0.4851513181233611,1,1
844,1,0,0.4050780964638371,0.3995149466280084,1,0
845,5,1,0.5437803289141776,0.5358597268642986,1,1
846,3,1,0.5070956457241595,0.4981990892434876,1,1
847,3,0,0.01647941369401445,0.01950378939314404,0,0
848,2,1,0.7243792830709359,0.7141429355999158,1,1
849,5,1,0.5127383795643158,0.5115004492386153,1,1
850,4,1,0.5901173167225737,0.5855319418086756,1,1
851,4,0,0.04135743666294101,0.04513375163241771,0,0
852,2,0,0.08390255248480136,0.08880609073384388,0,0
853,1,0,0.11454719522718014,0.11937017658296831,0,0
854,5,1,0.5101173213728682,0.5015624198512245,1,1
855,5,0,0.006649690410816594,0.008067546569454982,0,0
856,5,0,0.4229932614224043,0.4217599182570585,1,1
857,4,1,0.38624016065062533,0.3807829707188545,0,0
858,3,0,0.05759389769916975,0.062282966291644,0,0
859,5,1,0.5642999721881867,0.5543295390637958,1,1
860,4,1,0.3749376486007234,0.374286323484842,0,0
861,1,1,0.7186656123566241,0.7061529933659327,1,1
862,4,0,0.21832022062666792,0.2205325058497384,0,0
863,4,0,0.1730186128114219,0.1760817017034682,0,0
864,1,0,0.010852569222465126,0.013234506097143125,0,0
865,5,0,0.672505380246671,0.6642341669750393,1,1
866,4,0,0.02336316772866981,0.02629179709843929,0,0
867,3,0,0.5225939997478593,0.5147073443156085,1,1
868,5,0,0.008101821353699268,0.00981576605274776,0,0
869,3,1,0.5852187530284708,0.5793232031909653,1,1
870,2,1,0.62335931000284,0.6113796678017277,1,1
871,2,0,0.253658882496332,0.25693207348733466,0,0
872,4,1,0.6447200393333465,0.6372424487520356,1,1
873,3,0,0.003951139515609884,0.004869567624638122,0,0
874,4,0,0.04210914570684948,0.04543629057208872,0,0
875,5,0,0.06904259348095731,0.07538450693272303,0,0
876,5,0,0.7681409528715423,0.7579724506465648,1,1
877,1,0,0.05541575034850762,0.0595332775907371,0,0
878,2,0,0.33844605819514073,0.33980132599432655,0,0
879,1,0,0.1897352502362568,0.1940062288413771,0,0
880,5,1,0.3275241462050163,0.32497151389078177,0,0
881,4,0,0.028915120760945105,0.03219233857961033,0,0
882,3,0,0.09474539550371282,0.09905767339314274,0,0
883,4,0,0.004737185732119674,0.005737614727817891,0,0
884,4,0,0.11485247562251419,0.11914000424277718,0,0
885,3,1,0.4908696577722384,0.4858993397169703,1,1
886,1,0,0.010950375489371488,0.01301139426727942,0,0
887,5,1,0.3611993851012014,0.36439314210238133,0,0
888,2,0,0.5624378429325195,0.5533107936903716,1,1
889,1,0,0.047700035680085455,0.05294209712035839,0,0
890,3,0,0.04381393929998442,0.049032889354433576,0,0
891,4,0,0.12728101863562125,0.1320099854264991,0,0
892,3,0,0.30951886803347756,0.30680965090443735,0,0
893,3,0,0.008326351616588665,0.009992377218753316,0,0
894,2,0,0.06392970270028381,0.06850964726733506,0,0
895,1,1,0.3443044714854155,0.34404461004067294,0,0
896,4,0,0.061302277530939045,0.06598143755500742,0,0
897,1,1,0.5837010035079345,0.5749418597695292,1,1
898,3,1,0.45105807597409536,0.4490800774080471,1,1
899,5,0,0.054016729177951354,0.05812448011675989,0,0
900,1,0,0.10699265385288152,0.1128379224294244,0,0
901,1,1,0.36249656137216385,0.3607450537636616,0,0
902,5,1,0.6448585747683667,0.6379023172736894,1,1
903,3,0,0.1615375464505924,0.16471639737039712,0,0
904,1,0,0.24053463663152985,0.24291927004882394,0,0
905,1,0,0.05903362956346444,0.06323231594982491,0,0
906,4,0,0.003578094660319631,0.00433435386093614,0,0
907,1,0,0.06100344467533909,0.06607955314636088,0,0
908,3,0,0.06667893640009194,0.07200888789187403,0,0
909,4,0,0.18068326669456297,0.1840433947020297,0,0
910,1,0,0.5770573293726299,0.569645337221097,1,1
911,4,0,0.24429933243325272,0.24691559929583162,0,0
912,4,1,0.6964600850950586,0.6859797584312546,1,1
913,5,0,0.29129343989115586,0.28767619737248395,0,0
914,4,1,0.8204795538182564,0.8108593263276583,1,1
915,1,1,0.5123858146210194,0.509296026496047,1,1
916,5,0,0.2785491237571697,0.2804730151001151,0,0
917,1,0,0.3521249763488418,0.35377882327763377,0,0
918,1,0,0.04142969740218892,0.04610330217970661,0,0
919,1,0,0.012893903699188957,0.015247282803181859,0,0
920,3,0,0.12836592341127506,0.13316338497663724,0,0
921,1,1,0.7387306377129249,0.728754548277997,1,1
922,3,0,0.580891207469829,0.5734475723375212,1,1
923,5,1,0.5013557702387001,0.4907126150255853,1,1
924,1,0,0.02327102746994669,0.02659961969569995,0,0
925,1,1,0.6138298151472658,0.604773216028156,1,1
926,1,0,0.012110848607307578,0.014580362177752978,0,0
927,3,0,0.48238684041988805,0.4778866999067105,1,1
928,2,0,0.1587035917289023,0.16427591525686785,0,0
929,1,0,0.028190171037993695,0.03253365395884731,0,0
930,2,0,0.050855188592908815,0.054678508688544604,0,0
931,4,1,0.20699598583489823,0.2085541689525668,0,0
932,3,0,0.5807713436079384,0.570060040087498,1,1
933,1,1,0.327338285169201,0.3271858977145487,0,0
934,5,0,0.49390036277306115,0.4908328897557864,1,1
935,2,1,0.6559085985416923,0.6493472086816265,1,1
936,4,0,0.04238368632676533,0.04631555917875756,0,0
937,5,0,0.4383310355533255,0.43912183320208786,1,1
938,4,0,0.03064188445913943,0.033733054958190095,0,0
939,3,1,0.2641671625224678,0.26648818061584745,0,0
940,3,0,0.1294591134587889,0.1360808151899126,0,0
941,3,0,0.2101441174000968,0.21372025490804608,0,0
942,3,0,0.31924446299006437,0.32130473118556174,0,0
943,4,1,0.6295186813094498,0.6215075764850143,1,1
944,4,0,0.02908644416436296,0.032316017730369455,0,0
945,4,0,0.32875373240082634,0.32800522268087634,0,0
946,3,0,0.3328028696885562,0.33188057730453224,0,0
947,2,0,0.02346516037715486,0.026559409353107244,0,0
948,1,1,0.7403826404151348,0.7309979261312566,1,1
949,1,0,0.026601814028737496,0.030144317513867917,0,0
950,1,0,0.3057189129879994,0.3071812517221108,0,0
951,3,0,0.3883855877052517,0.38659452733391786,0,0
952,2,0,0.1447459695057552,0.14950625592080843,0,0
953,5,0,0.013199796124830316,0.015066770701990672,0,0
954,5,0,0.4735661195231551,0.47156213866018454,1,1
955,4,0,0.2679655010324627,0.27041179864792486,0,0
956,4,1,0.16704771971325308,0.16944326193011264,0,0
957,2,0,0.006139287025087073,0.00750985551523854,0,0
958,2,0,0.2858169920847931,0.28568675826674717,0,0
959,5,1,0.7801411173718856,0.7709090245726166,1,1
960,1,0,0.7005586094580927,0.690804056606296,1,1
961,5,0,0.3389682127677273,0.34392206113934554,0,0
962,4,1,0.7507608445760692,0.7415411436741599,1,1
963,4,0,0.16108278146244678,0.16504045611340729,0,0
964,4,1,0.5173654626273684,0.5114434685135657,1,1
965,4,1,0.3867413231194586,0.38623417986529435,0,0
966,3,0,0.0015124793582575308,0.0021220182357128046,0,0
967,1,1,0.6066863661639589,0.5959841131829242,1,1
968,2,0,0.004583056963133542,0.0056506965543478395,0,0
969,2,1,0.5567536943500612,0.5495555879953595,1,1
970,5,0,0.46903812779190285,0.4664073946772599,1,1
971,2,0,0.006837859120554669,0.00813083197488444,0,0
972,2,1,0.7534764294611523,0.7434432507315687,1,1
973,2,1,0.3744646771828773,0.3730056359940392,0,0
974,4,1,0.5140086276531284,0.5090722312487777,1,1
975,2,0,0.0036980070578221174,0.0046637096228355135,0,0
976,5,0,0.1602154661908201,0.16391369050858795,0,0
977,4,0,0.3576845189335616,0.35695517973739826,0,0
978,1,0,0.01526630748739097,0.017843658289486718,0,0
979,2,0,0.3177631459421061,0.3154183140604908,0,0
980,4,0,0.20122919183086552,0.20437868481822563,0,0
981,3,1,0.3390092741212366,0.3385442367069591,0,0
982,4,0,0.003477067627596387,0.004267009507013554,0,0
983,3,0,0.139483620215385,0.14384592645710545,0,0
984,1,0,0.13589832579242894,0.14018302649469425,0,0
985,4,1,0.7569323785833029,0.748132014814814,1,1
986,4,0,0.07707451841889733,0.08151244680492802,0,0
987,2,0,0.09311803644857944,0.09869174393313683,0,0
988,5,0,0.21190181930888194,0.21722296025922314,0,0
989,2,0,0.27284171196820023,0.2746793942138945,0,0
990,4,1,0.4573232508259408,0.4531731287541616,1,1
991,2,1,0.11790362468670992,0.12204206159583227,0,0
992,1,0,0.6536903036614724,0.6448951263929767,1,1
993,2,0,0.37395681749165954,0.3705554491842819,0,0
994,4,0,0.19411576299631955,0.1956193855345438,0,0
995,2,1,0.6260560198344703,0.6185682662376543,1,1
996,3,1,0.3671368595170214,0.36577125530109444,0,0
997,1,0,0.09289109318195303,0.09752481710687927,0,0
998,4,1,0.6247188623828475,0.6172562510139428,1,1
999,4,0,0.30251241670517515,0.301347097502649,0,0
1000,4,1,0.7138745326513453,0.7043206430730996,1,1
1001,3,0,0.0431934914136642,0.04769694945025545,0,0
1002,3,1,0.5949391410954277,0.5870678396894988,1,1
1003,3,0,0.014358596711246716,0.016487533544758702,0,0
1004,4,0,0.12847917628635205,0.13285673470041867,0,0
1005,5,1,0.1699540309361529,0.17546932430656526,0,0
1006,1,0,0.3854989291503324,0.38493623886308337,0,0
1007,4,0,0.5599556692190651,0.5552691900351311,1,1
1008,5,0,0.4019616957491643,0.3959572503707342,1,0
1009,1,1,0.2385017433999604,0.2386135718909741,0,0
1010,4,0,0.09781105430065357,0.10283776506558928,0,0
1011,4,0,0.6918472608689257,0.6839047607163042,1,1
1012,5,0,0.023432661034204178,0.025827169249413206,0,0
1013,2,1,0.1877858399429147,0.1909760262249227,0,0
1014,1,0,0.04123869074573125,0.04508503539305388,0,0
1015,1,0,0.0027131566001249996,0.0036344721546044704,0,0
1016,5,0,0.055119010433617735,0.061438766787051645,0,0
1017,2,0,0.13865831263042416,0.1425922270789905,0,0
1018,5,0,0.26783907505699195,0.2732367606518852,0,0
1019,5,0,0.08966849179965884,0.09139788793327112,0,0
1020,3,0,0.006475632068258599,0.007823149969422962,0,0
1021,1,0,0.03871682195481348,0.04266477216943561,0,0
1022,1,0,0.06743585493273636,0.072236446149986,0,0
1023,2,0,0.046658409803693776,0.05114436761978754,0,0
1024,1,0,0.05860354535923259,0.06283573465047228,0,0
1025,1,0,0.027797753382421676,0.03155079092530565,0,0
1026,2,0,0.5433922694743559,0.5366943667432443,1,1
1027,2,0,0.0034998669615046475,0.0043760201929071655,0,0
1028,5,0,0.19994458986486094,0.2089949717921821,0,0
1029,3,0,0.4913975711089943,0.4841299510595552,1,1
1030,1,0,0.0018676904945663388,0.0025650463411690094,0,0
1031,2,1,0.4888930886179493,0.4848874795109494,1,1
1032,3,0,0.07752907881778934,0.0810551969178369,0,0
1033,5,0,0.016268116674834666,0.01817539700883729,0,0
1034,2,0,0.4810100346349977,0.47357702176581784,1,1
1035,1,0,0.6872978687772765,0.6776441200949052,1,1
1036,3,1,0.43910702726666934,0.436434694510234,1,1
1037,2,0,0.07483255266597902,0.07937376777419253,0,0
1038,3,0,0.005308132907369348,0.006508578013633562,0,0
1039,3,0,0.022045792184032555,0.025179411132699038,0,0
1040,1,1,0.6585125394315634,0.6454577934439816,1,1
1041,5,0,0.24468932459199924,0.2476390833122164,0,0
1042,3,1,0.0817491262385481,0.08555375743395958,0,0
1043,3,1,0.6365250144500996,0.6278858042453781,1,1
1044,5,0,0.08526179744545485,0.09120244462898502,0,0
1045,2,1,0.4410075911997808,0.4362603712556801,1,1
1046,2,1,0.16688842132811396,0.17129826198060782,0,0
1047,5,0,0.02832299613608618,0.030811806346324272,0,0
1048,5,0,0.21321927954828965,0.21594976558145712,0,0
1049,2,0,0.37563380573062527,0.376841592304307,0,0
1050,2,1,0.19327700895617694,0.19645877692910924,0,0
1051,3,0,0.11214266613629055,0.11721720705941255,0,0
1052,3,0,0.18985551228668768,0.19311873134786556,0,0
1053,1,0,0.002959869256714802,0.003966536572051987,0,0
1054,2,1,0.14435314632977858,0.1483365178355505,0,0
1055,3,1,0.7277511936917674,0.7179163410306957,1,1
1056,3,0,0.04036562906381252,0.044626688261542105,0,0
1057,5,1,0.23155462409104627,0.23267097643816403,0,0
1058,2,0,0.19233976745272682,0.1974342310332256,0,0
1059,1,0,0.001436768103410036,0.0020103461274736814,0,0
1060,5,0,0.07425307692010577,0.07825092829479488,0,0
1061,4,0,0.005052126993263874,0.006102593135072556,0,0
1062,3,0,0.025810846805217256,0.02950926404274708,0,0
1063,2,1,0.6347513460209236,0.6238376092035172,1,1
1064,4,1,0.40461935660354986,0.40314090584594603,1,1
1065,2,0,0.43010621271656235,0.4243861724689569,1,1
1066,2,0,0.016264760168639245,0.018839477988716356,0,0
1067,5,1,0.1831349578053118,0.18508272550288846,0,0
1068,5,0,0.08481193923521424,0.08915256307014044,0,0
1069,2,0,0.04417775986897377,0.04864272296156278,0,0
1070,5,0,0.027007035501693,0.03130842448737846,0,0
1071,4,0,0.07454819716503187,0.07868396969865943,0,0
1072,5,0,0.232370099969926,0.23297793174152642,0,0
1073,3,1,0.670773908079072,0.6587900016272531,1,1
1074,5,0,0.03457990555787506,0.03840895716250744,0,0
1075,2,1,0.6787587762511388,0.6692784199343152,1,1
1076,3,0,0.2046101819494294,0.21059441266294696,0,0
1077,5,0,0.008290510439148304,0.009911742664277065,0,0
1078,1,0,0.1827861176811574,0.186732571647589,0,0
1079,2,0,0.010331709372234973,0.012058821467908572,0,0
1080,5,0,0.009676235775459938,0.011597533045360379,0,0
1081,5,1,0.6540287726032892,0.6525814093464366,1,1
1082,2,0,0.221870974686817,0.22537850250891558,0,0
1083,1,0,0.6514233307786917,0.6434681659175296,1,1
1084,3,0,0.33897001759411105,0.33431608512521666,0,0
1085,1,0,0.4640379485666517,0.460384544166258,1,1
1086,4,1,0.789945062260321,0.7802212648185545,1,1
1087,5,1,0.7861453580510294,0.7767855633513896,1,1
1088,1,1,0.690689841509065,0.6812694440334186,1,1
1089,1,0,0.012199346690562345,0.014496384461443041,0,0
1090,2,0,0.014590043315371155,0.016802149137992814,0,0
1091,2,1,0.1154187455616027,0.12093530423566949,0,0
1092,4,0,0.2829723867614018,0.28325264231196945,0,0
1093,1,0,0.13446191964601098,0.1404668549880234,0,0
1094,4,0,0.029110732717569206,0.03243695038958216,0,0
1095,3,0,0.1688327474918293,0.17185990170706505,0,0
1096,1,0,0.008658328105339255,0.010669551723089303,0,0
1097,1,1,0.32400050244829093,0.3270636442131848,0,0
1098,4,0,0.007176931609174716,0.008471234971302127,0,0
1099,2,0,0.09938884058812984,0.1048928049521115,0,0
1100,1,0,0.0051513558103180425,0.0065463891094168876,0,0
1101,2,0,0.09922469717344617,0.10312490924270283,0,0
1102,2,0,0.5760001468062983,0.5690315121473801,1,1
1103,5,0,0.015819158434543408,0.0184844544552107,0,0
1104,3,0,0.08086294689334451,0.0867318461498777,0,0
1105,1,0,0.023683746724723547,0.027002457675447143,0,0
1106,5,0,0.0026178188265683204,0.003338609298866809,0,0
1107,2,0,0.3142220338313093,0.3147593696384852,0,0
1108,5,1,0.545861077709646,0.5402104830808347,1,1
1109,4,0,0.006774476720139043,0.008021024881599653,0,0
1110,5,0,0.529289651782977,0.520855926547237,1,1
1111,2,0,0.021310096249508338,0.024200722495347937,0,0
1112,3,0,0.1978654875840935,0.20102181936480495,0,0
1113,2,0,0.16314048641161447,0.16593902597348967,0,0
1114,1,1,0.22756050006805575,0.23091737567727458,0,0
1115,5,1,0.1852597719234985,0.18960623356964068,0,0
1116,5,0,0.6124908700053104,0.6130019292412675,1,1
1117,5,0,0.44117552096047424,0.44188990187114907,1,1
1118,3,0,0.047202648685166514,0.051622049369135316,0,0
1119,2,0,0.15044936476437415,0.1541627164157088,0,0
1120,5,1,0.6482262822202759,0.6436216770425027,1,1
1121,5,1,0.47867676793986325,0.4729281965317158,1,1
1122,1,0,0.5738984639257214,0.5693201473354289,1,1
1123,4,1,0.720691819280481,0.711896584159739,1,1
1124,4,0,0.006029542765373628,0.0071407182665180315,0,0
1125,1,0,0.09403031393127792,0.10006545184312451,0,0
1126,3,0,0.12725513236261793,0.1307604665068577,0,0
1127,4,0,0.33973561905487676,0.3367526865603943,0,0
1128,3,0,0.46963068322062995,0.462119413951451,1,1
1129,2,1,0.6221448432505058,0.614279642423865,1,1
1130,4,0,0.022158973660905846,0.02444367054745685,0,0
1131,2,0,0.4308536231157887,0.428339876510116,1,1
1132,2,0,0.10490361976630945,0.10990026062657399,0,0
1133,4,0,0.02852201415725402,0.031474070155680337,0,0
1134,1,0,0.002071643577534577,0.0028476512929047426,0,0
1135,2,0,0.422499075975698,0.4157189578129895,1,1
1136,4,1,0.6763892521646676,0.668266268438242,1,1
1137,2,0,0.042081188115735975,0.045820283820588704,0,0
1138,3,1,0.7338488461570171,0.723994253603885,1,1
1139,4,0,0.013224407330633072,0.015333119730757096,0,0
1140,1,0,0.447048730602517,0.44770646018270055,1,1
1141,1,0,0.0821444421370363,0.08612226816349695,0,0
1142,3,1,0.6200432673704838,0.6112084504556321,1,1
1143,2,0,0.009283686797961445,0.011062133783111551,0,0
1144,4,0,0.07008988455447246,0.07428340409572551,0,0
1145,3,0,0.08045979367438194,0.08527965099587514,0,0
1146,5,0,0.04794864928958054,0.05118680424905895,0,0
1147,2,0,0.21720803167982872,0.2237489114557222,0,0
1148,3,1,0.6104582389602584,0.6042615341796674,1,1
1149,2,0,0.2491650678392578,0.24873891499896844,0,0
1150,5,1,0.7934672850003391,0.7811857557960524,1,1
1151,5,0,0.19967228373616988,0.20698338169982206,0,0
1152,4,0,0.07160445026534853,0.07661038986622404,0,0
1153,3,1,0.5791594883350172,0.5737641163140887,1,1
1154,1,0,0.07389906505004454,0.0785875542030395,0,0
1155,5,0,0.12954944713966865,0.13400130816033004,0,0
1156,2,0,0.08189523703518788,0.08763956460281916,0,0
1157,5,0,0.5984377513632931,0.5989836992259512,1,1
1158,2,0,0.522209132860697,0.5150610915007716,1,1
1159,1,1,0.49319209896582816,0.4909790717745194,1,1
1160,3,0,0.10378979446200433,0.10989755796392783,0,0
1161,4,0,0.18093612408961998,0.1828970269913121,0,0
1162,1,0,0.14357495124343994,0.1475671973617017,0,0
1163,5,0,0.1279091967236167,0.13547822579168917,0,0
1164,3,0,0.5647673867135793,0.5560743703015861,1,1
1165,5,0,0.0691823247970843,0.07308948757505801,0,0
1166,1,0,0.0995027575621012,0.10585940129525966,0,0
1167,1,1,0.7205176586363087,0.7104837823459853,1,1
1168,5,0,0.36838530035049427,0.3584094370675152,0,0
1169,5,1,0.2514522381295547,0.24951968859648588,0,0
1170,4,1,0.7040613809078805,0.695126309974913,1,1
1171,2,0,0.38138861148617587,0.3824219585708628,0,0
1172,2,0,0.02266816157471717,0.02579385137314727,0,0
1173,4,1,0.6405070568324314,0.6325259608964389,1,1
1174,5,0,0.1884972669320481,0.19311557975449273,0,0
1175,2,0,0.4944054021420647,0.4878999461182459,1,1
1176,3,0,0.2970422940303041,0.29809735375782453,0,0
1177,5,0,0.2087969651275179,0.21939002879977804,0,0
1178,4,1,0.3711553952177139,0.36892492018489664,0,0
1179,2,0,0.45556596242476366,0.45055750308360043,1,1
1180,3,1,0.555480041639742,0.548067071017398,1,1
1181,5,1,0.6992263154618825,0.6938092105056207,1,1
1182,5,0,0.3608613920408676,0.3504515649269681,0,0
1183,5,0,0.0533680052076863,0.05703540149196286,0,0
1184,2,0,0.19142500478651608,0.19486407252837126,0,0
1185,2,1,0.15485752245778422,0.15874032086866335,0,0
1186,1,0,0.17977555594584843,0.18474205194213564,0,0
1187,2,0,0.060788659050391484,0.06568814572223491,0,0
1188,2,0,0.011482211596193944,0.013401058982697106,0,0
1189,3,0,0.6910991157099803,0.6828084564302106,1,1
1190,2,0,0.024828886404412144,0.02815647874602873,0,0
1191,1,1,0.7162068001904348,0.7074280494825214,1,1
1192,2,1,0.3253155274414548,0.3270989851927807,0,0
1193,5,0,0.26327611499929726,0.261915087991318,0,0
1194,2,0,0.04630639710932433,0.0505937963790004,0,0
1195,1,0,0.05034149360072405,0.05552152780751357,0,0
1196,5,0,0.1818451027634265,0.18499988314445862,0,0
1197,5,1,0.6887927887651907,0.6861888979228388,1,1
1198,3,0,0.42842795774324516,0.4249628612112167,1,1
1199,2,1,0.07525072907188175,0.08020674976071346,0,0
1200,1,0,0.15268078213286385,0.1547363845877603,0,0
1201,3,0,0.3260297263906689,0.32612058090891777,0,0
1202,3,0,0.12729749131401552,0.13195695510729816,0,0
1203,4,1,0.6204383997925559,0.6130081101871235,1,1
1204,4,0,0.3318671142634841,0.3281291105099021,0,0
1205,3,0,0.22144505175651302,0.22646508776878607,0,0
1206,4,0,0.30644554129303625,0.30502955840835966,0,0
1207,5,0,0.5958706690172227,0.5857302144765084,1,1
1208,5,1,0.7796464006381361,0.7708753303086888,1,1
1209,5,0,0.021155348656904535,0.024225387032946574,0,0
1210,5,0,0.0045767522498657495,0.005646613933183669,0,0
1211,5,0,0.4312169682278231,0.42746573431006285,1,1
1212,1,1,0.557163311545256,0.5526687259318122,1,1
1213,1,0,0.6733413974550128,0.6639672131174059,1,1
1214,3,1,0.5690539605492595,0.5605756915687328,1,1
1215,4,0,0.13264847375530045,0.13686442202267796,0,0
1216,1,0,0.7000791640663749,0.6879656336654969,1,1
1217,1,0,0.2745646070972574,0.2755089497072527,0,0
1218,2,0,0.17700307740659452,0.18051944616669827,0,0
1219,5,1,0.5506663241934779,0.5492679015778288,1,1
1220,2,0,0.21785779350604126,0.2213909635074381,0,0
1221,2,0,0.05005605642373214,0.05446059625569315,0,0
1222,5,1,0.1548920462304049,0.16065117728292883,0,0
1223,1,0,0.30777206842281324,0.30789500059728353,0,0
1224,2,0,0.28838649827081164,0.28687380562619746,0,0
1225,5,0,0.0019542095517184476,0.0024918737242923183,0,0
1226,3,0,0.4321885649937473,0.4294660453694039,1,1
1227,1,1,0.46170216447389084,0.4588178547783909,1,1
1228,4,0,0.10892831692799403,0.11311347823813526,0,0
1229,2,0,0.12532600882507602,0.1298254827673972,0,0
1230,1,1,0.5076502116162193,0.5030692020268345,1,1
1231,5,0,0.001960416732070445,0.002523717177546023,0,0
1232,5,0,0.008550872949913222,0.009871728162639162,0,0
1233,2,0,0.02453349659090853,0.027496618548547225,0,0
1234,3,1,0.7166841635876493,0.706509494617058,1,1
1235,3,0,0.31452771073387165,0.31458841750273625,0,0
1236,1,0,0.10869619420756904,0.11316414724264975,0,0
1237,4,1,0.6205216444622313,0.6120485284079975,1,1
1238,4,0,0.17418642388291206,0.17817494274262527,0,0
1239,4,0,0.1072273349863737,0.11110638448005195,0,0
1240,2,0,0.00431043582427945,0.005369466932405229,0,0
1241,4,1,0.2654536884491062,0.26526502054930773,0,0
1242,2,0,0.3807917370207994,0.3799571074938477,0,0
1243,1,1,0.447633921824459,0.4454166475796536,1,1
1244,5,0,0.7239181147006734,0.7122137964718653,1,1
1245,2,0,0.032821381447645515,0.036825902859168466,0,0
1246,5,0,0.23301250279769817,0.22952679913085441,0,0
1247,4,0,0.08443848551080727,0.08882601836278439,0,0
1248,3,1,0.14734611996513794,0.15107414200728603,0,0
1249,4,1,0.586498543578322,0.5824554006679821,1,1
1250,3,1,0.5931409185982248,0.5852053164087472,1,1
1251,3,0,0.18930528332680532,0.19275639739892161,0,0
1252,5,0,0.04916084761211634,0.05352860760511911,0,0
1253,3,1,0.7740287125097858,0.7636404485123471,1,1
1254,4,0,0.2279430562499583,0.23056402161292774,0,0
1255,5,0,0.6234203223666851,0.6173833529255598,1,1
1256,2,0,0.2325146981898631,0.23551805741394477,0,0
1257,2,0,0.016328360294038925,0.018965134940597997,0,0
1258,2,0,0.6797472667919606,0.6730041722584514,1,1
1259,5,0,0.2777778520637768,0.27487641920758976,0,0
1260,3,0,0.01988481509266944,0.022963941980356683,0,0
1261,4,0,0.17626821496624226,0.17922416754741946,0,0
1262,2,1,0.4347167361198562,0.43051873702415017,1,1
1263,4,0,0.05468612425037011,0.05878255375326402,0,0
1264,4,1,0.2727112364656203,0.27181479101484457,0,0
1265,4,0,0.016689386135139865,0.019165923925110552,0,0
1266,1,1,0.262838926943453,0.26334478191736754,0,0
1267,2,1,0.35322931820646974,0.35544258888888136,0,0
1268,3,1,0.7009915846758905,0.6914141299473655,1,1
1269,5,0,0.2727286002286094,0.27430972430429457,0,0
1270,3,0,0.0261913882778057,0.029957999282796532,0,0
1271,1,0,0.44717859111533825,0.4423689028653266,1,1
1272,1,0,0.022936667280361003,0.026690922403062495,0,0
1273,2,0,0.07102083848375634,0.07634306491376527,0,0
1274,1,0,0.05430673139399357,0.05818553870892066,0,0
1275,5,0,0.3175471846266346,0.3143737080575237,0,0
1276,3,0,0.4402635844586735,0.438448159622223,1,1
1277,3,0,0.002899565578595028,0.0038532169466903147,0,0
1278,4,0,0.1264434606506625,0.13050741879484043,0,0
1279,4,1,0.2878031548724056,0.2890262181168592,0,0
1280,3,0,0.003255599460299692,0.004266213541959255,0,0
1281,1,1,0.6656799638096917,0.6563306496144404,1,1
1282,3,0,0.7176440026847063,0.7083040575147328,1,1
1283,5,0,0.08492527368830256,0.09247270621939294,0,0
1284,3,0,0.019058780355266924,0.022149067555050587,0,0
1285,4,0,0.012281373566429755,0.014047833984975843,0,0
1286,1,1,0.7794646648032172,0.7682192589307548,1,1
1287,4,0,0.2923193893713066,0.2919102642363005,0,0
1288,1,1,0.5959406650587604,0.5887997182690692,1,1
1289,2,0,0.07897698684906974,0.08371639831917049,0,0
1290,4,0,0.005780686609466623,0.006900330021029346,0,0
1291,1,1,0.48920936175579827,0.48174343427716143,1,1
1292,5,0,0.06976396017102636,0.07502617548359655,0,0
1293,4,0,0.24499704014463666,0.2464146678181478,0,0
1294,1,0,0.007108000512272387,0.008707415875735846,0,0
1295,3,1,0.07602327044388099,0.08084575108100159,0,0
1296,3,0,0.03677315383901293,0.04139151530862968,0,0
1297,4,0,0.013844105707391868,0.01577752643386342,0,0
1298,3,0,0.012756646635527282,0.015598343285347297,0,0
1299,3,0,0.004320954588165317,0.005617943527650769,0,0
1300,1,0,0.2319088495818715,0.23738441314237332,0,0
1301,2,1,0.617113926639259,0.607937354934344,1,1
1302,5,0,0.012243642680412434,0.013901049812624197,0,0
1303,3,0,0.3916260514244658,0.38472362214943595,0,0
1304,5,1,0.5998921417557267,0.5888843901903602,1,1
1305,5,0,0.027287529748766404,0.030886281767119057,0,0
1306,4,1,0.5300511600796349,0.5220686606863715,1,1
1307,2,0,0.16607288069187442,0.17047062256644263,0,0
1308,4,0,0.5023728663369617,0.49890982690193136,1,1
1309,3,0,0.008779802298807532,0.010629369662888837,0,0
1310,3,0,0.5591847927634123,0.549349386487255,1,1
1311,2,1,0.26917641550246285,0.2701160910002663,0,0
1312,3,0,0.017807045510902324,0.020919779108334736,0,0
1313,3,0,0.4221220197560874,0.42069582510856157,1,1
1314,5,0,0.017548480090312554,0.020644908793669814,0,0
1315,4,0,0.042313828871552196,0.045626088725181056,0,0
1316,4,0,0.01584923421008645,0.017881750851159103,0,0
1317,5,0,0.05599437888175413,0.060429060111130625,0,0
1318,3,0,0.4028291278107619,0.40162321135960666,1,1
1319,2,1,0.4154593677778918,0.41369555697297383,1,1
1320,4,0,0.015234764174838374,0.017518735581588847,0,0
1321,2,1,0.5460383698693665,0.5364716539069123,1,1
1322,5,0,0.21304881488777125,0.2125627333175796,0,0
1323,5,0,0.16149229420073993,0.1658719147360565,0,0
1324,5,0,0.19952999986317382,0.20415908720103962,0,0
1325,1,0,0.0027017027823626077,0.0036336309345185074,0,0
1326,3,0,0.09324488487121886,0.09760654007495603,0,0
1327,4,1,0.268966760111705,0.2700698037449099,0,0
1328,2,0,0.20339989664199992,0.2066188140716428,0,0
1329,3,1,0.2464030204274425,0.24630489086382018,0,0
1330,2,0,0.013197348469011477,0.015492808889342591,0,0
1331,3,0,0.31848395987436523,0.31363349550244524,0,0
1332,3,1,0.507766097209441,0.5000372501597793,1,1
1333,4,1,0.38790017900194806,0.38401745307810364,0,0
1334,2,0,0.7054363974599281,0.6963251496386041,1,1
1335,4,0,0.05200875240818471,0.05627741451661326,0,0
1336,4,0,0.1242169743348331,0.12870767063599492,0,0
1337,5,0,0.39071861439915134,0.3852727751023871,0,0
1338,2,0,0.6567198338503711,0.6474051882739381,1,1
1339,3,0,0.08765187620654563,0.09237556999036999,0,0
1340,4,0,0.005489718222979321,0.006513480367746962,0,0
1341,5,0,0.023326167741130756,0.02611404174125028,0,0
1342,4,1,0.5561067025847243,0.54997417302584,1,1
1343,2,0,0.6469123804764829,0.6393243977341518,1,1
1344,3,0,0.05485802712164625,0.05979886996487767,0,0
1345,1,0,0.10088565469590643,0.10518987817420852,0,0
1346,2,0,0.3209395603009561,0.32126030980123976,0,0
1347,1,0,0.01034089240995441,0.012697900450886205,0,0
1348,5,0,0.0028799539558961394,0.003612282905105618,0,0
1349,2,0,0.026477702583993925,0.029881914493119232,0,0
1350,4,0,0.12770397253604282,0.13238423391137388,0,0
1351,5,0,0.0713903193045893,0.07489085906964352,0,0
1352,4,0,0.013086297732369608,0.015055763319795478,0,0
1353,2,0,0.33632997877228915,0.33662725267001775,0,0
1354,4,0,0.14166918831578307,0.1463627061791607,0,0
1355,2,0,0.003454104685468454,0.004320925680252745,0,0
1356,4,0,0.08417842760938667,0.08875123005293939,0,0
1357,4,0,0.045327341982214005,0.04845158720205885,0,0
1358,1,1,0.7054877241443879,0.6935558243540554,1,1
1359,2,0,0.055650158318006904,0.060205270040823745,0,0
1360,2,1,0.7922287740428717,0.781826685714602,1,1
1361,5,0,0.006206636289700918,0.00735267456451259,0,0
1362,2,0,0.022038629787837664,0.025188370003066018,0,0
1363,5,0,0.007324986732473602,0.00868310382491988,0,0
1364,2,1,0.1386802721258822,0.14204876153521728,0,0
1365,4,1,0.5415774150002318,0.5333515806549771,1,1
1366,3,0,0.441910420999003,0.43956610224413983,1,1
1367,3,1,0.7747415341475898,0.7636113529716164,1,1
1368,4,0,0.22546456103750195,0.2272103930170828,0,0
1369,3,0,0.04989568910109303,0.054174795614845714,0,0
1370,4,0,0.6376662024386192,0.6287138586653808,1,1
1371,3,1,0.5010091368791142,0.4978913555706213,1,1
1372,3,0,0.6451624622459193,0.6379068446220166,1,1
1373,4,0,0.17807166449142967,0.18220448091760416,0,0
1374,5,0,0.07148563246435624,0.07451655616434909,0,0
1375,2,0,0.006384237220506162,0.007721720334821778,0,0
1376,5,0,0.40185300526324486,0.4009837657419969,1,1
1377,2,0,0.002560186411907412,0.003259812126977721,0,0
1378,3,0,0.6523847378083801,0.6470510710276401,1,1
1379,5,0,0.6695376058482089,0.663295953152639,1,1
1380,3,0,0.08222068889679948,0.08863711250779763,0,0
1381,4,0,0.041507382086021914,0.04510572058374982,0,0
1382,1,0,0.7740523147392039,0.762797091870293,1,1
1383,1,0,0.7502281929377589,0.739470810652116,1,1
1384,5,0,0.2463216458068114,0.24942621258296427,0,0
1385,4,0,0.2701748511170673,0.2736991872168576,0,0
1386,3,0,0.02394063228217295,0.027057609022190694,0,0
1387,3,1,0.6425585429077522,0.6337008937897923,1,1
1388,2,1,0.7006997896841293,0.6907371838059785,1,1
1389,2,0,0.17165707121965018,0.17455319550615436,0,0
1390,2,0,0.19890472908981047,0.20176287034496157,0,0
1391,4,1,0.6651462311266537,0.6560810478132157,1,1
1392,1,0,0.031552593229747655,0.03491884791826643,0,0
1393,1,1,0.18739509105449048,0.19014618615789025,0,0
1394,5,0,0.37095335773719307,0.37257470294257455,0,0
1395,3,1,0.7276377304628963,0.7180013747003812,1,1
1396,5,0,0.044300826126295136,0.04753898291564187,0,0
1397,5,0,0.3922974661860881,0.38277251873353924,0,0
1398,2,1,0.6396980335287967,0.6304272056880722,1,1
1399,3,0,0.17684135113450383,0.18047617522685105,0,0
1400,3,0,0.004178361013719898,0.005424940451052806,0,0
1401,2,0,0.04880864154561856,0.0530218203573968,0,0
1402,3,1,0.7152499619810103,0.7012242522674155,1,1
1403,5,0,0.0045974330279679775,0.0056189799894284295,0,0
1404,3,0,0.0787491389824668,0.08401131358222713,0,0
1405,3,1,0.6341146167344847,0.6277785540832771,1,1
1406,1,0,0.0261644129544601,0.02966628821784405,0,0
1407,2,0,0.03740944510481726,0.04161219638997486,0,0
1408,2,0,0.2971212299840513,0.29979184489084953,0,0
1409,3,0,0.055881585835134986,0.06056920122568834,0,0
1410,1,0,0.03474478013697221,0.038649542149943615,0,0
1411,2,0,0.003052265159759107,0.0038781798781664704,0,0
1412,4,0,0.10822305869169746,0.11230489466696503,0,0
1413,2,0,0.00872294335025455,0.01051430361699667,0,0
1414,4,0,0.35963274057175376,0.3571150017585104,0,0
1415,1,0,0.008683292512414518,0.010542934675193589,0,0
1416,2,0,0.16074783270006862,0.16451030723420174,0,0
1417,2,0,0.03331464793659132,0.0371135849356541,0,0
1418,2,0,0.052673469715656084,0.05694052623019726,0,0
1419,5,0,0.023606092561273835,0.02787522039845442,0,0
1420,1,0,0.21871126278801886,0.2183208725080223,0,0
1421,1,1,0.7100815475653873,0.7008480034250752,1,1
1422,1,1,0.6794544118364217,0.6699567925619176,1,1
1423,4,0,0.003492756572262428,0.004282606285953068,0,0
1424,4,0,0.2764744732853476,0.2780392981469006,0,0
1425,2,0,0.08562640482946392,0.09058217004859057,0,0
1426,3,0,0.20089394377368067,0.20610731332228047,0,0
1427,1,0,0.0017283107090184653,0.002394770151191616,0,0
1428,2,0,0.5973254192741925,0.5923554002444963,1,1
1429,2,1,0.041430484954647254,0.04545963247987176,0,0
1430,5,0,0.35731866713292354,0.3553117461817139,0,0
1431,4,1,0.6598542905086449,0.6525547466199065,1,1
1432,3,1,0.17218791379208057,0.17621309934461502,0,0
1433,2,0,0.015565994298281649,0.01792688803331071,0,0
1434,5,1,0.23461686600833398,0.2406560744174524,0,0
1435,1,0,0.2875533400228996,0.28586795228805917,0,0
1436,2,0,0.006161691717822564,0.007525201701822745,0,0
1437,1,0,0.07997232662588964,0.08605355634428605,0,0
1438,4,1,0.5141168150308556,0.5053828613016528,1,1
1439,4,0,0.04169040627647693,0.045821223139806286,0,0
1440,3,0,0.11170511795182327,0.11647781681357867,0,0
1441,2,0,0.002860526581079758,0.003660605777233792,0,0
1442,3,0,0.00872718867908808,0.01028005067323824,0,0
1443,3,1,0.492732536047389,0.4877628011931329,1,1
1444,3,0,0.016047472582547084,0.018866633699881126,0,0
1445,4,0,0.04072050951817129,0.044742177861348445,0,0
1446,4,1,0.7304511899832928,0.7213097367954677,1,1
1447,1,0,0.47743735902452833,0.4692006682283246,1,1
1448,2,0,0.07540700748225294,0.0811285550196176,0,0
1449,2,0,0.006533575919055216,0.007943297238344737,0,0
1450,3,0,0.013019280333450085,0.015342383178898323,0,0
1451,5,1,0.6277384119594148,0.6154329617070624,1,1
1452,4,1,0.5757056812663098,0.5689359233300856,1,1
1453,2,1,0.5929747429703061,0.5841889407170676,1,1
1454,1,0,0.47805629631669466,0.4746023830931619,1,1
1455,5,0,0.43413007264026343,0.4248832231946597,1,1
1456,1,0,0.5441258969630662,0.5424059940158057,1,1
1457,2,0,0.0026001370613896336,0.0033112844476647424,0,0
1458,5,0,0.18109595599666822,0.1849516369831254,0,0
1459,5,0,0.06509142790083085,0.07035384096513689,0,0
1460,1,0,0.1454239039531316,0.14886593863210573,0,0
1461,2,0,0.014438814241312081,0.01665223738900642,0,0
1462,4,0,0.30129394238443363,0.3017907752233147,0,0
1463,1,1,0.5309118412763447,0.5227677677715894,1,1
1464,5,1,0.4823325506346337,0.47490458333662,1,1
1465,4,1,0.4468308931360279,0.4441531554641377,1,1
1466,5,0,0.0018965982211758534,0.00244682779679428,0,0
1467,1,0,0.27369361990912666,0.27666367835280053,0,0
1468,5,0,0.3401672421700421,0.33479548234384476,0,0
1469,3,0,0.14357056782313743,0.1488182595605072,0,0
1470,5,0,0.7345013263809017,0.725935214775369,1,1
1471,3,0,0.010436147981351835,0.01258408816382727,0,0
1472,2,1,0.21612155507569145,0.22088037691442608,0,0
1473,1,1,0.4872409434165161,0.48197085909600934,1,1
1474,3,0,0.5593411925006854,0.5522482893215647,1,1
1475,1,1,0.5653667310476892,0.5624129701762368,1,1
1476,1,1,0.2015187082730249,0.2022655822117998,0,0
1477,2,0,0.3977641873078954,0.3929056431900459,0,0
1478,1,0,0.092634688036578,0.09978702117962115,0,0
1479,3,1,0.04454633113616678,0.04790750054174835,0,0
1480,4,0,0.023986846884008754,0.02697253989852791,0,0
1481,4,0,0.19848380837951365,0.20230177671374153,0,0
1482,1,0,0.0237285721684418,0.026964784895970068,0,0
1483,4,0,0.029848411599346494,0.03346711184508067,0,0
1484,4,0,0.05899926636720247,0.0631919565893045,0,0
1485,1,0,0.017157554919525638,0.020127320366910242,0,0
1486,1,1,0.45449501820730925,0.45237148465404015,1,1
1487,1,0,0.09424880978315384,0.10019154662158988,0,0
1488,4,1,0.3621276865038339,0.36212165050786976,0,0
1489,5,1,0.44867196855638,0.443237526542305,1,1
1490,3,1,0.6670951570944185,0.6543235263881655,1,1
1491,4,0,0.009487388365415215,0.01105243214876325,0,0
1492,1,1,0.09501770142493278,0.10094200738925421,0,0
1493,4,0,0.007258030405785232,0.008517898434676364,0,0
1494,1,1,0.31470251575869995,0.3141917587984529,0,0
1495,5,1,0.35592051186890666,0.35237403816673507,0,0
1496,5,0,0.15505559446868641,0.1611890762548237,0,0
1497,4,0,0.1249876473341898,0.12895535945924336,0,0
1498,4,0,0.10838935139176947,0.11338684418321884,0,0
1499,1,0,0.1256625819377015,0.1291906595733237,0,0
1500,4,1,0.6499540700612834,0.6418066588990177,1,1
1501,5,0,0.0023620251495669255,0.0030272575890985527,0,0
1502,1,0,0.262942924810688,0.26201216084706397,0,0
1503,5,0,0.007943986138890182,0.009400767183335955,0,0
1504,3,0,0.006918634655922169,0.008528047278253587,0,0
1505,4,0,0.03120310671562858,0.034253572847958644,0,0
1506,1,0,0.3567330325369645,0.35555877729634816,0,0
1507,5,0,0.010336472803124346,0.012243625204359308,0,0
1508,4,0,0.2568763530129082,0.25872711717961105,0,0
1509,3,1,0.7276115424395209,0.7180209282460619,1,1
1510,2,1,0.7969254773895136,0.7867822227574874,1,1
1511,5,0,0.2533977544891498,0.25384273845878613,0,0
1512,4,0,0.1438417450660779,0.14800414824499653,0,0
1513,4,1,0.30299853153326256,0.3034001449776723,0,0
1514,3,0,0.1426245486125424,0.14698175842428274,0,0
1515,2,1,0.6052981676047846,0.595398228141672,1,1
1516,2,0,0.3833556393637786,0.3827321941805638,0,0
1517,4,1,0.2886063509281314,0.2885074786387366,0,0
1518,3,1,0.36712662560930825,0.3657800956938211,0,0
1519,2,0,0.6119125596425917,0.6026847152104552,1,1
1520,1,0,0.31411589021300196,0.31340083226646304,0,0
1521,1,0,0.2742588921595809,0.27624389369232605,0,0
1522,5,0,0.01831824667054784,0.020152042456941164,0,0
1523,1,0,0.10056208544082201,0.10609238118426448,0,0
1524,5,1,0.18940800411215086,0.19104585519438644,0,0
1525,1,0,0.4983909756758771,0.4939380889699276,1,1
1526,4,0,0.04535525934772461,0.04908424587504252,0,0
1527,2,0,0.086877272509159,0.09190398893464001,0,0
1528,2,0,0.012936280610307915,0.015015209638078893,0,0
1529,1,0,0.027319429331463873,0.03144759405663029,0,0
1530,5,0,0.0023382488941338323,0.0029909486429816772,0,0
1531,2,0,0.06485003321455751,0.0694695326369018,0,0
1532,4,0,0.5009837027733078,0.4947961852056939,1,1
1533,4,0,0.02552469055428439,0.028010537804086005,0,0
1534,3,0,0.01410081218994745,0.017098233204633693,0,0
1535,1,0,0.19638377378438276,0.2002470201260267,0,0
1536,4,0,0.46748103563389376,0.465900047332373,1,1
1537,2,0,0.1937242760405912,0.19911790605870508,0,0
1538,3,1,0.2937688773612425,0.29256144558072467,0,0
1539,4,0,0.013271196400562547,0.015076075862459787,0,0
1540,3,1,0.3278862620761118,0.32928107872163903,0,0
1541,4,0,0.11863127117861165,0.12236297186820644,0,0
1542,5,0,0.019786241250164045,0.021937233656434928,0,0
1543,1,0,0.29806849685949754,0.3007182250549251,0,0
1544,5,0,0.009570179695544507,0.011179661589472284,0,0
1545,3,0,0.4527399055290117,0.44509847210681797,1,1
1546,4,0,0.019709545324032816,0.022089653236081763,0,0
1547,3,1,0.4523387315618833,0.4451775505933894,1,1
1548,3,1,0.34730812987680837,0.34239454735927866,0,0
1549,1,1,0.04677929433454558,0.05126176867290431,0,0
1550,1,0,0.7020189904125348,0.6913415305519418,1,1
1551,4,0,0.3391218002508577,0.3378461544365717,0,0
1552,5,0,0.21603843464220682,0.2130112167290835,0,0
1553,4,0,0.21880296162502028,0.22073578676870156,0,0
1554,1,1,0.5521334471672525,0.5456442608952504,1,1
1555,4,0,0.019191262244052185,0.021946853373384857,0,0
1556,3,0,0.022682279429351648,0.025892322269042867,0,0
1557,3,0,0.029383070160277032,0.03315909484221531,0,0
1558,3,0,0.19778860063892206,0.20107239174195554,0,0
1559,5,0,0.2165676317071593,0.2157018982064846,0,0
1560,4,0,0.029277457817650527,0.032742954394105475,0,0
1561,2,0,0.42568040017067904,0.42188001099287487,1,1
1562,4,0,0.010493176137578454,0.012136094020722007,0,0
1563,3,0,0.54002559310205,0.5331364245951512,1,1
1564,1,0,0.29000362773908217,0.2908440473927512,0,0
1565,2,0,0.07017962065300318,0.0748049375263744,0,0
1566,3,1,0.7144970507915376,0.7044770469691672,1,1
1567,2,0,0.041123618796097064,0.04510962341056185,0,0
1568,1,1,0.24982960525978723,0.2510596880753711,0,0
1569,3,1,0.6495074865380236,0.6397259042284995,1,1
1570,3,1,0.773951663157313,0.7636886538065205,1,1
1571,2,0,0.4018615705945056,0.3941947654299863,1,0
1572,3,0,0.04647701423710256,0.05062965408813147,0,0
1573,2,0,0.11139739466756021,0.11687434458020743,0,0
1574,4,0,0.2195723102139376,0.22245811814136202,0,0
1575,1,0,0.05968150171339366,0.0652485463905943,0,0
1576,2,0,0.2871868789936494,0.2901967136651826,0,0
1577,1,0,0.5015472631648477,0.49373602966875596,1,1
1578,1,0,0.01405603190825942,0.01690985094756937,0,0
1579,4,1,0.17707529691442936,0.1801748890051024,0,0
1580,1,0,0.22264261717949554,0.22614910617863013,0,0
1581,5,0,0.18410159794955844,0.1893032436153489,0,0
1582,2,0,0.0320883550561608,0.0358299590052701,0,0
1583,4,1,0.7031696894551926,0.6944744995271642,1,1
1584,3,0,0.06396099129051067,0.06944274375185662,0,0
1585,5,0,0.5449773167894898,0.5346908802186898,1,1
1586,1,0,0.0129726422530671,0.015258702049027137,0,0
1587,5,0,0.022096543881898353,0.02512551624977291,0,0
1588,3,1,0.8325076414034068,0.8221880763247034,1,1
1589,2,1,0.3279456635554613,0.32536182988008144,0,0
1590,5,0,0.09393380901827371,0.09830750063782125,0,0
1591,3,0,0.09589228865566304,0.10118156270998224,0,0
1592,4,1,0.27027127471915396,0.2706945115837959,0,0
1593,1,0,0.044702461362074605,0.049027255301926,0,0
1594,1,1,0.23879492319857526,0.23898614880614133,0,0
1595,3,0,0.03880547923993301,0.043779292149206665,0,0
1596,5,1,0.7277942419832465,0.7199664915275383,1,1
1597,1,0,0.08535068501202248,0.09038929644157892,0,0
1598,4,0,0.6036931554515336,0.5966414318357154,1,1
1599,3,1,0.510797831837422,0.5038346335030301,1,1
1600,4,0,0.052754491991862586,0.05688315249872224,0,0
1601,1,1,0.7174908941490572,0.7071786283740558,1,1
1602,2,0,0.00648476496735629,0.0077767621583934255,0,0
1603,2,1,0.6769171768927342,0.6646746933736457,1,1
1604,1,0,0.47497044173537056,0.47191394333725123,1,1
1605,4,0,0.19059764944095064,0.1932814327005487,0,0
1606,5,0,0.014889864712833623,0.017130791835039034,0,0
1607,3,1,0.47954466039029797,0.47686407156114613,1,1
1608,2,1,0.18504638420697725,0.18864916473467383,0,0
1609,1,1,0.7466239501171258,0.735858918339816,1,1
1610,2,1,0.5296408609341495,0.5272864372068349,1,1
1611,4,0,0.010120363569687372,0.011641587496832289,0,0
1612,1,1,0.6715186763340222,0.660671613292962,1,1
1613,5,0,0.09783606835843757,0.1006875098761298,0,0
1614,2,1,0.32143845259891474,0.32174865607728853,0,0
1615,1,0,0.021477480768116754,0.02471478931102613,0,0
1616,1,0,0.1452696273633079,0.15030366247253846,0,0
1617,3,0,0.14905265824845804,0.15391429159542913,0,0
1618,5,1,0.6924198445867592,0.6790895775824295,1,1
1619,3,0,0.010326149993341669,0.012517012069381587,0,0
1620,3,1,0.17433786117915726,0.17651019659591724,0,0
1621,1,0,0.05135031731190543,0.056742286381825394,0,0
1622,5,0,0.641095395345,0.6292765899412297,1,1
1623,1,1,0.7095718271646914,0.6999594591640661,1,1
1624,3,0,0.4678332774027327,0.46507905256011756,1,1
1625,4,0,0.04288710119877565,0.046102229709351135,0,0
1626,1,0,0.12099249679596416,0.1256625184490386,0,0
1627,1,0,0.03660556177750275,0.041013122340629406,0,0
1628,4,0,0.03888293532291174,0.0425623896183885,0,0
1629,3,1,0.07793613269934233,0.08325117095816177,0,0
1630,2,0,0.4064787976868186,0.40154380736921774,1,1
1631,3,0,0.032649379435019145,0.03678597824373258,0,0
1632,5,0,0.7065545299829242,0.698833520135198,1,1
1633,3,0,0.6221771581506761,0.6151677394426102,1,1
1634,2,1,0.5638932635949838,0.555666643686126,1,1
1635,2,1,0.5700816730055894,0.5627070015518363,1,1
1636,4,0,0.054489004715292194,0.05876848124608208,0,0
1637,2,0,0.15677267335744655,0.1610875219518735,0,0
1638,5,0,0.5168522550567873,0.5126456369051106,1,1
1639,4,0,0.09784133008395039,0.10227992109065971,0,0
1640,1,0,0.07748313580640649,0.08237318760641298,0,0
1641,4,0,0.4250777375905371,0.4216204943433808,1,1
1642,5,0,0.4833568185602998,0.4716190635456248,1,1
1643,2,0,0.17032298965182527,0.17357061063877216,0,0
1644,2,0,0.0021988719237690953,0.0028191298364326086,0,0
1645,1,0,0.48653757285494326,0.48244190456540786,1,1
1646,3,1,0.26897684390157817,0.26856644715376193,0,0
1647,2,1,0.5735746193034719,0.5656866723066939,1,1
1648,4,0,0.3451286411559838,0.34526286386345945,0,0
1649,5,0,0.2344073318213208,0.23249367837488227,0,0
1650,5,1,0.34357904208497786,0.3469795817712384,0,0
1651,5,0,0.011004293159067154,0.013339539261236908,0,0
1652,4,0,0.44666248651275786,0.44193968952326934,1,1
1653,4,0,0.015556582409641145,0.017643635593668043,0,0
1654,3,1,0.3292924129407663,0.3295343524858083,0,0
1655,2,0,0.006070744707795363,0.007465456157169048,0,0
1656,4,0,0.0365170353725617,0.040135282738962996,0,0
1657,2,0,0.02420316003051502,0.027376103939315506,0,0
1658,1,0,0.5028516756073357,0.49908701890381424,1,1
1659,5,0,0.005116433789275525,0.006287711483940998,0,0
1660,1,0,0.21296814382617762,0.21304283149748787,0,0
1661,1,1,0.689705787657557,0.6816338892405865,1,1
1662,5,1,0.08473499707049847,0.09034652831283008,0,0
1663,5,0,0.03629919957819341,0.04001852286878869,0,0
1664,5,0,0.016971005313980506,0.019787653651647835,0,0
1665,4,0,0.13620843654818168,0.14001756621338063,0,0
1666,4,1,0.2641070894700245,0.2683318875317389,0,0
1667,3,0,0.45166317294472985,0.44567099777779384,1,1
1668,3,1,0.6634302106809109,0.6550092806318277,1,1
1669,2,0,0.0202792537683684,0.023153879112311614,0,0
1670,5,0,0.37022332496215493,0.36842644970649685,0,0
1671,1,1,0.23606115161109759,0.23868812682802237,0,0
1672,2,1,0.5310452522228564,0.5205590138250187,1,1
1673,1,1,0.6645815928914278,0.6537807431142129,1,1
1674,1,1,0.4999772300454209,0.4956731632261544,1,1
1675,2,1,0.45395093851806295,0.4497185853575383,1,1
1676,2,0,0.11075958472162024,0.11696782917278781,0,0
1677,4,0,0.02113258724153604,0.02371138304244407,0,0
1678,4,0,0.08596185331982653,0.0900611685413493,0,0
1679,4,0,0.006691665636899254,0.007878919981440444,0,0
1680,1,0,0.009198763961957101,0.011090235468682269,0,0
1681,4,0,0.11734147903623046,0.12136446595044034,0,0
1682,3,1,0.7462766945264454,0.7367339830097108,1,1
1683,4,1,0.3026118231542758,0.3013873934451775,0,0
1684,1,0,0.7103278679310685,0.7006031119437783,1,1
1685,5,0,0.5563432549174306,0.5484719036422057,1,1
1686,5,0,0.30422212965700673,0.3103166760995873,0,0
1687,4,0,0.13676688702771236,0.14035597560838478,0,0
1688,2,0,0.49650673721991695,0.4912969502875476,1,1
1689,1,0,0.6495748717476915,0.6404163655980286,1,1
1690,5,1,0.6770238880447501,0.6685075650154484,1,1
1691,1,1,0.7025015368915001,0.6923171611363043,1,1
1692,4,0,0.5471552460011049,0.5380636661595013,1,1
1693,3,0,0.07500175923706856,0.08043734373348917,0,0
1694,3,0,0.018335940649899796,0.021291084749189212,0,0
1695,4,0,0.2839029779613979,0.28366488050224753,0,0
1696,2,0,0.013337783500417168,0.015558285388212856,0,0
1697,1,0,0.08658006228352406,0.09201143165120695,0,0
1698,3,0,0.20063046704329912,0.2025334950842521,0,0
1699,3,0,0.06197236370185325,0.06704099154667034,0,0
1700,3,0,0.09272197475256985,0.09717763424079692,0,0
1701,3,1,0.5038583234924457,0.4983852301058208,1,1
1702,1,0,0.005991275313969185,0.007470954513115841,0,0
1703,2,0,0.01423889834544465,0.016639326052873875,0,0
1704,1,0,0.0024652621818988573,0.0033353692289773986,0,0
1705,1,0,0.1857144917621352,0.18895805900619297,0,0
1706,2,0,0.27451600429791634,0.27911281179402037,0,0
1707,4,0,0.5170472112578773,0.5119078898591984,1,1
1708,3,0,0.03288228410900988,0.03680514347786654,0,0
1709,4,0,0.35356805839946515,0.3527587092680037,0,0
1710,2,0,0.11191548363979302,0.11752004537215147,0,0
1711,4,1,0.7697331115526388,0.7602809251469745,1,1
1712,2,0,0.021775178173659187,0.024650186456367185,0,0
1713,3,0,0.02856947423566289,0.032343177431738424,0,0
1714,2,1,0.700514110653865,0.6909237062776148,1,1
1715,4,0,0.2188298030879974,0.22074710469346673,0,0
1716,2,0,0.6249473386344773,0.6160966036363459,1,1
1717,5,1,0.35943485559555316,0.35403919300892966,0,0
1718,3,0,0.12405661438088299,0.12929326708125394,0,0
1719,5,0,0.06971213755275678,0.07622479259806893,0,0
1720,2,0,0.1296560487633887,0.13660099353681804,0,0
1721,4,0,0.32079869085338336,0.3229060298850556,0,0
1722,3,0,0.5320811178006455,0.5265915072715134,1,1
1723,3,0,0.1250561295035289,0.128680927251901,0,0
1724,3,0,0.1324507054585975,0.13797009821073886,0,0
1725,2,0,0.13401465571744514,0.13803484383543374,0,0
1726,1,0,0.4093003107537407,0.40724124101497533,1,1
1727,4,0,0.006544692426659027,0.007801204619584112,0,0
1728,5,0,0.496588608764029,0.4929550198380165,1,1
1729,1,0,0.012323819446816039,0.014809079398997968,0,0
1730,3,1,0.6286798129819078,0.619229778946654,1,1
1731,3,1,0.7162440506927006,0.7060725084751508,1,1
1732,5,0,0.27551294491359535,0.2693170599803651,0,0
1733,1,0,0.03205934220507634,0.035917284019477705,0,0
1734,1,0,0.038638665020896044,0.04313751226193109,0,0
1735,1,0,0.008537160957984567,0.010235986484959155,0,0
1736,1,1,0.6820880860093173,0.6730976988707876,1,1
1737,4,0,0.4206266262557156,0.41900194978686056,1,1
1738,5,1,0.6667723981942769,0.6613916930236095,1,1
1739,5,0,0.023110701277158564,0.025197001592069695,0,0
1740,1,0,0.06278353313765625,0.06790307730073339,0,0
1741,2,0,0.0833355942166998,0.08811284881604249,0,0
1742,4,1,0.7596881254420137,0.7498560244470893,1,1
1743,2,0,0.08947792443213824,0.09523571739400558,0,0
1744,1,0,0.4870753404909576,0.482341398542259,1,1
1745,5,0,0.3383108503847783,0.3408325714980237,0,0
1746,2,0,0.6661521334315755,0.6572773834295343,1,1
1747,2,0,0.05068158234637738,0.05506539445748959,0,0
1748,2,1,0.3977638168352074,0.3968215294658463,0,0
1749,2,0,0.00308285271877536,0.003890891610409207,0,0
1750,1,0,0.05257683972443914,0.05798548230575436,0,0
1751,2,0,0.006174046411803266,0.007497431386291176,0,0
1752,1,0,0.03924620724398581,0.04341923368672496,0,0
1753,4,0,0.12623773508113034,0.13005579291397698,0,0
1754,1,0,0.4105593629923657,0.4117257637462804,1,1
1755,2,1,0.7824183114899345,0.7719017409778532,1,1
1756,3,1,0.19498285455251568,0.19895286011998925,0,0
1757,3,0,0.005320279281831657,0.006693900375708044,0,0
1758,5,0,0.29986903669576126,0.29989173697123306,0,0
1759,2,1,0.7835220887669243,0.7734025754671039,1,1
1760,3,0,0.020477345738989405,0.023321050246297576,0,0
1761,5,0,0.010866030503877577,0.012858598648902242,0,0
1762,1,1,0.7473713389779262,0.7369618537302728,1,1
1763,4,0,0.051658008762066075,0.055694230061071145,0,0
1764,5,0,0.07830187110594998,0.08404292759060958,0,0
1765,4,0,0.11673079588664959,0.12152641263241634,0,0
1766,5,0,0.006426720440708898,0.0076717163321921526,0,0
1767,4,0,0.1796628311812193,0.18357897058824996,0,0
1768,1,0,0.05322559682556263,0.05763185307084635,0,0
1769,3,1,0.5624001229931466,0.5571517449105248,1,1
1770,1,0,0.06942581118462197,0.07345957516255647,0,0
1771,2,1,0.13027192239672844,0.1342882325502916,0,0
1772,5,0,0.36988812910327823,0.37150488317966446,0,0
1773,5,1,0.8207409793396018,0.8099814579700866,1,1
1774,3,0,0.20868029661648527,0.21104202357820373,0,0
1775,1,0,0.21974102035617218,0.22200388035684887,0,0
1776,3,0,0.07061691092833987,0.07563514715810252,0,0
1777,2,0,0.041122052236342715,0.045352142325128145,0,0
1778,3,1,0.6531950178971244,0.6441540906152001,1,1
1779,2,0,0.01171759656381745,0.013693250950481448,0,0
1780,1,0,0.24849739088146316,0.24752725681825982,0,0
1781,2,0,0.010813371417567403,0.012631653571421948,0,0
1782,1,0,0.5811315322484331,0.574390637205801,1,1
1783,2,0,0.011470504624668585,0.013415788556976564,0,0
1784,3,0,0.0030277228927136995,0.0037912556407711335,0,0
1785,5,0,0.467831122715276,0.4584725012971852,1,1
1786,4,1,0.6052682499191883,0.5970266781509915,1,1
1787,2,1,0.5306762635629574,0.5258805966921193,1,1
1788,3,0,0.16997286538084846,0.17665639769081531,0,0
1789,2,0,0.03752463609158679,0.04151911809936332,0,0
1790,5,0,0.01355658498748463,0.016088155088198143,0,0
1791,4,0,0.6297072764098195,0.6212667537675458,1,1
1792,3,0,0.00962249854508875,0.011610245540842359,0,0
1793,3,0,0.04353569860216875,0.04812747081852939,0,0
1794,1,0,0.03901185980540321,0.04378052668193956,0,0
1795,1,0,0.06643275747346385,0.0726377014754933,0,0
1796,4,0,0.5905028540229301,0.5851718553015789,1,1
1797,4,0,0.14277502265811706,0.14699653321906578,0,0
1798,5,0,0.005400541638437413,0.0064828120225317075,0,0
1799,3,0,0.013581454545975603,0.015575520915808948,0,0
1800,5,0,0.007245301097698899,0.008618563410872106,0,0
1801,5,0,0.4155422705109289,0.4062359910676611,1,1
1802,5,1,0.06073674050568361,0.06682005673385163,0,0
1803,1,0,0.06968997500632859,0.0744069707236354,0,0
1804,1,0,0.00804488083994352,0.009939288656832145,0,0
1805,5,0,0.3003242239738199,0.3024645203018501,0,0
1806,3,0,0.06208940023400786,0.06695749042557811,0,0
1807,4,0,0.5072209010489352,0.5019856765633082,1,1
1808,4,0,0.006249945206551966,0.007635480338733121,0,0
1809,4,0,0.006605826966308151,0.007834031900946881,0,0
1810,5,0,0.026989049588501814,0.030343918544550263,0,0
1811,2,0,0.23698323068703758,0.24032291305128797,0,0
1812,1,0,0.05645809844030463,0.06119927817981374,0,0
1813,5,0,0.04531202161945016,0.0492681152026108,0,0
1814,4,0,0.024595310399455093,0.027795211422517944,0,0
1815,4,0,0.05177818773806288,0.0560931199088352,0,0
1816,3,0,0.11650394691108092,0.12261345432440682,0,0
1817,5,1,0.7606436474639523,0.751409028392495,1,1
1818,2,1,0.41805482797285315,0.41644856172111255,1,1
1819,2,0,0.05068311920354628,0.054858197033647124,0,0
1820,1,0,0.058676589059023454,0.06294688705664858,0,0
1821,1,0,0.010163039452475011,0.012413274892606399,0,0
1822,4,1,0.5604541008201422,0.5553169749727167,1,1
1823,2,1,0.7055566801259617,0.6971495339978852,1,1
1824,3,0,0.5239235813248637,0.5173787409235021,1,1
1825,5,0,0.46626438767419764,0.461783202294532,1,1
1826,3,0,0.027272136178461477,0.030963601046355073,0,0
1827,2,1,0.4129655513185932,0.41220596529342846,1,1
1828,3,0,0.39311640902006456,0.3904084704158161,0,0
1829,5,1,0.3434188950018783,0.3430010066733822,0,0
1830,2,0,0.004606234263847695,0.0057475807943243706,0,0
1831,1,0,0.6962386849967953,0.6877321927953405,1,1
1832,5,1,0.37644563741042,0.3757093029614424,0,0
1833,4,1,0.2742563781361897,0.2738473287412882,0,0
1834,5,1,0.6469804733850503,0.6359203918263423,1,1
1835,4,0,0.21417696836016428,0.2178968228220116,0,0
1836,2,1,0.28218248858499656,0.28180438602026975,0,0
1837,5,0,0.3093577971893929,0.3130818102128328,0,0
1838,4,1,0.06800307912211993,0.07127855116298043,0,0
1839,3,0,0.030691974803289897,0.03361260155722514,0,0
1840,2,1,0.7758841776100133,0.7655498971351749,1,1
1841,3,0,0.018834277984000367,0.021269237024217267,0,0
1842,3,0,0.016310786090100244,0.018618141747854162,0,0
1843,2,1,0.735199176816585,0.7260380716209955,1,1
1844,5,1,0.657787112970192,0.646014113400142,1,1
1845,4,0,0.45740119318250655,0.45320400728388543,1,1
1846,5,1,0.2022161149232497,0.20435284746363105,0,0
1847,3,0,0.013686623566372368,0.0160968548921342,0,0
1848,2,0,0.01342389074974679,0.015541207169374316,0,0
1849,1,1,0.44492526896948387,0.4403412668602769,1,1
1850,4,0,0.10451480645536645,0.10876829754093456,0,0
1851,4,0,0.4257912157236006,0.4196619612913814,1,1
1852,1,0,0.7017099300875104,0.6917219506698753,1,1
1853,3,0,0.1366022149530511,0.14201552094723577,0,0
1854,4,0,0.06917188434879759,0.07382730115619165,0,0
1855,2,0,0.09012224074553438,0.09625119909629988,0,0
1856,3,0,0.011326299218553793,0.013509769044037556,0,0
1857,1,0,0.2671436606656544,0.2680112262743219,0,0
1858,5,0,0.04868935874870912,0.05322294683119504,0,0
1859,5,0,0.216777668735627,0.2228755424287848,0,0
1860,1,0,0.16171296125620774,0.165763586568677,0,0
1861,1,0,0.004798165399505254,0.006205158101093104,0,0
1862,5,0,0.030446477888735723,0.03314519713137175,0,0
1863,5,0,0.6289723300307318,0.6181647960214913,1,1
1864,2,0,0.017006938027193826,0.019452041480724293,0,0
1865,2,0,0.24564688057456438,0.24543380257274064,0,0
1866,2,1,0.5746389778687906,0.5689413963793181,1,1
1867,4,0,0.26284534706541557,0.2632230042945946,0,0
1868,2,0,0.10374096886244405,0.10766776941960732,0,0
1869,5,0,0.44216035255784775,0.4389302814509034,1,1
1870,4,0,0.4454193029865619,0.4393300662404207,1,1
1871,2,0,0.06352176170435916,0.06898786765778256,0,0
1872,5,0,0.04514478637414446,0.04909638418036292,0,0
1873,3,0,0.028443155687417104,0.031928418304423764,0,0
1874,3,0,0.6193808492136106,0.6117628539446253,1,1
1875,3,0,0.27279496649289,0.27653979944451684,0,0
1876,5,1,0.5182405962129163,0.5073179999018324,1,1
1877,2,1,0.20974627015183006,0.2119911943264834,0,0
1878,5,0,0.0018555566353306208,0.002409522926883412,0,0
1879,3,1,0.7256989242601151,0.7150784115331689,1,1
1880,3,0,0.03634647975853197,0.04030568382554063,0,0
1881,2,0,0.04675555533335733,0.0506447080152284,0,0
1882,1,0,0.43341716311145734,0.43131193896175146,1,1
1883,3,0,0.06110386920514952,0.06671544346905746,0,0
1884,1,0,0.18007514607732147,0.18164875020046237,0,0
1885,1,0,0.0536974532968626,0.05882107086030504,0,0
1886,5,0,0.08206866192169497,0.0874766709273379,0,0
1887,4,0,0.03967103297541007,0.043325681800056734,0,0
1888,1,0,0.02151965242358866,0.02455388042793938,0,0
1889,4,0,0.777868363704323,0.7680426380036979,1,1
1890,3,0,0.009910887573007534,0.011683898894375891,0,0
1891,5,0,0.19837018551062227,0.1986869260387855,0,0
1892,2,0,0.737538610361276,0.7273231872509877,1,1
1893,3,0,0.03670596521653969,0.040872031541788235,0,0
1894,3,0,0.006993831896664767,0.00865790526277287,0,0
1895,5,0,0.1047230419329283,0.11050441160182953,0,0
1896,2,0,0.013136320849790887,0.015363013536118086,0,0
1897,4,0,0.003796760566561223,0.004585860092631818,0,0
1898,2,0,0.12780217234164945,0.13326086727979986,0,0
1899,1,0,0.5629736324361014,0.5558862545205953,1,1
1900,1,0,0.6299382103829954,0.6195926050770586,1,1
1901,2,0,0.48949503813385753,0.48315979172845436,1,1
1902,4,1,0.6597210153289516,0.6529860337329972,1,1
1903,3,0,0.04575387375411086,0.04946752117862365,0,0
1904,4,0,0.056558822039649556,0.05973740205922575,0,0
1905,2,0,0.010709054950083074,0.012561257166126858,0,0
1906,4,0,0.21212547242383092,0.21401279096199266,0,0
1907,2,0,0.03750567123627963,0.04093931338749684,0,0
1908,5,0,0.08872150455212588,0.09374996038640868,0,0
1909,4,1,0.43138202915453544,0.4275977259155666,1,1
1910,3,1,0.45591237189422534,0.44745103679591747,1,1
1911,1,0,0.24573014828233597,0.2452678701554162,0,0
1912,4,0,0.06887782323882746,0.07292686772136901,0,0
1913,1,0,0.3628529048217193,0.360778666763047,0,0
1914,1,0,0.39828002451186817,0.3949896714460534,0,0
1915,3,0,0.37864565174669773,0.3739104344196965,0,0
1916,4,0,0.06349904881914983,0.0676314401103201,0,0
1917,5,0,0.7242046154980835,0.715539040615343,1,1
1918,1,0,0.6043113095157516,0.5961251789624656,1,1
1919,2,0,0.02919198573711682,0.032456095374544844,0,0
1920,3,0,0.10085183781043724,0.10575157172831884,0,0
1921,5,0,0.5886047469295006,0.5852965002202801,1,1
1922,2,0,0.5976040305322422,0.590695379516523,1,1
1923,4,1,0.25190965399439397,0.25360903173253213,0,0
1924,5,0,0.08567312898707102,0.09268666837273205,0,0
1925,1,0,0.44882178867888856,0.44759893492215985,1,1
1926,4,1,0.7828697220588142,0.772765068515959,1,1
1927,5,0,0.48114591871791956,0.47397943025842676,1,1
1928,1,0,0.5326375634134398,0.5218407148118149,1,1
1929,3,0,0.3350779079179606,0.33282233920183335,0,0
1930,2,0,0.25588250053691103,0.2587900971058512,0,0
1931,5,0,0.02332676584756292,0.02638421862881742,0,0
1932,1,0,0.16567943378895073,0.1703183726789042,0,0
1933,5,1,0.6991432070006558,0.6922412624214239,1,1
1934,5,1,0.7624077196264899,0.7511300206519698,1,1
1935,5,1,0.7181267618979476,0.7065358528376556,1,1
1936,1,0,0.004066098804793504,0.005304348714315818,0,0
1937,5,0,0.34812459786362415,0.34533688652392597,0,0
1938,3,0,0.02885294272825897,0.03223278505988374,0,0
1939,3,1,0.035054267043935036,0.03891678918533194,0,0
1940,5,0,0.05232627624999226,0.05604675816191258,0,0
1941,5,1,0.45032827264700004,0.4480671100985078,1,1
1942,2,0,0.42624910525708215,0.42146395065789755,1,1
1943,5,0,0.3849268681668754,0.38087086369896794,0,0
1944,5,0,0.47843299274596934,0.46583746369635454,1,1
1945,5,0,0.3280778438629613,0.3303946385867606,0,0
1946,1,0,0.06180900851248867,0.06707516201783618,0,0
1947,3,0,0.7276115424395209,0.7180209282460619,1,1
1948,4,0,0.0630333359245706,0.06739472059386946,0,0
1949,2,1,0.09660078240661314,0.10197966825651583,0,0
1950,3,0,0.11613316537077116,0.12300273012324263,0,0
1951,2,0,0.3472474552121093,0.3477836737502607,0,0
1952,2,1,0.6433117471414546,0.6318053468144884,1,1
1953,3,1,0.45421978136207947,0.44444617366293765,1,1
1954,3,0,0.03488076284471525,0.039497174195046766,0,0
1955,2,1,0.5529737845966316,0.544510619950051,1,1
1956,2,0,0.023353549108977287,0.02659312721634773,0,0
1957,4,0,0.15735847953483845,0.16023538030890302,0,0
1958,5,0,0.29507421460495126,0.2989517886820633,0,0
1959,4,0,0.31302404046482657,0.31419611395322355,0,0
1960,2,0,0.05724574036024906,0.06173603251315413,0,0
1961,3,0,0.5635513809171874,0.5586974216089601,1,1
1962,5,1,0.780380863999518,0.7718193435212608,1,1
1963,2,0,0.04194872275844154,0.04582403405330045,0,0
1964,4,1,0.6368336077536625,0.6284531865719238,1,1
1965,4,0,0.22471833744464306,0.22755783763593831,0,0
1966,5,1,0.5913592910671145,0.5878014579774448,1,1
1967,4,0,0.6649129271335136,0.6561406033731358,1,1
1968,1,1,0.7114506482112891,0.7020043409768777,1,1
1969,3,0,0.3152132325807129,0.3146825692764114,0,0
1970,2,0,0.04552803475859087,0.04930500121996105,0,0
1971,3,1,0.2856848976814746,0.2860343101282906,0,0
1972,2,1,0.6033825165423273,0.5947585602908717,1,1
1973,2,1,0.6246206138891522,0.6176262648388933,1,1
1974,1,0,0.1821688432153976,0.1866366533105998,0,0
1975,3,0,0.1296277101775768,0.13590021594360102,0,0
1976,4,0,0.21689092306987415,0.21966578414334412,0,0
1977,1,0,0.0034344662636345696,0.004522070186046059,0,0
1978,2,0,0.004988506880124705,0.006220491935141715,0,0
1979,2,0,0.2399938183052648,0.24286356021901762,0,0
1980,1,1,0.7690086486412273,0.7594251770324261,1,1
1981,5,0,0.0031234134709185917,0.003914738829239322,0,0
1982,5,0,0.28130295663906546,0.28903946758145926,0,0
1983,4,1,0.6617738670833101,0.6512480282895898,1,1
1984,2,0,0.03147537764553105,0.03516819514950732,0,0
1985,1,0,0.003972550536403205,0.005232405629196549,0,0
1986,2,1,0.4045983879015926,0.39864349407199895,1,0
1987,2,0,0.007811166483175037,0.009347825773512055,0,0
1988,4,0,0.14040412589919235,0.1436855616759409,0,0
1989,1,0,0.4987503552438332,0.49364827793819843,1,1
1990,5,0,0.03230543505174431,0.03620729774546354,0,0
1991,5,0,0.012163110475745833,0.014133528857587804,0,0
1992,1,0,0.5318085286134459,0.5271719444352179,1,1
1993,3,0,0.3375280023218831,0.3370212140793427,0,0
1994,2,1,0.38860042637711845,0.38087741201557457,0,0
1995,4,0,0.006750511855700226,0.008029295027582876,0,0
1996,3,0,0.5474425893493388,0.5408111627758089,1,1
1997,3,1,0.27959776197736785,0.28031403983837694,0,0
1998,5,0,0.10144667988747227,0.10468703111785246,0,0
1999,3,1,0.6389842753547476,0.6317310299269276,1,1
2000,5,0,0.36310291767484915,0.36294162503275523,0,0
2001,4,0,0.0959969984391063,0.10046939709317967,0,0
2002,3,1,0.4706235704286062,0.46761733301159475,1,1
2003,1,0,0.7422745573558621,0.731754221098653,1,1
2004,2,1,0.3817490158827431,0.37907621661518787,0,0
2005,4,0,0.03557485712932053,0.039058911055911284,0,0
2006,5,0,0.15960723780450067,0.1629166708675734,0,0
2007,2,0,0.18842236943525847,0.19352164924784865,0,0
2008,3,0,0.025898850497915495,0.029556691978080758,0,0
2009,3,0,0.045602578363209606,0.05009193928521649,0,0
2010,3,0,0.001691577031261178,0.0023454166140235697,0,0
2011,3,0,0.010669846497086083,0.013121631947177425,0,0
2012,2,1,0.5926756699230844,0.5867173301891029,1,1
2013,2,0,0.024793171669977666,0.028051639983339767,0,0
2014,5,0,0.0031655185394938285,0.0039919337978543915,0,0
2015,1,0,0.004371759785362183,0.005733235536118652,0,0
2016,1,0,0.09524429677784325,0.10094372061846428,0,0
2017,4,0,0.005494735704244305,0.006609918622787656,0,0
2018,5,1,0.7023509032859889,0.697303352944952,1,1
2019,2,0,0.17493561345168618,0.17901344228563637,0,0
2020,2,0,0.08647699744978503,0.09143507592862705,0,0
2021,1,0,0.0028672876989270643,0.0038211325648044928,0,0
2022,4,1,0.6185504752740727,0.6102682827454209,1,1
2023,1,0,0.06521415250108746,0.06968221965895853,0,0
2024,1,0,0.7749058005510755,0.764912111818451,1,1
2025,2,0,0.023447526007222688,0.02648956368398832,0,0
2026,5,1,0.4649500090034582,0.45951943803380313,1,1
2027,1,0,0.06650324014439278,0.07138499504717849,0,0
2028,5,0,0.005326718895580334,0.00641836124741537,0,0
2029,4,0,0.002599027179019875,0.003203634416455699,0,0
2030,2,0,0.029348999198335807,0.032975590921379784,0,0
2031,2,1,0.19885276805610969,0.20181211610868618,0,0
2032,3,1,0.7763903060481699,0.76515898053267,1,1
2033,5,1,0.6542317125718726,0.6436329304488312,1,1
2034,2,1,0.04251201931289902,0.046797741716485326,0,0
2035,2,0,0.00472990187100297,0.005872572031528019,0,0
2036,4,0,0.2040466657373886,0.20623258426461571,0,0
2037,5,0,0.07327524195936143,0.07567448290200725,0,0
2038,3,0,0.01887859804946681,0.021375112961890614,0,0
2039,3,1,0.04895135574026354,0.05360208169676693,0,0
2040,5,0,0.0381771267550647,0.042021225348257446,0,0
2041,4,0,0.07755975397649197,0.08293489426427895,0,0
2042,4,0,0.004639319813481976,0.005547808210689938,0,0
2043,3,0,0.05897953993136264,0.06288154673895506,0,0
2044,5,0,0.013530988703888594,0.015954583408758986,0,0
2045,4,0,0.08025762372210378,0.08503015905492395,0,0
2046,1,0,0.2812029343710024,0.283392140745506,0,0
2047,5,0,0.19326545212378066,0.1960274099567892,0,0
2048,3,0,0.009030490842898123,0.010842498816116783,0,0
2049,5,0,0.570674652754897,0.5659437373780848,1,1
2050,4,0,0.21118155977037587,0.21329248774978385,0,0
2051,3,0,0.1343325189372027,0.13853922788806422,0,0
2052,1,0,0.024710485042139418,0.02867402572959581,0,0
2053,1,0,0.2558723904637896,0.25673572172823256,0,0
2054,3,0,0.23059442161357224,0.2354442650108613,0,0
2055,1,0,0.3555186130634322,0.35513217726611807,0,0
2056,3,0,0.014821173740232578,0.01767949691832804,0,0
2057,3,0,0.08618791800035948,0.09031260791225718,0,0
2058,2,1,0.34933514021294165,0.3477316733679989,0,0
2059,2,0,0.036176113949617256,0.03986563420035176,0,0
2060,4,0,0.015651555914814857,0.017615514841106315,0,0
2061,4,1,0.4998311526351174,0.49547615232549236,1,1
2062,3,1,0.2199608719451685,0.22505905701017154,0,0
2063,4,0,0.05118254945007243,0.0551261979080675,0,0
2064,5,0,0.013228655784811761,0.014795517199013588,0,0
2065,5,1,0.3684378826580944,0.36302899468634325,0,0
2066,3,0,0.026103246237071505,0.029673619522282434,0,0
2067,5,1,0.5733772627157614,0.5700634127691341,1,1
2068,2,0,0.13046150524347166,0.1362159218928455,0,0
2069,5,0,0.0033446196127418074,0.004165199158087736,0,0
2070,5,1,0.4810282678793709,0.47780459139966264,1,1
2071,3,1,0.5284978946496501,0.5177475627599116,1,1
2072,2,0,0.23253260260072825,0.2326758328239999,0,0
2073,5,1,0.8384585267413649,0.8303776394059245,1,1
2074,2,0,0.007720122946868848,0.0092894683038988,0,0
2075,1,0,0.14056752654048682,0.14483175002824156,0,0
2076,4,0,0.6833167715933733,0.6750485216519746,1,1
2077,5,0,0.010888443421936277,0.01284719505296086,0,0
2078,2,0,0.025821600544915283,0.029067838943230867,0,0
2079,4,1,0.7576147514095861,0.7485102320424822,1,1
2080,1,0,0.3587321654379516,0.35273039936425576,0,0
2081,5,0,0.11758265876712326,0.12256865088748334,0,0
2082,5,0,0.0030789427178382414,0.003842154857956135,0,0
2083,3,0,0.09093022705070199,0.09468531065563651,0,0
2084,4,0,0.11539726320446556,0.12008256355155789,0,0
2085,3,0,0.16531872503759784,0.16766190645645696,0,0
2086,1,0,0.6525108708958486,0.6430561764363667,1,1
2087,4,0,0.1714068427662143,0.174043356863997,0,0
2088,4,0,0.08899159955197795,0.09285945737224732,0,0
2089,1,0,0.45349078991646297,0.4483416190813996,1,1
2090,4,1,0.7187491500637161,0.7094562989481008,1,1
2091,3,1,0.3913568146199389,0.3891644037923633,0,0
2092,3,1,0.38870962901868167,0.38383551611842304,0,0
2093,1,1,0.09767810127432497,0.10290756448994205,0,0
2094,1,0,0.2905010110730464,0.293813067861619,0,0
2095,1,1,0.6361757706482444,0.6287469401271167,1,1
2096,5,1,0.06788453596584629,0.07321468436281639,0,0
2097,2,0,0.01705881807853497,0.019601786720740116,0,0
2098,1,0,0.04148359947617018,0.04600814131303641,0,0
2099,2,1,0.5403532143525799,0.5345245956642355,1,1
2100,3,0,0.23113447632886625,0.23631616471141417,0,0
2101,3,0,0.014999364954125084,0.017404072369811893,0,0
2102,5,0,0.18060541883716705,0.1847372835047927,0,0
2103,3,0,0.17808934592747616,0.18381229899949306,0,0
2104,2,0,0.22926190269164662,0.2324257604717098,0,0
2105,5,0,0.03583257510557386,0.04067633524807653,0,0
2106,4,0,0.024858610138381178,0.027687025269760503,0,0
2107,5,0,0.4324294864701463,0.43859569768472495,1,1
2108,4,1,0.5627563269091471,0.5577518663077895,1,1
2109,1,0,0.041651486692690656,0.04607548273122719,0,0
2110,4,1,0.7823489592422085,0.7720757868083867,1,1
2111,1,0,0.02091317309279946,0.024538756509912586,0,0
2112,3,0,0.08368178564734804,0.08798015782696489,0,0
2113,5,1,0.7066117493865023,0.6992820912162305,1,1
2114,3,0,0.020220460304600126,0.023071227037649918,0,0
2115,4,0,0.18247477273452203,0.18702110549263878,0,0
2116,3,1,0.3799085192278833,0.37834746695033616,0,0
2117,1,1,0.5940570982672297,0.5843500841337468,1,1
2118,5,1,0.312955711524445,0.3190708306182192,0,0
2119,3,0,0.22342646192605983,0.2253186909808229,0,0
2120,1,0,0.026611927211772943,0.030357623840435943,0,0
2121,5,0,0.23396979033663065,0.2354714522751821,0,0
2122,5,0,0.19466339080690667,0.2002275884254249,0,0
2123,3,0,0.003387989997511682,0.00438125420584345,0,0
2124,3,0,0.4673189959646201,0.4648862699007813,1,1
2125,2,1,0.6408521936554942,0.6314196371109874,1,1
2126,3,1,0.7941177112215937,0.7841936049309159,1,1
2127,1,1,0.5111008121554983,0.5070748542119634,1,1
2128,2,0,0.0798126229200219,0.08506706542148201,0,0
2129,2,0,0.2918110322977529,0.2943755323185872,0,0
2130,2,0,0.02669984234606396,0.029961328158630222,0,0
2131,3,0,0.018799855668350626,0.02136563684033323,0,0
2132,2,1,0.7021091106662519,0.6903475013845546,1,1
2133,4,0,0.09374486223439528,0.09832765210491286,0,0
2134,4,0,0.20640467454336256,0.2084227339067981,0,0
2135,2,0,0.04392251013374191,0.047881909783548,0,0
2136,1,1,0.1481695722835641,0.15141876432657073,0,0
2137,3,1,0.5945105978744333,0.5862873253221462,1,1
2138,1,0,0.11823418653229831,0.12327469921393738,0,0
2139,4,0,0.3005725021166959,0.30076957806722276,0,0
2140,2,0,0.035226294947978916,0.039117403932256156,0,0
2141,1,1,0.5501644596356537,0.5419455053411588,1,1
2142,2,0,0.17811762665220826,0.18187653405953869,0,0
2143,3,0,0.005803731931330808,0.007288467289303416,0,0
2144,2,0,0.03157594554057712,0.03529009455761835,0,0
2145,4,1,0.6083427016673478,0.6022253045270864,1,1
2146,4,0,0.037903270858553696,0.04158058742498487,0,0
2147,1,1,0.7621117457650752,0.7508831381255542,1,1
2148,5,0,0.007367820935200051,0.008702524606458765,0,0
2149,2,1,0.42817266606693766,0.42488424796529367,1,1
2150,3,0,0.15022902635454577,0.1529329945712326,0,0
2151,1,0,0.034781312460066764,0.038880585577796514,0,0
2152,1,1,0.6171785904005304,0.6097591805499606,1,1
2153,4,0,0.4243282109588074,0.42136929878978285,1,1
2154,5,1,0.7294360493344288,0.723582117424051,1,1
2155,2,0,0.05212634160841202,0.056486472024253234,0,0
2156,5,1,0.5791413444951142,0.5727934449809885,1,1
2157,4,0,0.2644006592507329,0.26655691546983074,0,0
2158,5,0,0.002250390190418475,0.0029230727251205978,0,0
2159,5,0,0.11330672047811945,0.11679937879299722,0,0
2160,3,0,0.04383361806469853,0.047683760012619494,0,0
2161,3,0,0.0042237552163829255,0.005272009053211775,0,0
2162,1,0,0.17929266313301648,0.18245229672259775,0,0
2163,5,0,0.5237402220123354,0.5166119720651567,1,1
2164,4,0,0.25343588076236645,0.2548582486446799,0,0
2165,1,0,0.004480905782277231,0.005752217612804851,0,0
2166,1,0,0.490445169758765,0.48420337661754703,1,1
2167,4,1,0.48039605895156107,0.47721787269611937,1,1
2168,2,0,0.03872949480990877,0.04298191067115265,0,0
2169,3,0,0.0022808926774211926,0.0030623348801838888,0,0
2170,1,1,0.6204337571628252,0.6123361421667491,1,1
2171,4,1,0.7013811934667649,0.6929565134209916,1,1
2172,1,1,0.6834312912008222,0.6752278416377624,1,1
2173,5,0,0.3114646693545143,0.31587145458339777,0,0
2174,1,0,0.04245291776802657,0.04697543401717504,0,0
2175,4,1,0.2757057114860807,0.2753539744096535,0,0
2176,1,0,0.2354310486684185,0.2382450304720209,0,0
2177,2,0,0.09548352376422647,0.10087448182596499,0,0
2178,2,0,0.22928120941980493,0.23299212294228075,0,0
2179,4,0,0.010251909438575008,0.011944071470523399,0,0
2180,3,0,0.007961082071606776,0.009666006396536104,0,0
2181,2,0,0.016931083239237373,0.01939537112026895,0,0
2182,1,1,0.40570093066151774,0.405173463538552,1,1
2183,2,1,0.6890375973386723,0.6789153897111353,1,1
2184,4,0,0.006749950068470255,0.008206490019468134,0,0
2185,2,0,0.5739715685757518,0.5635727672284387,1,1
2186,4,0,0.01780468148390227,0.02013324712998628,0,0
2187,1,1,0.7468591596887073,0.7347159816673455,1,1
2188,2,0,0.22084363726290415,0.2227933513930341,0,0
2189,3,0,0.16717388004537848,0.17014049837322748,0,0
2190,2,0,0.4805671087125832,0.4772854968230426,1,1
2191,1,0,0.11714683965553506,0.12194563632846363,0,0
2192,4,0,0.28235646036762313,0.28111938634824535,0,0
2193,5,0,0.2847883185877687,0.2852435759579025,0,0
2194,4,0,0.17490512491190774,0.17767831497030673,0,0
2195,5,0,0.024370304759677896,0.027267250374602776,0,0
2196,3,0,0.15445753500788323,0.15703583434249963,0,0
2197,3,1,0.36726991121443536,0.3656565082634896,0,0
2198,2,1,0.762751199332104,0.7520559311529582,1,1
2199,2,0,0.052395902275374565,0.05658902821097693,0,0
2200,4,1,0.7894210699820733,0.7797038061601929,1,1
2201,5,0,0.012192474789059183,0.013982904873780514,0,0
2202,4,0,0.21868322176262342,0.22095774469893556,0,0
2203,4,1,0.7070319183838828,0.696881197111018,1,1
2204,4,0,0.10779588696391613,0.11267889860016651,0,0
2205,1,0,0.1352269355821631,0.1403879156815947,0,0
2206,3,0,0.2851005237775876,0.28693686788655665,0,0
2207,3,1,0.08980273731610668,0.09431422643680397,0,0
2208,4,0,0.31207075255690747,0.3134796414574239,0,0
2209,4,0,0.052473898217903804,0.05641626382027186,0,0
2210,2,1,0.19862277757801722,0.20203108200311354,0,0
2211,2,0,0.04390199321200786,0.04833076611945941,0,0
2212,2,0,0.17143125035708828,0.17542754220636048,0,0
2213,2,0,0.20271583265600077,0.20408036674344662,0,0
2214,3,0,0.04697865988324898,0.05209866851589946,0,0
2215,5,0,0.10439789187462173,0.11226512184456265,0,0
2216,5,0,0.1619033575412887,0.16442123903732328,0,0
2217,3,0,0.06343515403035883,0.06842080974864578,0,0
2218,5,1,0.11089651262899815,0.11396336557241815,0,0
2219,3,1,0.7058378012419233,0.693822257973862,1,1
2220,4,0,0.22099608769470722,0.22323356348287798,0,0
2221,4,0,0.008451897681544595,0.009738994311700477,0,0
2222,1,0,0.3036359039403935,0.3032470683771221,0,0
2223,2,0,0.2730587591680967,0.27601578951485595,0,0
2224,1,1,0.05674927927592662,0.06184673515675494,0,0
2225,1,1,0.4800183186468979,0.47521353688604406,1,1
2226,2,0,0.31477644169399377,0.316939257070022,0,0
2227,2,1,0.7468904286684418,0.7366326215012413,1,1
2228,3,1,0.04342506302861207,0.047654127744305316,0,0
2229,3,0,0.5594227136375689,0.5516535945246301,1,1
2230,4,0,0.039285010411797446,0.04264915981208637,0,0
2231,2,0,0.3812318051176327,0.37825116843149925,0,0
2232,5,1,0.5877716453071845,0.5857516098030154,1,1
2233,1,0,0.04243067474244397,0.04737266790289196,0,0
2234,2,0,0.002834684351181153,0.0036107312440974296,0,0
2235,5,1,0.13606134321740673,0.1413657682347153,0,0
2236,3,0,0.02657674229575412,0.030336002655483287,0,0
2237,3,0,0.2923096534969897,0.29345303243782167,0,0
2238,4,0,0.6933774646036336,0.6853172074106519,1,1
2239,1,0,0.13283060950859832,0.13837773245396864,0,0
2240,2,1,0.7042505323439476,0.6943561460587889,1,1
2241,4,0,0.26181673274680145,0.26193796836713934,0,0
2242,4,1,0.8095931847936488,0.8002521145104208,1,1
2243,1,1,0.7121196127926696,0.7025680473159556,1,1
2244,2,0,0.007681162028608003,0.009316261154107807,0,0
2245,2,0,0.07565300796869114,0.08036642936858276,0,0
2246,4,1,0.5732674330234964,0.5664245304778056,1,1
2247,1,0,0.008445743674569095,0.010423962850892286,0,0
2248,3,0,0.006266299415214461,0.0076058823821925775,0,0
2249,3,0,0.06836001529299723,0.07300881042908831,0,0
2250,4,0,0.5904765214616028,0.5849955696085024,1,1
2251,3,0,0.13159535849266527,0.13425705577215014,0,0
2252,3,0,0.006851487734246072,0.008502515866275536,0,0
2253,5,0,0.0036068746144582013,0.0045559948730547785,0,0
2254,5,0,0.009278961021628437,0.011067662869047236,0,0
2255,1,1,0.5476157492938888,0.5455938964809666,1,1
2256,5,0,0.094609432498398,0.09840008331559905,0,0
2257,1,0,0.007894081938369683,0.00980271269742985,0,0
2258,5,1,0.2815011173836274,0.283282151987817,0,0
2259,1,0,0.30022439682817303,0.3013601040681563,0,0
2260,1,1,0.7812886665506488,0.7697292172030133,1,1
2261,4,1,0.07283774002710325,0.07727295158311692,0,0
2262,1,0,0.011091817834015824,0.01349485243895614,0,0
2263,4,0,0.004522883071747982,0.005464984987153312,0,0
2264,3,0,0.2436535033157404,0.2478090580003211,0,0
2265,4,0,0.2031921089055522,0.20576417598332242,0,0
2266,2,0,0.39460108304838815,0.3934734600281405,0,0
2267,4,0,0.06937994482344474,0.07418058281273066,0,0
2268,2,1,0.6460586280617797,0.6371908534104277,1,1
2269,4,0,0.065732865736848,0.06983198671477367,0,0
2270,5,0,0.00968914594831965,0.011379381655828223,0,0
2271,1,0,0.010884079913708425,0.013206594543696295,0,0
2272,1,0,0.021322249575294598,0.02441512807201325,0,0
2273,2,0,0.010111093858640978,0.011997327152018442,0,0
2274,5,0,0.00784551571806999,0.009341373344558136,0,0
2275,1,0,0.15436063294421173,0.15844659345331813,0,0
2276,5,0,0.5511156505751463,0.5412214773660149,1,1
2277,4,0,0.3458825330236471,0.34476631273424857,0,0
2278,1,0,0.002860122915480226,0.003817960636980239,0,0
2279,3,0,0.5659712352759946,0.5605579372494337,1,1
2280,1,0,0.3766835122804094,0.37629682764450745,0,0
2281,5,0,0.0700710533591134,0.07416304622998543,0,0
2282,4,0,0.14688729689425448,0.15059128420629236,0,0
2283,1,0,0.4359513064068773,0.4316484208004339,1,1
2284,4,0,0.016428754117571238,0.018504982514548074,0,0
2285,1,0,0.013304985899987827,0.0156500361617797,0,0
2286,2,0,0.13522248098868295,0.14083958450362705,0,0
2287,2,0,0.007626533922122112,0.009137678847302568,0,0
2288,4,0,0.588150531157952,0.5813321632348456,1,1
2289,1,0,0.015698703564612504,0.018371728873990804,0,0
2290,3,0,0.1692230922295139,0.1745337468785945,0,0
2291,3,0,0.01779183680250625,0.020163621920586062,0,0
2292,4,1,0.6634058533619475,0.6542102145517026,1,1
2293,2,0,0.3834913669856046,0.38122023151091167,0,0
2294,1,0,0.3653874930455161,0.36589431404593287,0,0
2295,2,0,0.04693462958970482,0.051171026670784533,0,0
2296,4,0,0.051013865327563496,0.05495995761173966,0,0
2297,2,0,0.5127180086429312,0.5080061981154665,1,1
2298,5,1,0.7697983645233315,0.7586407266496428,1,1
2299,5,0,0.11707398452684421,0.1173308957243501,0,0
2300,2,1,0.7165634150781561,0.7067576136041966,1,1
2301,3,0,0.012777058519448763,0.015213176967206112,0,0
2302,5,1,0.643678394784785,0.6331251707510762,1,1
2303,2,0,0.003662849403275957,0.004572312887053968,0,0
2304,3,1,0.36278309146332777,0.3569065885989071,0,0
2305,5,0,0.5156496128592141,0.5006739650940611,1,1
2306,1,1,0.3621958097730577,0.3565586761227816,0,0
2307,1,0,0.6015896487243741,0.5899850620904752,1,1
2308,3,0,0.00192298621511802,0.002596799130996546,0,0
2309,4,0,0.013277484327774081,0.01512934303367566,0,0
2310,2,1,0.6466111782097274,0.6374403997252494,1,1
2311,2,0,0.023589151230401933,0.02698617827600191,0,0
2312,1,1,0.15777044247030692,0.16104381350428962,0,0
2313,5,1,0.7603356159583662,0.7516770353990525,1,1
2314,3,0,0.1978515064649749,0.20103098617254728,0,0
2315,3,1,0.024987345432626692,0.0282803203001336,0,0
2316,4,0,0.033496349945887606,0.03706565144954053,0,0
2317,4,0,0.14231680473103764,0.146890490119503,0,0
2318,5,0,0.13215801184083925,0.14214684517311346,0,0
2319,5,0,0.007585220073836815,0.009166573748204593,0,0
2320,5,1,0.6875349725951097,0.6798228738172197,1,1
2321,5,0,0.06006228512080044,0.06380530233980777,0,0
2322,2,0,0.24352875658255813,0.24605460949797014,0,0
2323,5,1,0.3512450841509326,0.34904390775417926,0,0
2324,2,0,0.2372845007848568,0.24123306763439958,0,0
2325,5,0,0.28169666005951677,0.2875174950916222,0,0
2326,5,1,0.5844442522508833,0.5818574306584117,1,1
2327,5,1,0.6623361107474394,0.6552874570067035,1,1
2328,4,0,0.5528411226380964,0.5437757898619007,1,1
2329,4,0,0.026464140805209035,0.029211129159287315,0,0
2330,1,0,0.16948719241949514,0.17404320082972052,0,0
2331,2,0,0.011142156366296743,0.012968016640461103,0,0
2332,4,0,0.1031799016607079,0.10757827524949733,0,0
2333,1,0,0.0017411678384787375,0.0024135738259029767,0,0
2334,1,0,0.4627583372826094,0.45413014859648576,1,1
2335,1,1,0.40810890793755583,0.40432211104920623,1,1
2336,4,1,0.608346368470288,0.6008550003098116,1,1
2337,4,0,0.10626713845494597,0.11096668680519284,0,0
2338,2,0,0.07476592122513581,0.07923608907168918,0,0
2339,2,0,0.70064116132545,0.6907961381406026,1,1
2340,1,0,0.018431534293645926,0.021325301935284105,0,0
2341,4,0,0.033806624779085546,0.03713050046156689,0,0
2342,1,0,0.012113853195410825,0.01470787348735857,0,0
2343,5,0,0.5106095391383169,0.49925848051093225,1,1
2344,2,0,0.14706148712951983,0.1527663115681902,0,0
2345,2,0,0.004213723063696,0.005271105245859298,0,0
2346,4,0,0.10907847738816898,0.11251494533415951,0,0
2347,1,0,0.4414970540525888,0.436257907317467,1,1
2348,1,0,0.1701854476665413,0.1725074338961451,0,0
2349,3,1,0.36772678572348566,0.3693023042495159,0,0
2350,5,1,0.22504317028829185,0.23101929636464194,0,0
2351,2,0,0.01079219756726056,0.012752613785420867,0,0
2352,4,0,0.02274525851154451,0.025570723953720335,0,0
2353,5,0,0.3260358249007303,0.32168065743502555,0,0
2354,5,0,0.47823470689648595,0.47118426849629313,1,1
2355,1,0,0.2751811652403222,0.27765270602607717,0,0
2356,2,0,0.22978101872937182,0.23169209608551125,0,0
2357,4,0,0.32760669114535257,0.32664948719085285,0,0
2358,5,0,0.0969511411419462,0.10391416449258713,0,0
2359,4,0,0.08275113274633296,0.08672585999396905,0,0
2360,2,1,0.5760122571779056,0.5652655028394451,1,1
2361,4,1,0.5762782384311992,0.5707783776269444,1,1
2362,3,0,0.223464675697299,0.22529117763230042,0,0
2363,4,0,0.33190579296469747,0.33414540052541086,0,0
2364,3,1,0.6366219742810284,0.6284262676085436,1,1
2365,2,0,0.2391945802553333,0.2433408228802138,0,0
2366,2,1,0.40599679846337394,0.4040169106540058,1,1
2367,5,0,0.03710194216652451,0.04056489354609804,0,0
2368,2,0,0.11350614704953048,0.11926076849663936,0,0
2369,5,1,0.21421804341108192,0.21712847903128824,0,0
2370,2,0,0.6149993868598552,0.6063112505626146,1,1
2371,5,0,0.06903547023310028,0.07394559589857143,0,0
2372,3,0,0.6329135167643232,0.6243900977895136,1,1
2373,5,0,0.05811756153453974,0.06174518781426604,0,0
2374,3,1,0.582847832712591,0.5768659968102048,1,1
2375,3,0,0.014908832744875875,0.0170350861098583,0,0
2376,3,0,0.009265371052404488,0.01111649782743701,0,0
2377,4,1,0.2810521359377607,0.2799523557583815,0,0
2378,3,1,0.44480829370179337,0.43980850100291213,1,1
2379,5,0,0.24105302760998734,0.24344800699373206,0,0
2380,1,0,0.39975004409552034,0.4016428841524869,0,1
2381,4,0,0.044752131446190224,0.04866183203888387,0,0
2382,4,0,0.004756015267974694,0.005708773838101365,0,0
2383,1,0,0.0018074655263014996,0.0024813037446668037,0,0
2384,4,0,0.014330773112368063,0.016398628465694794,0,0
2385,3,0,0.010745220720133479,0.012422943719232754,0,0
2386,2,0,0.12100785834021309,0.127748531469468,0,0
2387,1,0,0.04694875143197989,0.051843475103357586,0,0
2388,2,0,0.011423560059094022,0.01341597992054212,0,0
2389,2,0,0.08155421317703125,0.0861744220342644,0,0
2390,2,0,0.19331333338364798,0.1964239792977947,0,0
2391,1,1,0.5014486003528321,0.4927013266270336,1,1
2392,1,0,0.3407727974929744,0.3433684832753875,0,0
2393,2,0,0.010534788998200276,0.012469216649399286,0,0
2394,5,0,0.2417276447911487,0.2442452229271644,0,0
2395,4,0,0.6760375291485197,0.6674080011394183,1,1
2396,2,0,0.07878438182196193,0.08354958818234173,0,0
2397,2,1,0.7300741665230623,0.7195454878433565,1,1
2398,4,0,0.1641600480832712,0.16754298157698616,0,0
2399,5,0,0.09952217664163727,0.10320950356350098,0,0
2400,4,1,0.44761223795493965,0.4457956353440064,1,1
2401,5,1,0.6024082816599978,0.5987225712525621,1,1
2402,5,0,0.09888963256851688,0.10363736625191369,0,0
2403,1,1,0.6818144008428927,0.6727073367018772,1,1
2404,2,1,0.3994220484727939,0.3975188915935712,0,0
2405,4,0,0.08319356696504406,0.08771883378556757,0,0
2406,1,0,0.23686509393662628,0.23936385729748183,0,0
2407,2,0,0.033671662354874676,0.037383115419460634,0,0
2408,2,0,0.01255559850996858,0.014734987767853846,0,0
2409,1,0,0.25900439216060395,0.2637074088058816,0,0
2410,1,0,0.5031090705905382,0.4979273378098621,1,1
2411,2,0,0.018100248463638835,0.020610954405822005,0,0
2412,2,1,0.5514455597652084,0.5443567229296556,1,1
2413,4,1,0.1466103179131954,0.1506513104032766,0,0
2414,2,0,0.045837667494135044,0.05010473833418089,0,0
2415,4,0,0.1903545860767084,0.19299739121140677,0,0
2416,1,0,0.00957492287775926,0.01140939289143918,0,0
2417,1,0,0.10090170042285693,0.1053833078195118,0,0
2418,5,0,0.00326432283525052,0.004030483450563044,0,0
2419,2,1,0.7022823624557137,0.692278320629368,1,1
2420,2,0,0.18091049782719618,0.18573093256286963,0,0
2421,3,1,0.2756745639794049,0.27845482260773863,0,0
2422,1,1,0.17438398383209053,0.17877029196855462,0,0
2423,4,1,0.7511719750067043,0.7417106605247408,1,1
2424,2,0,0.031239235258776834,0.03492085875514116,0,0
2425,2,0,0.07168127390404458,0.0764135599333681,0,0
2426,1,1,0.7466366866389722,0.736039261949169,1,1
2427,4,0,0.5218015884402641,0.515246040188164,1,1
2428,2,0,0.023003977515583553,0.025900664560488562,0,0
2429,1,0,0.43939981167315595,0.4355926352962672,1,1
2430,4,1,0.6390277154859348,0.629004520491014,1,1
2431,2,1,0.43396838242924635,0.43122531077323495,1,1
2432,3,0,0.1790899557367342,0.18025151889652163,0,0
2433,4,1,0.3106694834156385,0.3077930038266391,0,0
2434,5,0,0.43568615842751546,0.4329990851244845,1,1
2435,4,0,0.010023501303324713,0.011653557554053052,0,0
2436,1,0,0.13709628238855778,0.1427689166559824,0,0
2437,3,0,0.13582245587542266,0.13875564577499414,0,0
2438,5,1,0.2048751719064179,0.2081108212466943,0,0
2439,4,0,0.021782518460670735,0.024240889927243707,0,0
2440,5,1,0.1749678299048923,0.18051823060330796,0,0
2441,5,1,0.6988812407463317,0.6862607442874714,1,1
2442,3,0,0.6002358583900058,0.5909255428298522,1,1
2443,1,0,0.5526526442012866,0.5458170261606601,1,1
2444,1,0,0.44777804755249107,0.4455171498128857,1,1
2445,2,0,0.6347064031638573,0.6269219355395146,1,1
2446,2,1,0.6863073401872446,0.6765470262246764,1,1
2447,4,0,0.1618320026683509,0.16543356152162997,0,0
2448,1,0,0.1585101359397766,0.1635775570285865,0,0
2449,4,0,0.31006729528702737,0.31157874742879776,0,0
2450,1,0,0.025140136687327844,0.028713261829251886,0,0
2451,3,0,0.11475775994267012,0.11948786294443221,0,0
2452,4,1,0.3067660696734145,0.30779008633111515,0,0
2453,4,0,0.018989134890010664,0.021495091270753365,0,0
2454,5,1,0.8107555331900517,0.800277553460778,1,1
2455,4,0,0.4808635265205184,0.47534801016560735,1,1
2456,3,0,0.02447561771238927,0.02769182973072622,0,0
2457,1,0,0.007213261662877898,0.008985486328382006,0,0
2458,1,0,0.10007479185466855,0.10591252921371201,0,0
2459,2,1,0.7330580512035755,0.722300358490845,1,1
2460,1,1,0.7600453619228905,0.7509982598062026,1,1
2461,3,1,0.46402393039659895,0.4603131606784105,1,1
2462,3,0,0.11006670220062748,0.11434185782311732,0,0
2463,5,1,0.5631910928928003,0.5550451264295359,1,1
2464,3,0,0.0648403307127745,0.06947687692764311,0,0
2465,5,0,0.08519854177275167,0.09336200584510092,0,0
2466,3,0,0.6038233093782801,0.5960889540706094,1,1
2467,4,0,0.02134470567289846,0.023885086053406307,0,0
2468,1,1,0.30738406879595603,0.30837071298556046,0,0
2469,5,0,0.28994391654807466,0.29253203967864294,0,0
2470,5,1,0.2506885780010461,0.25487391706307894,0,0
2471,1,1,0.3283658537002846,0.32790018062210446,0,0
2472,2,0,0.7067291099586678,0.6964801426794456,1,1
2473,5,0,0.1360575023557819,0.1413257368177409,0,0
2474,3,0,0.005319882036339317,0.006728475529560604,0,0
2475,1,0,0.05691716610415219,0.060968001722909046,0,0
2476,2,0,0.009315152533172522,0.011222197293000434,0,0
2477,5,0,0.18088235606275954,0.1849378629934606,0,0
2478,3,0,0.04863152775691085,0.05236642837766967,0,0
2479,5,0,0.6430918165615485,0.6323586754902146,1,1
2480,3,0,0.3422444619587738,0.34118078297430227,0,0
2481,2,1,0.6226274424025534,0.6150230742798717,1,1
2482,5,0,0.12766404106676363,0.1354300795325917,0,0
2483,4,0,0.14046375536436342,0.14321141915269484,0,0
2484,5,0,0.013955060142069037,0.016437972211826322,0,0
2485,5,1,0.49870408467950844,0.49302153572476104,1,1
2486,3,0,0.003496390555241221,0.004582068155718915,0,0
2487,5,0,0.004222008898774444,0.005398867136899206,0,0
2488,1,0,0.5251405656079872,0.520177830751499,1,1
2489,4,0,0.008205899348050126,0.009630990854059935,0,0
2490,5,0,0.09595033345531276,0.10181782939919368,0,0
2491,5,0,0.13194868598612622,0.13428090817400765,0,0
2492,3,0,0.10113028035691857,0.10555029158108997,0,0
2493,5,0,0.08185836300289695,0.08740139463188737,0,0
2494,4,0,0.009315883877311769,0.010929451254757364,0,0
2495,2,0,0.5627071744342144,0.5580063150174192,1,1
2496,5,0,0.030883263131144707,0.03421736245989747,0,0
2497,4,0,0.04076901595206359,0.04428511049947402,0,0
2498,3,1,0.5417750456631055,0.5348452029589821,1,1
2499,2,1,0.567528815375514,0.5608306169199526,1,1
2500,3,0,0.21031314445180227,0.21081731072463694,0,0
2501,4,1,0.5213837584949351,0.5159390801235688,1,1
2502,5,1,0.41008588193609136,0.4028236854931757,1,1
2503,2,0,0.5278423537674117,0.5225305953621703,1,1
2504,5,1,0.5416424689521279,0.5392989252495184,1,1
2505,4,1,0.21901775969544685,0.2208264024788992,0,0
2506,1,0,0.3610195906838959,0.36354361134805896,0,0
2507,3,0,0.15656520208627522,0.16080998167167257,0,0
2508,5,1,0.6167902731755586,0.6011593561239754,1,1
2509,4,1,0.4790315424219012,0.47749378819135924,1,1
2510,4,0,0.5657288041928096,0.5591992737250229,1,1
2511,3,0,0.1450064810636262,0.15065442945950033,0,0
2512,5,0,0.24757935935846415,0.25360018697823733,0,0
2513,5,0,0.386579504762147,0.38410251729817285,0,0
2514,1,0,0.19746927362868502,0.20074604150893802,0,0
2515,4,0,0.2656989742495422,0.26742111216198267,0,0
2516,4,0,0.6045223099406678,0.5960740954196668,1,1
2517,5,0,0.024902250756128248,0.02845323337428276,0,0
2518,5,1,0.2827819684129216,0.28487525837346706,0,0
2519,3,1,0.22928960859330622,0.23451003750993205,0,0
2520,5,0,0.8321397029351849,0.8234573925083064,1,1
2521,2,0,0.004959060292028188,0.0060457578863357606,0,0
2522,2,0,0.06101843903463415,0.06569790125528724,0,0
2523,4,0,0.44957926603920345,0.4447697186615082,1,1
2524,5,0,0.5728159479639591,0.5611607952367331,1,1
2525,3,0,0.21040867199802427,0.21287818022223717,0,0
2526,3,0,0.009483889609524258,0.011266021444539618,0,0
2527,1,0,0.01232606413036072,0.014882813531203604,0,0
2528,4,0,0.03986462064317702,0.04392663030888839,0,0
2529,1,1,0.5211364984889909,0.5156811664404154,1,1
2530,5,0,0.04860758487160464,0.0534699352127073,0,0
2531,4,0,0.08767491933368507,0.09209246012848053,0,0
2532,5,1,0.48261946534009387,0.4675870122643791,1,1
2533,5,0,0.007795903638266151,0.009259777064805618,0,0
2534,4,0,0.029745434865120955,0.033146036761082916,0,0
2535,3,0,0.18076183494900852,0.1844308537126627,0,0
2536,2,0,0.014932497371302618,0.017338436932150068,0,0
2537,1,0,0.12576584958583542,0.13289742576763192,0,0
2538,5,1,0.5916294525423506,0.5797252582418736,1,1
2539,4,0,0.004504744288884728,0.0053974490664711345,0,0
2540,4,0,0.3986551004171151,0.39598831588910566,0,0
2541,1,1,0.37324877345118945,0.37293658468131413,0,0
2542,1,0,0.4164520401061641,0.4115942501408605,1,1
2543,1,0,0.038690986720397016,0.0432117738699006,0,0
2544,1,1,0.1616225835628198,0.1661792155174878,0,0
2545,5,0,0.5306755941628768,0.52360547500434,1,1
2546,2,0,0.3091882445005428,0.30838932388617063,0,0
2547,4,0,0.00539309558537405,0.006505335411430011,0,0
2548,1,0,0.042868784111465996,0.04774021302351168,0,0
2549,5,0,0.5817316861618653,0.572807033057421,1,1
2550,2,0,0.01341477495652457,0.01555453895939796,0,0
2551,5,0,0.023637866512683157,0.026576709027109912,0,0
2552,4,0,0.04138239040139125,0.04461358930293241,0,0
2553,4,0,0.18304116596423828,0.185892291989449,0,0
2554,5,0,0.20079184751369225,0.20381366805911377,0,0
2555,5,0,0.08055574830114538,0.08566005523464314,0,0
2556,4,0,0.3587834493742684,0.356220833066413,0,0
2557,3,0,0.033190817106240084,0.036981326611458545,0,0
2558,2,0,0.1504392354821438,0.1550595858833342,0,0
2559,2,0,0.42088122373490383,0.41717692111783633,1,1
2560,5,1,0.2881797489049184,0.28765269127141874,0,0
2561,1,0,0.22597009787683625,0.22910531850308763,0,0
2562,1,0,0.05449184782638407,0.05901237222332413,0,0
2563,5,0,0.021887849315240227,0.02472716681083394,0,0
2564,2,0,0.011908095108673153,0.014012883514729624,0,0
2565,3,0,0.5830551037124743,0.5752301417364774,1,1
2566,5,0,0.3603976326544185,0.3550869182761756,0,0
2567,3,0,0.46281682294962945,0.45661306811750224,1,1
2568,5,1,0.5793070414766353,0.5759612722282604,1,1
2569,2,0,0.3996992775827143,0.40025834394871884,0,1
2570,4,0,0.17649735802330435,0.17968931711811656,0,0
2571,3,0,0.30008895592801643,0.30243414344950187,0,0
2572,5,0,0.28751841897424824,0.28729220749739803,0,0
2573,5,1,0.7837787749455432,0.7767037117574249,1,1
2574,5,0,0.0026682846893358535,0.0034224840667869487,0,0
2575,2,0,0.18311532609219894,0.1892995875372685,0,0
2576,4,0,0.0330243490100937,0.03651114063938592,0,0
2577,3,0,0.6050429403536982,0.5959189551101952,1,1
2578,3,0,0.015821397143996923,0.018566273678962297,0,0
2579,4,0,0.020478817410233236,0.022978580829544532,0,0
2580,2,0,0.3499612376275488,0.34958363110792956,0,0
2581,4,0,0.004247743927163448,0.005111145831164121,0,0
2582,3,0,0.016476207059942422,0.019208157960673843,0,0
2583,5,0,0.24157889742616082,0.24801609557096746,0,0
2584,4,1,0.14606882905300556,0.15023154247531573,0,0
2585,5,1,0.18302719934922623,0.1850758154751966,0,0
2586,5,0,0.03965803850348053,0.043025095942718514,0,0
2587,2,0,0.4693435194219626,0.46466031731215296,1,1
2588,5,0,0.3087557234092549,0.3116910741751691,0,0
2589,5,1,0.3069704276770073,0.31104305797031734,0,0
2590,2,1,0.4099668809848324,0.4080839097727921,1,1
2591,1,0,0.0768969764603107,0.0818667886589872,0,0
2592,5,1,0.7606324706866378,0.7466287412387819,1,1
2593,2,0,0.24694473142508527,0.25111432385760907,0,0
2594,5,0,0.08941730116861782,0.09399540470382088,0,0
2595,3,1,0.4451022230567893,0.4366357408570257,1,1
2596,3,0,0.09593239817014342,0.10115278034190393,0,0
2597,1,0,0.3812855621805913,0.3784673485321901,0,0
2598,4,0,0.6503227378312865,0.6425857151662833,1,1
2599,4,0,0.5218032840095677,0.5164988339002705,1,1
2600,3,0,0.6818918856248098,0.6698275620785976,1,1
2601,3,0,0.5389115985416638,0.5332384115554014,1,1
2602,3,1,0.35179751723409725,0.3523849297247753,0,0
2603,1,1,0.41817344085428143,0.4139062961953117,1,1
2604,4,0,0.09929651407274437,0.10343726084064413,0,0
2605,3,0,0.0012719808433072789,0.0018109608294933552,0,0
2606,1,0,0.008341289935409266,0.010309353579134446,0,0
2607,1,0,0.006923646537041825,0.008669288115897063,0,0
2608,5,0,0.7092322021448373,0.7010801849142559,1,1
2609,3,1,0.7519406837833469,0.7416084008517642,1,1
2610,4,1,0.7116715814559639,0.7039500438036838,1,1
2611,2,1,0.3718407197515914,0.3695744036933205,0,0
2612,1,0,0.02830019333433105,0.03244196519357461,0,0
2613,1,1,0.7345014343787415,0.72329532559209,1,1
2614,3,0,0.048897005334207225,0.05339200208949742,0,0
2615,3,0,0.023257680948548486,0.026247904896181295,0,0
2616,3,0,0.011933954734227556,0.01422732756126742,0,0
2617,1,0,0.15600436386347893,0.16209888086628435,0,0
2618,2,0,0.005244060305460328,0.0064559788778768,0,0
2619,2,0,0.5174692622526101,0.511015312451005,1,1
2620,1,1,0.6498916791267226,0.6407455179380825,1,1
2621,3,1,0.4658527628407501,0.4623334485170628,1,1
2622,1,0,0.022605505360887096,0.02623938645772054,0,0
2623,5,0,0.40038869890595863,0.39979847540956237,1,0
2624,2,0,0.3494676505630273,0.3494454888213995,0,0
2625,2,0,0.11236838164793209,0.11786099763562367,0,0
2626,1,0,0.5833171575372058,0.5752136990132046,1,1
2627,4,0,0.5583444759270864,0.5512680401867018,1,1
2628,4,0,0.007079475717481418,0.008341468993163754,0,0
2629,5,0,0.028085908960962795,0.03149986955016954,0,0
2630,1,0,0.13843338564563715,0.14258533095800502,0,0
2631,1,0,0.0170585004269373,0.020060139596430486,0,0
2632,1,1,0.7183171971734346,0.70776881968664,1,1
2633,5,1,0.585269196665845,0.5817004371979675,1,1
2634,1,0,0.11732799741604572,0.12257979078689826,0,0
2635,4,0,0.5577974381400496,0.5504913471138779,1,1
2636,4,0,0.5158141029211537,0.5120454989471088,1,1
2637,1,0,0.04201158871500021,0.04655863881188861,0,0
2638,4,0,0.04844343868318907,0.05239755912110143,0,0
2639,3,0,0.036561208563425075,0.04079662040470581,0,0
2640,4,1,0.7009061523039598,0.6916938928203523,1,1
2641,4,0,0.21874928580994435,0.22071315866761987,0,0
2642,2,0,0.2501506324403428,0.25135885821154497,0,0
2643,1,0,0.18315370846661416,0.18748632702403895,0,0
2644,5,0,0.14879014954228728,0.1557256112713821,0,0
2645,1,0,0.09680454918286431,0.10202606102942809,0,0
2646,3,0,0.013386150951636509,0.01571749620797863,0,0
2647,4,1,0.3849311053448616,0.38228983829737034,0,0
2648,4,1,0.5230666360034074,0.5191415462240252,1,1
2649,1,0,0.27125407367973425,0.2723300533355705,0,0
2650,4,0,0.006185779987216543,0.007356852094712696,0,0
2651,4,0,0.060405362974790815,0.0644300424617626,0,0
2652,2,0,0.6336640357998828,0.6254592286417536,1,1
2653,1,1,0.7860873862161564,0.7754733392440264,1,1
2654,3,1,0.054295270392591306,0.05920649405612736,0,0
2655,3,0,0.1363722845976994,0.1406939511312021,0,0
2656,4,0,0.7184316136579971,0.7093247807981049,1,1
2657,1,0,0.2358030299726347,0.24119465136947776,0,0
2658,1,1,0.3738611733261807,0.37342249989901966,0,0
2659,1,0,0.025333486627084636,0.028783647943859965,0,0
2660,2,1,0.5565406173772106,0.5479569737192422,1,1
2661,1,0,0.21486917317444634,0.21820111741371212,0,0
2662,3,0,0.7343183222292136,0.7244642174315101,1,1
2663,4,1,0.6027277115337994,0.5956276673640952,1,1
2664,2,0,0.01213728076664935,0.014081132498808008,0,0
2665,4,1,0.7043977948901252,0.6957638873088193,1,1
2666,4,0,0.0757278330418984,0.08013442219933917,0,0
2667,5,0,0.0721515504507094,0.07606775697479043,0,0
2668,3,0,0.059253538676024065,0.06416212859687943,0,0
2669,3,1,0.605538231200371,0.5981585089905804,1,1
2670,3,0,0.1869438604491339,0.1887712398877026,0,0
2671,5,0,0.017257627302123137,0.019438305510124803,0,0
2672,1,1,0.7659480843492463,0.7552140797655541,1,1
2673,4,1,0.41441604314959646,0.41228971513761853,1,1
2674,1,1,0.21102290205576565,0.2163650924431156,0,0
2675,2,0,0.5788505778360201,0.5713603021788575,1,1
2676,2,0,0.033779960876482995,0.03751809642658521,0,0
2677,4,0,0.03489334714961428,0.037817301046250765,0,0
2678,2,1,0.37049456801204866,0.3684811117397502,0,0
2679,5,1,0.4193517830274589,0.41717289680989056,1,1
2680,4,0,0.10047897093290253,0.10507502303708158,0,0
2681,4,0,0.061756280849442416,0.06603664083475876,0,0
2682,2,1,0.35888943619019625,0.35958470706086887,0,0
2683,2,0,0.034489538285270634,0.038134701082096746,0,0
2684,5,1,0.6230234073795038,0.6176087927921132,1,1
2685,5,0,0.024255116821219266,0.027417697490552295,0,0
2686,3,0,0.39284928542992426,0.39133662432555794,0,0
2687,5,0,0.3008933448194489,0.3049356251686965,0,0
2688,1,0,0.4152013678265605,0.41436442682490415,1,1
2689,2,0,0.3205466040189901,0.3170213760344099,0,0
2690,2,1,0.6953697322122804,0.6864009846173503,1,1
2691,3,1,0.240847247138818,0.24350868679546153,0,0
2692,1,0,0.19681326174642094,0.19911379074342034,0,0
2693,4,0,0.005239241678429277,0.006248829970021198,0,0
2694,2,0,0.19183300864325326,0.19498507187154743,0,0
2695,2,1,0.8305432163130543,0.8201701915960499,1,1
2696,5,0,0.06473754808766687,0.06943863403185431,0,0
2697,1,0,0.00171677584644896,0.002384329975769793,0,0
2698,5,1,0.7461071888990071,0.7351260482748507,1,1
2699,5,1,0.636934849243872,0.6316289552979051,1,1
2700,2,1,0.7784804114624563,0.7680952945391143,1,1
2701,5,0,0.05181495054672696,0.057377230980994974,0,0
2702,3,0,0.1500906664491046,0.15478263373626486,0,0
2703,5,0,0.03554848742282206,0.039682373588427834,0,0
2704,5,0,0.643847617845936,0.6356960287562476,1,1
2705,3,0,0.006472812552019593,0.008146153353377941,0,0
2706,2,0,0.17775366256659997,0.18126975071699175,0,0
2707,2,0,0.02596239440946205,0.029436892288401174,0,0
2708,2,0,0.10174189229111108,0.10801352840926601,0,0
2709,2,0,0.12464102969075991,0.1293876815594044,0,0
2710,2,0,0.07907050565804855,0.08414565698312866,0,0
2711,1,0,0.029025062572941667,0.0328499548062965,0,0
2712,3,0,0.09745512899476176,0.10156681260153919,0,0
2713,3,0,0.06491978216003802,0.07034236958767923,0,0
2714,1,0,0.004267908445244268,0.005522198847869246,0,0
2715,1,0,0.1838199406883981,0.18714081007578787,0,0
2716,2,0,0.03426588958974645,0.03839842279889947,0,0
2717,1,0,0.10237745056319131,0.10682449511410866,0,0
2718,1,0,0.024912347226262517,0.028623907653103763,0,0
2719,5,0,0.00396563670926339,0.004896936491761172,0,0
2720,4,1,0.29779660492055554,0.29930881641377216,0,0
2721,1,0,0.07661624408745794,0.08127530355782638,0,0
2722,4,1,0.3868945766247972,0.38636776592666716,0,0
2723,4,1,0.4817863713981238,0.4758062604905932,1,1
2724,1,0,0.042873185152291465,0.04779801907831382,0,0
2725,3,0,0.47828879365123694,0.47092752868328247,1,1
2726,2,0,0.28643977174696733,0.2892819156419852,0,0
2727,5,0,0.20215433152293882,0.2005859402694417,0,0
2728,4,0,0.3540510203115353,0.3503598376330886,0,0
2729,2,0,0.03191482813174887,0.03538794868415442,0,0
2730,5,0,0.030799119095952326,0.03262497996097581,0,0
2731,1,0,0.013078751227700388,0.015398689417432465,0,0
2732,5,1,0.2315502354506358,0.23253964382942166,0,0
2733,2,1,0.7305065948835114,0.7201034139033818,1,1
2734,1,0,0.2233400137135674,0.22507203255689473,0,0
2735,3,1,0.7276551882699284,0.7179883245007369,1,1
2736,2,0,0.7254417052829063,0.7145005873447071,1,1
2737,4,1,0.2827370263721031,0.28144284882747045,0,0
2738,5,0,0.008662659827939668,0.010512368950385478,0,0
2739,2,0,0.08330439784047168,0.08845901637705834,0,0
2740,4,1,0.6911453108308403,0.6818641745715016,1,1
2741,2,0,0.019661919811652443,0.022461617123659478,0,0
2742,4,0,0.2264532815839069,0.2275318630113099,0,0
2743,3,0,0.6496575834169667,0.6415784430694939,1,1
2744,1,0,0.09756958975791186,0.10412940985964685,0,0
2745,5,1,0.7516392350933397,0.742772681884883,1,1
2746,2,1,0.0926222815853686,0.09719373370523901,0,0
2747,4,0,0.013367096279947362,0.01513746832051289,0,0
2748,1,0,0.04042736502599793,0.04549455926330107,0,0
2749,5,0,0.4150002431297362,0.4191897617408862,1,1
2750,3,0,0.0453933891380197,0.04997312296073716,0,0
2751,4,0,0.2839382348999915,0.28360478602060774,0,0
2752,1,0,0.1735852162305913,0.17788066027408847,0,0
2753,5,0,0.08857866120505241,0.09287113314114802,0,0
2754,1,0,0.4502295080629039,0.44722640310870415,1,1
2755,2,0,0.21608973268360865,0.2168639542045972,0,0
2756,3,0,0.15446219449724963,0.16082561823730065,0,0
2757,1,1,0.7774355109755658,0.7671757070085617,1,1
2758,5,0,0.01963791721553432,0.022125684051759402,0,0
2759,2,0,0.23437845740911895,0.23725731355822796,0,0
2760,4,1,0.5174767975079024,0.5099778157008602,1,1
2761,5,0,0.2943663511248828,0.29501058640433714,0,0
2762,4,0,0.05017067947760628,0.05424142174846745,0,0
2763,4,0,0.5006376500648104,0.49726547192248755,1,1
2764,2,0,0.0036023628774094337,0.00453576341548725,0,0
2765,1,1,0.7536849375287674,0.744280072408602,1,1
2766,2,0,0.16235999737562806,0.16570707927989747,0,0
2767,4,0,0.7034920845086634,0.6951480757505132,1,1
2768,5,0,0.02299723860142781,0.02599429327450755,0,0
2769,3,0,0.15716031874700453,0.16079084130130128,0,0
2770,4,0,0.2259002274141422,0.22751197766543543,0,0
2771,5,0,0.66074418160968,0.6553829903458892,1,1
2772,3,0,0.23678132342779487,0.24032052466344211,0,0
2773,4,1,0.3861691983007925,0.3853358492350279,0,0
2774,5,0,0.0021887139470741683,0.002804816734658047,0,0
2775,3,0,0.5130744176385935,0.5071284308327328,1,1
2776,4,0,0.2560441536150493,0.2568084744076805,0,0
2777,2,0,0.45060715038693244,0.4464788122045854,1,1
2778,4,0,0.4029967248722203,0.3986929700666111,1,0
2779,5,1,0.6806760432231083,0.6786428571283034,1,1
2780,3,0,0.12546203017868554,0.12976133888688696,0,0
2781,5,0,0.004861441620001575,0.005903305233375705,0,0
2782,1,0,0.14072781675196,0.14674969788043427,0,0
2783,1,1,0.3936787489609501,0.3927800694259668,0,0
2784,1,0,0.09016163402048166,0.09673812127499233,0,0
2785,5,0,0.42342141531739946,0.4220001099125722,1,1
2786,5,0,0.45095331804586536,0.4378301343007248,1,1
2787,4,1,0.5876004644816699,0.5801702658700721,1,1
2788,2,1,0.760213027928255,0.7499270416928782,1,1
2789,4,0,0.30111989815341555,0.30014384849066644,0,0
2790,2,0,0.6934807203895679,0.683460531112612,1,1
2791,1,1,0.26439113542017917,0.26676309444947044,0,0
2792,4,1,0.21842743003109505,0.22057760704780294,0,0
2793,5,0,0.22928866164163217,0.23344736808249347,0,0
2794,3,0,0.01249357958629512,0.014574398975527675,0,0
2795,3,0,0.19818200038745612,0.2003525909901689,0,0
2796,2,0,0.0023816077116027242,0.0030614159642248996,0,0
2797,3,0,0.5772908985423838,0.5692934328617015,1,1
2798,5,0,0.5316829061863153,0.526631968442296,1,1
2799,5,0,0.16234650938650683,0.16578144101474318,0,0
2800,4,0,0.05786473472251206,0.061282901408542104,0,0
2801,5,0,0.4376898316516503,0.43566086957814454,1,1
2802,5,0,0.7357858859510972,0.7261640145776413,1,1
2803,2,0,0.016928534507839682,0.019732605496807713,0,0
2804,4,0,0.1147958065795664,0.11834998663362,0,0
2805,3,0,0.09571348044544208,0.1004128891489097,0,0
2806,3,1,0.5358546344814833,0.5288717701748971,1,1
2807,3,1,0.07194538366412419,0.07630857814591399,0,0
2808,5,0,0.1816308152040871,0.1849860926220747,0,0
2809,1,0,0.5056821482399126,0.5020055685105593,1,1
2810,2,0,0.018521420877776532,0.021427764504322624,0,0
2811,5,0,0.016069537787941977,0.018599964750069385,0,0
2812,2,1,0.6937187703228364,0.6834190508593506,1,1
2813,3,1,0.37788887670614846,0.37562769474297075,0,0
2814,1,1,0.12224860998433736,0.12756330215039682,0,0
2815,4,0,0.6918207993495314,0.6816736747238791,1,1
2816,1,0,0.31849598699228504,0.32476375042012007,0,0
2817,4,0,0.0704492944107839,0.07461408437248278,0,0
2818,1,0,0.09610277294809719,0.10185131851210039,0,0
2819,2,1,0.10183423126284746,0.10685672699677173,0,0
2820,1,0,0.07001665747732642,0.07478919576959378,0,0
2821,5,0,0.6795199679676306,0.6758554687952002,1,1
2822,1,0,0.06461919119926018,0.07018052530155093,0,0
2823,5,0,0.016000160302257854,0.017972146389763764,0,0
2824,2,1,0.3695266322070953,0.3689002795243268,0,0
2825,1,0,0.08040170575478449,0.08568915832803789,0,0
2826,4,0,0.08080887097996994,0.08493798295018602,0,0
2827,4,0,0.03116554133852545,0.03422616926683736,0,0
2828,3,1,0.4428542008437741,0.4390329954434817,1,1
2829,4,0,0.023155110729254434,0.025775298414202397,0,0
2830,2,0,0.014469392266372156,0.016697958063687145,0,0
2831,2,0,0.06216014114155061,0.06801423888129471,0,0
2832,2,1,0.5169774824385739,0.5118692328674599,1,1
2833,1,1,0.6975002709185014,0.6864868925769688,1,1
2834,2,0,0.05566816266694098,0.06056727330353582,0,0
2835,5,0,0.004914042124739633,0.0061240494763492095,0,0
2836,2,0,0.5955421493265238,0.587616946620197,1,1
2837,1,0,0.07151554284454885,0.07636519539709316,0,0
2838,4,0,0.24240127487867255,0.24335680540040272,0,0
2839,5,0,0.3127953304666878,0.3198130042998265,0,0
2840,5,0,0.015935063625991085,0.01826526463939252,0,0
2841,2,0,0.32618667255197464,0.32596383437612025,0,0
2842,3,1,0.5012303325013654,0.4983328884141199,1,1
2843,4,1,0.7511651480393071,0.7415413323617346,1,1
2844,5,0,0.40904486932796413,0.4052686647575146,1,1
2845,4,0,0.1254033191744079,0.12945467408184438,0,0
2846,1,1,0.5063953197861595,0.5018581938609048,1,1
2847,1,0,0.09220169450703049,0.09738132212999177,0,0
2848,2,1,0.4284785096940081,0.4261886054689274,1,1
2849,3,0,0.475366443284244,0.46865466149855833,1,1
2850,5,0,0.05004846334891991,0.05474645514067611,0,0
2851,2,0,0.024349609531193906,0.027524054731139735,0,0
2852,3,0,0.2457174337278069,0.2503634446479181,0,0
2853,2,0,0.06621650555727447,0.07069132201452312,0,0
2854,5,0,0.24330092292037078,0.2436005849340653,0,0
2855,1,0,0.004689424818624861,0.006059547615531935,0,0
2856,3,1,0.07368071800235196,0.0789305819518058,0,0
2857,3,0,0.06781032390606327,0.07337710198415769,0,0
2858,4,0,0.40372554079642203,0.4006903951791149,1,1
2859,2,1,0.3214161612827804,0.32328382148836804,0,0
2860,3,0,0.005841248249253285,0.0070735320162065,0,0
2861,3,0,0.7316797040860201,0.7225257783328711,1,1
2862,2,0,0.07366872888893174,0.07856969956866236,0,0
2863,3,0,0.4660817592727511,0.46405031599368396,1,1
2864,5,1,0.24660419116315813,0.24876159019404803,0,0
2865,1,1,0.6966677376821457,0.6873560777974905,1,1
2866,4,0,0.4035356384089217,0.40072285332726904,1,1
2867,3,0,0.01206705270083507,0.014819157771966112,0,0
2868,3,1,0.5599553552081858,0.5529937479086954,1,1
2869,5,1,0.5825310979507801,0.5773035091793006,1,1
2870,2,0,0.5233305552992606,0.5156237460716143,1,1
2871,3,1,0.6485766209038104,0.6378545744044304,1,1
2872,5,1,0.3043238719879607,0.30339379938473204,0,0
2873,1,0,0.5036676587533836,0.5018618896435882,1,1
2874,3,0,0.48441342617672956,0.47948950946260177,1,1
2875,2,0,0.061628975215757886,0.06665363975815723,0,0
2876,4,1,0.28701180101514606,0.2863597378642253,0,0
2877,2,0,0.12087696585979145,0.12659433375598636,0,0
2878,5,1,0.34574619844745513,0.3429496262179504,0,0
2879,5,0,0.2188980729522361,0.2240583880450755,0,0
2880,5,0,0.23875409404191694,0.23579560571641198,0,0
2881,3,1,0.381922964579347,0.38050486690054564,0,0
2882,3,0,0.2538020942038998,0.25370170838091605,0,0
2883,5,1,0.7062111360130137,0.6947761472448626,1,1
2884,2,0,0.1256054865107834,0.1318215196418871,0,0
2885,5,0,0.6350151860806074,0.6316277022922866,1,1
2886,2,0,0.09360667660890416,0.0991221440382081,0,0
2887,1,0,0.009944221415119166,0.0119655886257955,0,0
2888,3,1,0.5141561339320434,0.5061372628617302,1,1
2889,3,0,0.0523398456187385,0.05693791359024404,0,0
2890,1,0,0.10341279085317683,0.10873569249214654,0,0
2891,3,0,0.007132054028501326,0.00860971225726428,0,0
2892,1,0,0.2549805963791848,0.26007214399477574,0,0
2893,2,0,0.010966891465115532,0.01284798313607668,0,0
2894,5,0,0.3491201931345401,0.33854437331879716,0,0
2895,5,0,0.22871594109625948,0.22676476810217783,0,0
2896,5,0,0.0020562203378915785,0.0026467219581935977,0,0
2897,2,0,0.14203205106074696,0.1462970458352789,0,0
2898,3,0,0.04101689654240279,0.04585810402087707,0,0
2899,1,1,0.17541163229190987,0.1776259627815252,0,0
2900,5,1,0.42100906987212305,0.4179635337573446,1,1
2901,1,0,0.4794201714971286,0.4753547491585109,1,1
2902,4,0,0.04056663157530601,0.04382599925282822,0,0
2903,4,0,0.12543233115470778,0.12916299123846414,0,0
2904,3,1,0.13560094514569154,0.14059432750997763,0,0
2905,5,1,0.3063444946813094,0.30621569295995404,0,0
2906,3,0,0.21235358885711247,0.21431070203725572,0,0
2907,3,0,0.0379559558877794,0.042065536438617934,0,0
2908,4,0,0.6343473711923903,0.6254487481127391,1,1
2909,2,0,0.01095614620719957,0.012925882381553355,0,0
2910,4,0,0.014295880402370257,0.016289054918716166,0,0
2911,4,0,0.17176002688464595,0.17559328975302024,0,0
2912,1,0,0.6635065591238587,0.6543355878772472,1,1
2913,2,0,0.0031064409101814513,0.00393446011841547,0,0
2914,5,0,0.004536563181498139,0.005656847507720902,0,0
2915,1,0,0.002274539091975386,0.0030993342155170066,0,0
2916,4,0,0.04890936081352027,0.0525371935590936,0,0
2917,3,0,0.3458376159255244,0.34502163166746,0,0
2918,3,0,0.04779463404868826,0.05277719985697386,0,0
2919,1,0,0.014769951884636893,0.01776953158953933,0,0
2920,4,0,0.01851586155632225,0.02085467923128913,0,0
2921,3,0,0.2795425537885291,0.2830346586526137,0,0
2922,3,0,0.10197214014556212,0.10549571710765264,0,0
2923,1,0,0.29830514926707813,0.3010011935200413,0,0
2924,2,0,0.6764736599763382,0.6669932245421318,1,1
2925,4,0,0.31253066729089074,0.31493131750908027,0,0
2926,4,0,0.07723824495797448,0.08147707773294012,0,0
2927,4,1,0.2816112717366355,0.28124510692663873,0,0
2928,5,0,0.27579671035505576,0.2761870750330857,0,0
2929,4,0,0.12194368537655864,0.12642247816470006,0,0
2930,5,0,0.4652511804676435,0.4533009543040783,1,1
2931,2,1,0.5584671726075757,0.5497091691517909,1,1
2932,3,1,0.48452343486670985,0.47939418456997335,1,1
2933,1,0,0.1856263622803223,0.18889568716313507,0,0
2934,4,0,0.07747225732142937,0.08219188914605469,0,0
2935,3,0,0.41397927076736774,0.41149367650283286,1,1
2936,3,0,0.26418035610519097,0.2660931823661294,0,0
2937,2,1,0.3992274113859137,0.39881113435232673,0,0
2938,5,1,0.7249387380348529,0.7181491276207316,1,1
2939,4,0,0.3579081323628968,0.3579849654806889,0,0
2940,1,1,0.5888104558079575,0.5824050988643033,1,1
2941,4,1,0.19363996126056096,0.19643108057456046,0,0
2942,1,0,0.4192238419022164,0.41150761015856735,1,1
2943,4,1,0.7178594991274887,0.7090874777919443,1,1
2944,2,1,0.3960078006280425,0.3945780901425436,0,0
2945,4,0,0.08011281223845873,0.08447910942547918,0,0
2946,2,0,0.4221353257150225,0.41765118865667594,1,1
2947,3,0,0.06857358251709615,0.07364185748512637,0,0
2948,3,1,0.05605134701599834,0.059908977629506366,0,0
2949,4,0,0.5444438626593942,0.5374724597011035,1,1
2950,1,0,0.27256522867244165,0.2728488266772331,0,0
2951,2,0,0.07387268100005003,0.07922097906963668,0,0
2952,2,1,0.11830182834190581,0.12325851906465994,0,0
2953,3,0,0.029734330383439405,0.03363205259168511,0,0
2954,4,1,0.5715296721340053,0.5654004094054352,1,1
2955,4,0,0.07061409446029393,0.07498263346976478,0,0
2956,3,0,0.020511501393472867,0.023452239112537444,0,0
2957,3,0,0.005345269825402799,0.006489658137224151,0,0
2958,2,0,0.038936850433538214,0.043163458550711284,0,0
2959,4,0,0.4164878623250078,0.41482784342703355,1,1
2960,2,0,0.030994633917120977,0.03496432399834182,0,0
2961,5,0,0.0467114215342066,0.05110495915041892,0,0
2962,5,1,0.40570518936944616,0.40055626342265677,1,1
2963,4,0,0.006776352747935493,0.008093035253167442,0,0
2964,4,1,0.7415713823764902,0.7324494399185355,1,1
2965,4,0,0.4012679471812147,0.3975919288064705,1,0
2966,1,0,0.06864872973885384,0.07329687584112686,0,0
2967,3,0,0.0717942289875536,0.07700441077385607,0,0
2968,5,1,0.5568925527122577,0.5562872307228651,1,1
2969,4,1,0.8154581920317361,0.8062296803535952,1,1
2970,4,0,0.0365983259642365,0.04033984268192926,0,0
2971,1,0,0.003236799324803827,0.004298759151970613,0,0
2972,5,1,0.3456112368854306,0.34435051776875725,0,0
2973,1,0,0.710722330547258,0.7004571082011118,1,1
2974,3,0,0.05392489394736243,0.05892488654530004,0,0
2975,2,0,0.035151831290908646,0.0388541341719951,0,0
2976,4,0,0.06791265438422876,0.07124773207894855,0,0
2977,1,0,0.7991038348080546,0.7876970262188463,1,1
2978,4,0,0.09573219702106232,0.10030260652640306,0,0
2979,5,0,0.03078808700816663,0.033647363396774974,0,0
2980,5,0,0.35755661834709485,0.3528625043835921,0,0
2981,1,1,0.289506193942086,0.2894874212904897,0,0
2982,4,0,0.19257024887518143,0.1949534266054243,0,0
2983,5,1,0.7445476523106851,0.7383355114397137,1,1
2984,5,1,0.7202091551967857,0.713258026821744,1,1
2985,1,0,0.3238474560392082,0.325116304138823,0,0
2986,2,0,0.029359724705919698,0.0327079665845494,0,0
2987,1,1,0.8235753517287263,0.8122855685015011,1,1
2988,2,0,0.18200332604876296,0.18847692915943218,0,0
2989,3,0,0.24017705386635732,0.23918886508310386,0,0
2990,2,0,0.014417477766000233,0.016687974281007524,0,0
2991,4,0,0.4124486939630309,0.41011219715925984,1,1
2992,4,0,0.21888349312474542,0.22076974829108348,0,0
2993,1,1,0.5691749539259737,0.5586179443770337,1,1
2994,4,0,0.02881555288430189,0.032006987802133166,0,0
2995,3,0,0.31669185380189446,0.314468215576575,0,0
2996,5,1,0.6704032507434211,0.6663796963287076,1,1
2997,5,0,0.5807399461722391,0.5800918581837062,1,1
2998,1,0,0.0196912590206164,0.022881934392200327,0,0
2999,2,1,0.7179901926336152,0.7081059727483044,1,1
3000,3,0,0.1295752981874091,0.1347642744641902,0,0
3001,5,0,0.2002433000364564,0.20165523310464076,0,0
3002,2,0,0.060460534259740094,0.06496186847848173,0,0
3003,4,0,0.24083734255641204,0.2417544565606325,0,0
3004,3,0,0.0644082685284852,0.07032867455591993,0,0
3005,3,0,0.0035453869673716548,0.0046455183658359114,0,0
3006,2,1,0.7390082576030408,0.7283722436960659,1,1
3007,3,1,0.49393683631317464,0.48705686948554733,1,1
3008,4,0,0.10242977793429552,0.10718813832471626,0,0
3009,2,1,0.58460900472058,0.5743668891585759,1,1
3010,2,0,0.07938709332312319,0.08535746496206068,0,0
3011,2,0,0.006127588156645498,0.007453983229374336,0,0
3012,1,1,0.007814948288592277,0.009452598050803274,0,0
3013,2,0,0.031073868634361124,0.034708264411832154,0,0
3014,1,0,0.676043825606903,0.6667873700483478,1,1
3015,4,1,0.6336597409496171,0.6256613748128685,1,1
3016,4,1,0.7348909463845288,0.724544546068422,1,1
3017,5,0,0.46204306389079225,0.45159921998406627,1,1
3018,3,0,0.3449492829178226,0.34302564936504265,0,0
3019,5,1,0.04551666393386208,0.049043913161352065,0,0
3020,5,0,0.13332019703355788,0.13741657023778214,0,0
3021,2,1,0.10399086304935166,0.10854293478736785,0,0
3022,3,1,0.6306575564023192,0.6221851913409535,1,1
3023,2,0,0.14685765956784358,0.1514362993841579,0,0
3024,3,0,0.2893679463122055,0.2927503180721951,0,0
3025,4,0,0.6763653453386962,0.6689428885115734,1,1
3026,2,1,0.4416202213539685,0.4383624932006408,1,1
3027,3,0,0.13550591738036294,0.14080943197819146,0,0
3028,2,0,0.5213766618901063,0.5146491787701521,1,1
3029,3,1,0.09358797777054488,0.09903201920026275,0,0
3030,4,0,0.03243608780269081,0.035420476309989984,0,0
3031,4,1,0.5457455862561819,0.5415386980648893,1,1
3032,2,0,0.19876371574165694,0.20189670721710704,0,0
3033,2,1,0.0879870964991501,0.09326110569857046,0,0
3034,3,0,0.6060850590495183,0.5979676505133258,1,1
3035,5,1,0.7322049246394091,0.7186624443715092,1,1
3036,5,0,0.14379044952084646,0.14759089393478608,0,0
3037,2,0,0.012706632519522441,0.014909208556274058,0,0
3038,5,0,0.401956776866502,0.3985092577668925,1,0
3039,3,0,0.2684020146388741,0.2719919325354704,0,0
3040,2,0,0.06635789202350932,0.0712070991137824,0,0
3041,5,0,0.11843253840846499,0.1220204529022916,0,0
3042,2,0,0.016047072811840972,0.018393608894281304,0,0
3043,3,1,0.7597425008101504,0.7493604521585129,1,1
3044,2,0,0.024765386949071762,0.02823178721690265,0,0
3045,2,0,0.0058571503680136545,0.007153381852070373,0,0
3046,5,0,0.05882666614135477,0.06355538488213813,0,0
3047,3,0,0.16991835909078143,0.17122718275721607,0,0
3048,2,1,0.7604083092558374,0.7497330334583535,1,1
3049,4,0,0.562737401587471,0.5576561358377174,1,1
3050,3,0,0.00893054657604354,0.010508702684106027,0,0
3051,1,0,0.4635538120097311,0.4597167029654451,1,1
3052,1,0,0.00284015330921383,0.0037891842802294114,0,0
3053,5,0,0.06332927576914545,0.06710200605014538,0,0
3054,4,0,0.11902241706164421,0.12341706191019983,0,0
3055,4,0,0.004112260976556926,0.005026958948418564,0,0
3056,3,1,0.7935799231410995,0.783026237356182,1,1
3057,5,0,0.07877206521800731,0.08576373189333791,0,0
3058,1,0,0.42050460953417423,0.41642436945600647,1,1
3059,5,1,0.042098649325361705,0.04654057566597264,0,0
3060,4,0,0.03620859536580484,0.039659785736307754,0,0
3061,1,0,0.02632592304573927,0.029669135991282375,0,0
3062,3,1,0.48322020182932557,0.4823527629625515,1,1
3063,5,0,0.6179833702134723,0.605168065580299,1,1
3064,2,0,0.005491988662875972,0.006749627526851617,0,0
3065,1,1,0.601863282759755,0.5906229336505856,1,1
3066,4,0,0.5194527883847226,0.5144772063033396,1,1
3067,5,1,0.5539322118995039,0.5453322925296759,1,1
3068,5,1,0.09703149821064523,0.10169314976883367,0,0
3069,2,1,0.6574572386728071,0.6487314519535226,1,1
3070,2,0,0.17439049435452467,0.17877315436177182,0,0
3071,4,0,0.30821982987051266,0.30860520028610605,0,0
3072,2,1,0.08715402414785321,0.09217319497164816,0,0
3073,2,0,0.02139039942728977,0.024215702558138263,0,0
3074,4,0,0.009374138888806512,0.010913823513151179,0,0
3075,3,0,0.2819411377229598,0.2806705838654832,0,0
3076,1,0,0.25616419082048064,0.25564401028844397,0,0
3077,4,0,0.2642325549585319,0.2646408346049999,0,0
3078,1,0,0.04847416516346313,0.05272010996826846,0,0
3079,5,0,0.2004849144813046,0.20373954698492286,0,0
3080,5,0,0.320711820026138,0.3202376551837583,0,0
3081,3,0,0.19285796710850453,0.19985308663476742,0,0
3082,2,0,0.0030896465431952016,0.003912706165373454,0,0
3083,1,1,0.6324686049507334,0.624023051086844,1,1
3084,2,0,0.2084415946981325,0.2106076037846906,0,0
3085,4,0,0.03160619101090841,0.034725722677834914,0,0
3086,1,0,0.0899319781712289,0.09664202287704209,0,0
3087,5,0,0.34184154059536564,0.347430836835913,0,0
3088,1,0,0.0519588364224007,0.05736681235449172,0,0
3089,2,1,0.7626615376682877,0.7520700786681531,1,1
3090,1,0,0.5230968570475801,0.5217402818892307,1,1
3091,4,0,0.4445938596947976,0.44071876814888755,1,1
3092,5,1,0.3129514997967473,0.30884919512081227,0,0
3093,4,0,0.6977342732519778,0.6887890688400631,1,1
3094,4,1,0.25074349076962504,0.25312182896224594,0,0
3095,1,0,0.04669859954921766,0.05068287230299634,0,0
3096,3,1,0.4845344358183738,0.47938465294525645,1,1
3097,4,0,0.13320356814597242,0.13798853096656052,0,0
3098,2,0,0.006917875086611699,0.008400955408383209,0,0
3099,5,0,0.3953288750224281,0.394845986380466,0,0
3100,2,0,0.585676800194548,0.5791983448483096,1,1
3101,5,0,0.76768350259262,0.758462661695382,1,1
3102,1,0,0.1413358368405431,0.14620766004757832,0,0
3103,3,1,0.6512778540217367,0.6419086003691181,1,1
3104,5,0,0.056829322038221934,0.0616917904643338,0,0
3105,3,1,0.17767682359379802,0.1791362904505613,0,0
3106,4,0,0.055603136375222795,0.059798084977618925,0,0
3107,5,0,0.09156113291716711,0.09606140129818994,0,0
3108,2,0,0.3422799330620263,0.34337995408835764,0,0
3109,2,0,0.005881218044152775,0.007210425451020815,0,0
3110,4,0,0.019518462094746516,0.022106589735102784,0,0
3111,2,0,0.054147081510798625,0.058066680656999825,0,0
3112,4,0,0.4150302249671617,0.4097547047609756,1,1
3113,4,0,0.022367481033266114,0.025127131980112988,0,0
3114,1,0,0.09201105835506523,0.09703289421960752,0,0
3115,4,0,0.4177956365681374,0.4148453364409531,1,1
3116,3,1,0.5308979639475966,0.5233743768078591,1,1
3117,3,1,0.6843910845141101,0.6751846985294231,1,1
3118,2,0,0.040506010967213714,0.044695986883492286,0,0
3119,3,1,0.2237943841567209,0.227555789620219,0,0
3120,3,0,0.061942147131269776,0.0671087005769439,0,0
3121,5,0,0.5018913081943146,0.49688648288115794,1,1
3122,1,1,0.6051443604837276,0.5969004591615554,1,1
3123,3,1,0.7530713776855995,0.7404856292734333,1,1
3124,5,0,0.04073171854113112,0.04369755576977051,0,0
3125,2,0,0.15202649616854566,0.15868212900542128,0,0
3126,4,1,0.662331230870547,0.6548977980734381,1,1
3127,3,1,0.18392097773748847,0.18678846183568598,0,0
3128,5,1,0.21464047199477568,0.21470713543553427,0,0
3129,3,0,0.5816362992605922,0.5751642470124292,1,1
3130,5,0,0.04409520467397451,0.04882320556055525,0,0
3131,2,0,0.14550073352004717,0.15191088956673401,0,0
3132,5,1,0.7484335305716712,0.7427735008761686,1,1
3133,2,0,0.15211898974695262,0.15609567112111988,0,0
3134,5,0,0.10276180384817966,0.10827997932941862,0,0
3135,4,0,0.0034231482338619042,0.004176528526076836,0,0
3136,5,0,0.23664543983273265,0.24173683658207498,0,0
3137,3,0,0.2465967229100374,0.24902507218896597,0,0
3138,4,0,0.2807820648318815,0.2829291355752823,0,0
3139,4,1,0.6431777691615861,0.6343322869413657,1,1
3140,5,0,0.3791226375179249,0.3736727359776256,0,0
3141,1,0,0.1635593765617258,0.1657522903278607,0,0
3142,4,1,0.523264319138927,0.5166779540606118,1,1
3143,1,0,0.490445169758765,0.48420337661754703,1,1
3144,3,0,0.06118492113911052,0.06584124758126181,0,0
3145,1,1,0.29866696876617627,0.2995693868509923,0,0
3146,2,0,0.2453843903234661,0.24882874033361743,0,0
3147,3,0,0.12167783353199661,0.12645206494989247,0,0
3148,4,0,0.010004319721446284,0.011550416695654318,0,0
3149,4,0,0.07214048327381695,0.07569976785874247,0,0
3150,1,1,0.5814981417706638,0.5738349433632598,1,1
3151,5,0,0.7563520851479176,0.7473119716391297,1,1
3152,2,0,0.4634646866022706,0.46027958099481225,1,1
3153,1,1,0.7483856414454644,0.7386910103162928,1,1
3154,4,0,0.13422658604330379,0.13864216845113175,0,0
3155,1,1,0.6038049069077123,0.5917217341003222,1,1
3156,3,0,0.04246060046325883,0.04741416959752202,0,0
3157,3,0,0.4435537821865087,0.4405661947250638,1,1
3158,1,0,0.4270959145463143,0.42157596479095805,1,1
3159,1,1,0.7814905758794433,0.7698288155790494,1,1
3160,2,0,0.003142661720244089,0.003964929195573378,0,0
3161,5,0,0.0351259254865011,0.03719038629279657,0,0
3162,4,0,0.3231164818574267,0.3210539073558093,0,0
3163,4,0,0.043114812362730924,0.04613973613609752,0,0
3164,4,0,0.03276182306340362,0.03612238165338778,0,0
3165,5,0,0.0022305582013807095,0.0028604019130646563,0,0
3166,5,0,0.5869100067293096,0.5803952445270737,1,1
3167,5,0,0.026545142015370584,0.030506998535905484,0,0
3168,5,1,0.024362760754683632,0.027336346713676924,0,0
3169,1,0,0.077132910881526,0.08225590034002271,0,0
3170,5,0,0.062493207849267415,0.06695698792928657,0,0
3171,5,0,0.08003041706981935,0.08675655454460814,0,0
3172,1,1,0.6382793056284823,0.6261829659086744,1,1
3173,4,0,0.005741228801926578,0.006801108201180399,0,0
3174,1,1,0.6291397592183849,0.6213387166819985,1,1
3175,4,0,0.713185314953916,0.7037724017228253,1,1
3176,4,0,0.0035139404880724094,0.004283628386201478,0,0
3177,2,1,0.6349565506433501,0.623619625511693,1,1
3178,1,0,0.0016333920590674085,0.002277322406636112,0,0
3179,1,0,0.2011132115848252,0.20364367651079313,0,0
3180,2,0,0.024968751483923288,0.02811690943418278,0,0
3181,4,1,0.7058801112458785,0.6975877179681417,1,1
3182,4,0,0.04819985138891828,0.05205439378819152,0,0
3183,5,0,0.47811467536945856,0.47514002350453044,1,1
3184,5,0,0.7343759145817111,0.7178924888419626,1,1
3185,4,1,0.6909163043148416,0.6823806815918252,1,1
3186,3,0,0.007789014803647018,0.009267830708142374,0,0
3187,3,1,0.24005400858439277,0.2415323429808663,0,0
3188,1,1,0.24570814820852602,0.2458758265977302,0,0
3189,1,0,0.015978034893280618,0.018983136300658475,0,0
3190,4,0,0.0515089925552641,0.055510066118307486,0,0
3191,4,0,0.6155920574742133,0.6068502739908472,1,1
3192,4,0,0.09732313185586905,0.1010099647963821,0,0
3193,1,0,0.00828548954718033,0.010037318680293115,0,0
3194,5,0,0.010271471446907753,0.012091857042320926,0,0
3195,1,1,0.2962427252296495,0.29661967826127755,0,0
3196,1,0,0.0014965507389179187,0.0021023668865735247,0,0
3197,3,0,0.0799982563488617,0.08552613076929663,0,0
3198,3,0,0.0155981332673661,0.01808328290344057,0,0
3199,2,0,0.198704364193487,0.2019532204886178,0,0
3200,4,1,0.4156784357395012,0.4128707846324036,1,1
3201,5,0,0.426415631941864,0.4291541091771551,1,1
3202,4,0,0.28897804030101093,0.2886712054216285,0,0
3203,3,0,0.0495842431993364,0.05413612878452342,0,0
3204,5,0,0.06792840156324452,0.07493879117695261,0,0
3205,4,1,0.7346461406178784,0.7255446804259995,1,1
3206,1,0,0.01120489001355305,0.01349769451997758,0,0
3207,3,0,0.014342677708100845,0.0172644206349026,0,0
3208,3,0,0.4534879965478302,0.4452066648870752,1,1
3209,4,1,0.5856311573226203,0.5767984504094973,1,1
3210,3,0,0.04705989776882489,0.05037998459130335,0,0
3211,4,1,0.4464814440595398,0.4417141689343266,1,1
3212,3,0,0.04182365398773331,0.04543670387026517,0,0
3213,1,0,0.007492496597954386,0.009247385013129616,0,0
3214,3,0,0.28219343114263656,0.28415280049979463,0,0
3215,3,0,0.07984494989153228,0.08353743177016217,0,0
3216,2,0,0.17587169204388597,0.17897242972206356,0,0
3217,5,0,0.008003568300272343,0.009789138492176634,0,0
3218,3,0,0.2862478603494148,0.2846520815354633,0,0
3219,1,0,0.22738987166950794,0.22737221327451484,0,0
3220,5,0,0.10905217626522719,0.1129504804702173,0,0
3221,3,0,0.003225267379366635,0.004190913275633411,0,0
3222,5,0,0.0036600449440250763,0.004569305937422228,0,0
3223,5,0,0.8124459553627061,0.8052100543830883,1,1
3224,1,0,0.01343216687956304,0.016362692177395756,0,0
3225,2,0,0.04122695135115695,0.045431215462007415,0,0
3226,3,0,0.4719946241713742,0.468009239014307,1,1
3227,3,0,0.02442840891901358,0.028054083040343902,0,0
3228,1,1,0.5278731585687397,0.524089052137589,1,1
3229,5,0,0.15510042438304755,0.1614470916488321,0,0
3230,1,0,0.061789389600176596,0.06722253536335956,0,0
3231,2,0,0.01669591073010219,0.01906622825437476,0,0
3232,1,0,0.32477579877635915,0.3249432657903481,0,0
3233,5,0,0.4605011628293646,0.4569352987405589,1,1
3234,3,0,0.08894173306825333,0.09426295148303285,0,0
3235,5,1,0.38057724292201306,0.38083661282380665,0,0
3236,1,1,0.386677948344367,0.3854112419756043,0,0
3237,3,0,0.02452274126191381,0.027740856649865177,0,0
3238,2,0,0.19583735855230264,0.19906746561824262,0,0
3239,5,1,0.6528442621446668,0.6427248017947583,1,1
3240,1,1,0.6915239359578729,0.6816796332863928,1,1
3241,4,0,0.3847241795765929,0.38314402325397007,0,0
3242,4,0,0.029639031977841207,0.03288858433592072,0,0
3243,2,0,0.058316771633544234,0.06297507865495218,0,0
3244,1,0,0.04937172566829242,0.0536495404005363,0,0
3245,3,0,0.30096676126302563,0.30262075323140475,0,0
3246,1,0,0.4331322442552332,0.42965154023906293,1,1
3247,2,0,0.6963198214189218,0.6862213859199711,1,1
3248,4,1,0.2718655750876065,0.27454371399038074,0,0
3249,2,0,0.10291103425660168,0.10847440416414844,0,0
3250,3,0,0.7318532051503353,0.7204974059207166,1,1
3251,2,1,0.06667520562530538,0.0709808875338718,0,0
3252,5,0,0.01784736123238878,0.020030748900958677,0,0
3253,2,1,0.7006997896841293,0.6907371838059785,1,1
3254,4,1,0.07828088148551858,0.08295964232494919,0,0
3255,4,1,0.3715469971725584,0.3675325237150575,0,0
3256,2,1,0.6967628060751943,0.6858908937550353,1,1
3257,5,0,0.1392003091841764,0.1452490650543286,0,0
3258,1,0,0.007817327015385563,0.009463193095666584,0,0
3259,5,0,0.17720631607388543,0.17896630479220615,0,0
3260,2,1,0.6764737829766441,0.6658095281491956,1,1
3261,5,1,0.7299481912686038,0.7215555995563827,1,1
3262,3,0,0.24500300332502511,0.24674470564678125,0,0
3263,5,0,0.283406782081394,0.29051340337823595,0,0
3264,5,0,0.46862036559308967,0.4632545939843358,1,1
3265,4,0,0.5891954691562172,0.5829685601899148,1,1
3266,2,0,0.43258922169710246,0.43520041183116875,1,1
3267,4,0,0.4391341662655543,0.4347612216480609,1,1
3268,5,1,0.24290320414027763,0.2435736340240524,0,0
3269,2,0,0.3548030814865932,0.35068732551360215,0,0
3270,1,0,0.00655127667642823,0.008269208117648075,0,0
3271,3,0,0.39805400841164185,0.39275541484980164,0,0
3272,4,0,0.32757107811861796,0.3266478888745684,0,0
3273,5,0,0.3559791087880351,0.35283600088878936,0,0
3274,3,0,0.04717343138248732,0.05101465737378831,0,0
3275,2,1,0.7083463548985977,0.6970766976587687,1,1
3276,4,0,0.05308724814883011,0.05658938762066377,0,0
3277,1,1,0.6619397174585002,0.6495359873174441,1,1
3278,4,0,0.006805061108488472,0.008005611101382601,0,0
3279,3,0,0.10227771105036686,0.10770505391739585,0,0
3280,1,0,0.19753686994174602,0.19879582223237008,0,0
3281,2,0,0.029177307169871155,0.032802319896312694,0,0
3282,4,0,0.03654263605753996,0.04039195469205699,0,0
3283,5,0,0.03944502851513382,0.043128985202047346,0,0
3284,3,0,0.05307926630779539,0.05754669586096885,0,0
3285,1,0,0.21765836452266923,0.22045675700417725,0,0
3286,3,0,0.023738057663267313,0.027662053170688296,0,0
3287,3,0,0.2380691851315471,0.23854030859634742,0,0
3288,3,1,0.5818947422700345,0.5738577448674885,1,1
3289,5,0,0.014484038229740797,0.016327423966405696,0,0
3290,5,0,0.2708920502457197,0.26870055224150446,0,0
3291,5,0,0.17898291373039849,0.18077010821601874,0,0
3292,3,0,0.13259938332142773,0.13689968216775839,0,0
3293,2,0,0.007111072572272186,0.008644434722278105,0,0
3294,4,1,0.16409211779727548,0.16834704591295999,0,0
3295,2,0,0.3402788384396332,0.3399722637983157,0,0
3296,5,0,0.38579761751719005,0.38023660830601036,0,0
3297,1,0,0.3906509086097022,0.38533426316563224,0,0
3298,2,0,0.38424425554501884,0.378920762021261,0,0
3299,1,0,0.03971234079786081,0.04454482684169888,0,0
3300,3,0,0.010791090899799974,0.01323077050234257,0,0
3301,4,0,0.14421815911716818,0.14776883217953996,0,0
3302,3,1,0.7121643668729284,0.7038472724291216,1,1
3303,5,0,0.6070426872538128,0.5983743578657019,1,1
3304,2,1,0.15914571703276773,0.16300345250190476,0,0
3305,4,0,0.3583721371684672,0.3579517115663088,0,0
3306,2,0,0.009803541044809627,0.011749652071547344,0,0
3307,3,0,0.18485693190129218,0.18739665663717622,0,0
3308,5,1,0.5155213340955058,0.5096057830971695,1,1
3309,1,0,0.002333168330355587,0.003168001698153137,0,0
3310,2,0,0.0672702114563439,0.07196104744314889,0,0
3311,3,1,0.02135312524504579,0.025157074742353423,0,0
3312,3,0,0.7588610428006131,0.7485906186344533,1,1
3313,1,0,0.15800497353401144,0.16332906041750395,0,0
3314,1,0,0.012082284335532642,0.014417545443785346,0,0
3315,1,0,0.030882967583765967,0.034933194660963875,0,0
3316,3,1,0.7404666468033797,0.7304379999649557,1,1
3317,1,0,0.23690309993306105,0.23927982067457493,0,0
3318,1,0,0.3076126522973111,0.3087035945782779,0,0
3319,3,0,0.2075366461908967,0.21033553914594175,0,0
3320,3,0,0.08612585426615749,0.09144749911129137,0,0
3321,3,0,0.318456043764292,0.3198319179123293,0,0
3322,5,0,0.008498718799538785,0.009959846191690411,0,0
3323,3,0,0.015206523817686217,0.017624102330874677,0,0
3324,3,0,0.6667514296148924,0.6553151654183533,1,1
3325,2,0,0.028291109249596286,0.031726998973628684,0,0
3326,5,0,0.08618597935475851,0.09027320829068444,0,0
3327,1,0,0.017511477408171505,0.020643939980648444,0,0
3328,1,1,0.6237326944516964,0.6176377528460416,1,1
3329,2,0,0.04264289456424561,0.04640370546911106,0,0
3330,2,0,0.19883792392097485,0.20182619973033625,0,0
3331,3,0,0.7576974875970859,0.747362754675158,1,1
3332,3,1,0.10424546392407585,0.11026201603390866,0,0
3333,3,0,0.0034533586365648396,0.004594003746143279,0,0
3334,2,0,0.0409803867499639,0.044952322509401094,0,0
3335,2,0,0.17849755141193038,0.18277554993914144,0,0
3336,4,0,0.01065683410772733,0.012294276038405542,0,0
3337,3,0,0.61347997081208,0.6054404983569992,1,1
3338,5,1,0.5407939851254467,0.5400492724942579,1,1
3339,4,1,0.6276021664357196,0.6177427622252654,1,1
3340,3,0,0.2856219853726724,0.28627472101392987,0,0
3341,1,0,0.11583682998827624,0.12113249629911682,0,0
3342,4,1,0.6102502665729513,0.6028310018893552,1,1
3343,5,0,0.013307355497616432,0.015784522762045044,0,0
3344,4,1,0.5135246607921258,0.5125334523979577,1,1
3345,2,0,0.33691374925904455,0.33344463949904457,0,0
3346,4,0,0.04940688135140186,0.05362551654626074,0,0
3347,2,0,0.1464913115770604,0.1506073205371568,0,0
3348,2,0,0.14770870408467365,0.15374736322982466,0,0
3349,5,0,0.6427063026658469,0.6345994845579573,1,1
3350,1,0,0.004169267968036481,0.005418587237858545,0,0
3351,5,0,0.012291563156571487,0.014289739888339143,0,0
3352,2,0,0.0019869548007623665,0.0025800079846065834,0,0
3353,4,0,0.08174381999675932,0.08604266313276354,0,0
3354,4,0,0.07589401589060037,0.08030328725231219,0,0
3355,3,0,0.7195670351348041,0.7094939280790056,1,1
3356,4,0,0.06382096145139052,0.06835593900080907,0,0
3357,3,0,0.05332674743566609,0.0566740019114141,0,0
3358,2,0,0.2492499943222677,0.2547642016885785,0,0
3359,2,0,0.042655772778955894,0.046664193786708774,0,0
3360,3,0,0.06604246612740597,0.07073771424494288,0,0
3361,2,0,0.05922955678573332,0.06422972900580345,0,0
3362,1,1,0.58423189059662,0.5762203320869503,1,1
3363,3,1,0.740841947220765,0.731009227763516,1,1
3364,3,1,0.3452235268471989,0.3438536086143247,0,0
3365,5,1,0.7768810539599177,0.7679324549308413,1,1
3366,5,0,0.10025269328554971,0.10618078663171009,0,0
3367,5,0,0.01294321351848582,0.014464021721695832,0,0
3368,1,0,0.6880204884652505,0.6783880179912429,1,1
3369,1,0,0.24944731832510825,0.24983309875526388,0,0
3370,5,0,0.007321680896990215,0.009064041208909992,0,0
3371,5,0,0.17416451487812734,0.17752171309129897,0,0
3372,2,0,0.10652598477256633,0.11196030658990044,0,0
3373,3,0,0.604264455744539,0.5976066579623323,1,1
3374,4,0,0.0031854852381838104,0.003920910856621272,0,0
3375,4,1,0.6510251520329783,0.6419999439369147,1,1
3376,5,1,0.5417221744478913,0.5406344546869306,1,1
3377,4,0,0.010240728385977352,0.011993501567700396,0,0
3378,4,1,0.6230934698282756,0.6163919447178076,1,1
3379,3,0,0.049086673365555056,0.053636561249115075,0,0
3380,1,0,0.05449555167613335,0.05928078312698696,0,0
3381,3,0,0.07808238525205086,0.08271583007716127,0,0
3382,3,0,0.2234035358976632,0.2253352366654994,0,0
3383,5,1,0.5670984008193309,0.560909803610457,1,1
3384,5,0,0.006659407216991833,0.008307748448800046,0,0
3385,1,0,0.03080481934928311,0.03562229749279303,0,0
3386,1,1,0.7000334781260972,0.6907838674123506,1,1
3387,4,1,0.10161903945406031,0.10633487455553255,0,0
3388,2,0,0.1988008172279292,0.20186143485149674,0,0
3389,1,0,0.07914115256923007,0.08464030486089338,0,0
3390,1,0,0.07726455254459257,0.08239958194318583,0,0
3391,1,0,0.03355314373720701,0.03733312076063641,0,0
3392,5,0,0.18355284230015287,0.18792714191496468,0,0
3393,3,0,0.059202967941128136,0.06327702964605993,0,0
3394,4,0,0.04970090648445977,0.05352489938125837,0,0
3395,5,0,0.31600638374528717,0.3159737865241768,0,0
3396,1,0,0.586801242990774,0.5793538271738768,1,1
3397,1,0,0.0034171753671906457,0.004544025843729872,0,0
3398,5,0,0.3493074794748755,0.34705938220064125,0,0
3399,2,1,0.2183321077771652,0.2217708811573193,0,0
3400,1,0,0.08334663922907855,0.08795835342794114,0,0
3401,1,0,0.02586145765628399,0.029446714123372953,0,0
3402,1,0,0.0609471994408098,0.06551033205939659,0,0
3403,5,1,0.2806702795827214,0.2803762897262595,0,0
3404,5,1,0.10704189111037661,0.10930726959169138,0,0
3405,3,0,0.017624726927366087,0.02000800658100559,0,0
3406,1,0,0.22149782632129025,0.22606688340590636,0,0
3407,2,1,0.3698156791630643,0.370092277009561,0,0
3408,2,0,0.022586072461505638,0.02549387810372275,0,0
3409,4,0,0.030078547710918956,0.03326869189949468,0,0
3410,1,1,0.006747833806108377,0.008565855211205734,0,0
3411,2,1,0.3955833603705789,0.39512829665767624,0,0
3412,5,0,0.014905329069348714,0.01765469780475052,0,0
3413,5,0,0.30089597846522886,0.298854621787706,0,0
3414,2,0,0.1952199822010187,0.19974268112650082,0,0
3415,1,0,0.28753991440802046,0.28619745291316073,0,0
3416,5,0,0.11235035471871783,0.1145754294765589,0,0
3417,4,0,0.09467144355701977,0.09934565772459851,0,0
3418,4,0,0.16635387613018382,0.16944513340630224,0,0
3419,4,0,0.6869336132044054,0.6776680883108092,1,1
3420,1,0,0.5016113346003872,0.49695713653633417,1,1
3421,3,0,0.017690159907531363,0.020167413947573827,0,0
3422,2,0,0.6683158139092471,0.659104317396053,1,1
3423,1,1,0.6485764114774146,0.6399124987564487,1,1
3424,3,0,0.003613109185829693,0.004715298364053089,0,0
3425,5,1,0.5084062319521037,0.5016575984053369,1,1
3426,1,1,0.5911309570081504,0.5853849890847129,1,1
3427,4,0,0.3498676184898465,0.3518640652845429,0,0
3428,1,0,0.014217365431730477,0.016787544168073987,0,0
3429,1,1,0.13176948470074912,0.1365402890610179,0,0
3430,5,0,0.024172267068428257,0.02601700763874711,0,0
3431,3,0,0.2760763630625795,0.2782797646280779,0,0
3432,5,0,0.05292045704464622,0.05718035746410373,0,0
3433,3,0,0.002058285945715896,0.0028311983547122293,0,0
3434,5,0,0.08956262534240633,0.09470447949175557,0,0
3435,3,0,0.008222261271468464,0.010075645307146844,0,0
3436,1,0,0.011314079556197159,0.013622254696417702,0,0
3437,1,0,0.3039245410806497,0.3046115675554133,0,0
3438,5,0,0.4402310290265818,0.4376565124193827,1,1
3439,4,0,0.5354840983496038,0.5291712397445909,1,1
3440,5,0,0.014452877288343519,0.016475935314398827,0,0
3441,1,1,0.6708298932277896,0.662489556884011,1,1
3442,4,1,0.70018144214564,0.6914048935710716,1,1
3443,3,0,0.0121503301418214,0.014048966972250799,0,0
3444,3,0,0.12663477795100847,0.1309794267950921,0,0
3445,5,0,0.05982582424815591,0.06389364569591537,0,0
3446,2,0,0.11765331951629328,0.12221240144253002,0,0
3447,3,0,0.004012139461092299,0.005300863333081484,0,0
3448,2,0,0.5847035503273369,0.5757391458745715,1,1
3449,5,0,0.7201072957125247,0.7106619317710245,1,1
3450,4,1,0.3754768813239588,0.3735317629721519,0,0
3451,4,0,0.22589513010261578,0.22786828080195193,0,0
3452,1,1,0.7803465921351636,0.7692728869988034,1,1
3453,5,0,0.5913325956062704,0.5864697140832723,1,1
3454,1,0,0.4860051713895434,0.4829610508985812,1,1
3455,3,1,0.4421727794619332,0.4393523029983884,1,1
3456,3,1,0.49490624038673453,0.49068378181921224,1,1
3457,1,0,0.0022245523422227877,0.003024127527573076,0,0
3458,1,0,0.30060847289661735,0.3028331315819557,0,0
3459,2,0,0.6072309014673677,0.5996420424321869,1,1
3460,2,0,0.05069654693592258,0.05513025409857612,0,0
3461,5,0,0.27262616669394646,0.2739531819392916,0,0
3462,2,0,0.4301006583669848,0.42825655758200776,1,1
3463,4,0,0.07767203038324755,0.08194823089140381,0,0
3464,5,0,0.3082661020571436,0.3101472904113912,0,0
3465,2,1,0.4977500857921212,0.4919461974007012,1,1
3466,5,0,0.01633653415426451,0.018879234571805577,0,0
3467,3,1,0.7245101604474516,0.7150156690002072,1,1
3468,3,0,0.00348618033725135,0.004659258018473795,0,0
3469,5,0,0.10032038670260457,0.105866384175108,0,0
3470,5,1,0.24000011085012354,0.24337632652885058,0,0
3471,1,1,0.6923744016946647,0.6828646406352545,1,1
3472,2,0,0.17779857414296044,0.18243038012570173,0,0
3473,1,0,0.14216732456036568,0.1465311851466597,0,0
3474,5,0,0.005993205239191445,0.00722054718800462,0,0
3475,4,0,0.46560469740098753,0.4608800673338986,1,1
3476,5,0,0.0992230286074047,0.10244617040139341,0,0
3477,1,0,0.33138389211500774,0.3319700886677777,0,0
3478,2,0,0.6268414257856069,0.6168625148950883,1,1
3479,4,0,0.08300145023298279,0.08742594833865396,0,0
3480,4,0,0.016621800121408632,0.01893566476217834,0,0
3481,1,0,0.338722645237132,0.33655646464431765,0,0
3482,3,0,0.016247680052096754,0.018603698128325935,0,0
3483,1,0,0.02706413279602052,0.030552679447052956,0,0
3484,4,0,0.46076252207388985,0.4573104018593198,1,1
3485,5,0,0.040991077780063494,0.045782674509725785,0,0
3486,3,1,0.6896910197173574,0.6812754891684644,1,1
3487,3,1,0.5859164188440509,0.5761237548599041,1,1
3488,4,0,0.09097178972124272,0.09594608496237791,0,0
3489,1,0,0.0744236859668569,0.07905353112102612,0,0
3490,4,0,0.20591123919604337,0.20695032132801816,0,0
3491,3,0,0.025948745138678325,0.02957345375520034,0,0
3492,4,0,0.003078568913475394,0.0038012806773188175,0,0
3493,2,0,0.10020244487542862,0.10441348653110796,0,0
3494,4,0,0.24928384853330393,0.2511531680299336,0,0
3495,5,0,0.5013395402230738,0.4987600219340672,1,1
3496,4,0,0.073836426526321,0.07785534072402807,0,0
3497,2,0,0.04967969158592815,0.05410743516503319,0,0
3498,5,1,0.355624506512552,0.3512282958460491,0,0
3499,5,0,0.3862507146556511,0.38930095341195575,0,0
3500,3,0,0.020881991367229676,0.023584969360160437,0,0
3501,4,1,0.48387391841203214,0.4763200989276418,1,1
3502,2,0,0.054467632332882474,0.059349737097518285,0,0
3503,4,0,0.2165720705149632,0.21911323242403044,0,0
3504,4,0,0.03562910877548876,0.03913900854530779,0,0
3505,2,0,0.5012925480839515,0.4934411310621055,1,1
3506,5,0,0.10923572608714514,0.11719299987607297,0,0
3507,5,0,0.3615076488327369,0.36196697167767733,0,0
3508,4,0,0.2854199921687317,0.2871554667401213,0,0
3509,1,0,0.039307172048317705,0.042957954415203364,0,0
3510,5,0,0.008639000764530357,0.010326393349855242,0,0
3511,1,0,0.1476935163357637,0.14998715921158856,0,0
3512,3,0,0.5564714359116165,0.5471323178750668,1,1
3513,5,1,0.12224559960180423,0.12997194463358835,0,0
3514,1,0,0.12615122445042454,0.1314855845542324,0,0
3515,1,0,0.5201215670648304,0.5134421612331314,1,1
3516,2,1,0.5663904306875189,0.557885683832638,1,1
3517,2,0,0.12386135459337162,0.128239282826883,0,0
3518,1,0,0.010544271142512688,0.012822592708883408,0,0
3519,5,0,0.004952500164800571,0.005955703447390695,0,0
3520,1,0,0.5690167763885015,0.5590169171543209,1,1
3521,2,0,0.07238422062601442,0.07713188743736098,0,0
3522,3,0,0.005402468877011999,0.0069893499272694086,0,0
3523,3,1,0.5498196135196025,0.5445502162198511,1,1
3524,4,0,0.08135655253470782,0.08561417245102972,0,0
3525,1,0,0.012076815160028419,0.014725085293948925,0,0
3526,5,0,0.4570649665079132,0.44887801253306236,1,1
3527,2,1,0.5766909798283082,0.5694884991197366,1,1
3528,2,1,0.017652063265870724,0.020470457597334218,0,0
3529,5,0,0.11465757280540201,0.11629061421695652,0,0
3530,3,0,0.053572599433735234,0.058303841673510194,0,0
3531,1,0,0.3694228972816462,0.3654879544922246,0,0
3532,4,0,0.30298624110221495,0.30242202282430036,0,0
3533,3,0,0.16457476795886428,0.17066853189828057,0,0
3534,5,0,0.2049728634845715,0.2101384867985192,0,0
3535,1,0,0.3292309259526662,0.3316316983354433,0,0
3536,2,0,0.0880867881188278,0.0934528771802451,0,0
3537,1,0,0.007071207342301786,0.008603201459449318,0,0
3538,5,0,0.062019800526707754,0.06499232238052,0,0
3539,1,0,0.5716412058475099,0.565302019430914,1,1
3540,3,0,0.025386364712048987,0.029220247644700232,0,0
3541,2,0,0.7408253636584394,0.7308009178834889,1,1
3542,2,0,0.4387382608211831,0.4374612271201717,1,1
3543,3,0,0.5368172765078532,0.52832262034676,1,1
3544,1,0,0.1813712260234272,0.18636638630188293,0,0
3545,2,0,0.11444398800294606,0.11930753482433594,0,0
3546,3,0,0.006500628929856067,0.008161529012225858,0,0
3547,3,0,0.01952864638315429,0.022834887967263424,0,0
3548,4,0,0.017498632391185556,0.019925482834945586,0,0
3549,2,1,0.7261153774054618,0.7154430141913668,1,1
3550,2,0,0.3834583222676648,0.3812539097579825,0,0
3551,2,1,0.1847184070872271,0.18824168295409954,0,0
3552,5,0,0.03905991121210879,0.043734280400821626,0,0
3553,1,0,0.27666532823809925,0.2750417747861191,0,0
3554,5,1,0.6657563247303647,0.6582623912541337,1,1
3555,5,0,0.12589354479205062,0.13073632074356953,0,0
3556,4,1,0.26510363590009506,0.2681029330237713,0,0
3557,1,0,0.4799803432014127,0.4712385684812344,1,1
3558,2,0,0.00991247538642923,0.011657228600491535,0,0
3559,1,1,0.7776144385065719,0.7660844517361547,1,1
3560,4,0,0.19777898366054256,0.20007202258306225,0,0
3561,4,1,0.40195849540451273,0.4005375557961714,1,1
3562,3,0,0.0035963719495973553,0.004707770948947053,0,0
3563,2,1,0.7640524224908932,0.7541284213175853,1,1
3564,2,0,0.42099025248387306,0.4193360103042659,1,1
3565,5,0,0.5471165072412414,0.5454951621073474,1,1
3566,5,1,0.6957500040393366,0.6910341805294726,1,1
3567,5,1,0.7270885092650533,0.7183004132249595,1,1
3568,5,1,0.3472336148030154,0.3384707037986635,0,0
3569,1,1,0.7332067916242629,0.7224625123974333,1,1
3570,3,0,0.0611801627173708,0.06593190232154109,0,0
3571,1,1,0.18898909697099922,0.1939132910651682,0,0
3572,3,0,0.06469732158763239,0.06955943105317722,0,0
3573,4,1,0.28605932546663504,0.28463721827975474,0,0
3574,5,0,0.015175822285770201,0.017431748809274044,0,0
3575,5,0,0.02317940192298307,0.026812464877379115,0,0
3576,5,0,0.23183194014649375,0.233148562710436,0,0
3577,5,1,0.18475724342646135,0.1851865177343368,0,0
3578,3,0,0.10206841725918278,0.10682158014527277,0,0
3579,1,0,0.5779915889540359,0.5722275397366663,1,1
3580,2,0,0.008634368598453263,0.010351796132007433,0,0
3581,5,1,0.6349192097259787,0.6298463003828515,1,1
3582,5,0,0.15854334890415633,0.16174723257344303,0,0
3583,5,1,0.7431412388540433,0.7342316694336978,1,1
3584,2,0,0.004775109972359248,0.005913300979113649,0,0
3585,5,0,0.7285158451629511,0.7184011267988588,1,1
3586,2,0,0.016403979556812765,0.018912727315023803,0,0
3587,5,0,0.2102236282571563,0.21486140785558022,0,0
3588,5,0,0.09173174081358307,0.09690074973247816,0,0
3589,5,1,0.20736434357868544,0.21224651379881648,0,0
3590,2,0,0.02769473625188169,0.031617626225247455,0,0
3591,3,0,0.15810635507383472,0.16009550683555457,0,0
3592,1,0,0.26480109064003715,0.2663828435322072,0,0
3593,1,0,0.005375390687616548,0.00687377290640518,0,0
3594,2,0,0.03198588668720462,0.035808185902108804,0,0
3595,3,0,0.6701725493207517,0.6600568051875795,1,1
3596,5,1,0.7278027628849315,0.7183507843664376,1,1
3597,2,0,0.010856784212615272,0.012703037568235109,0,0
3598,1,0,0.22227416579077994,0.22318693808582654,0,0
3599,3,0,0.07269024553155805,0.07792722306020819,0,0
3600,5,1,0.5652789807461749,0.5640287916367857,1,1
3601,3,0,0.07788360451587928,0.08177915749774184,0,0
3602,3,1,0.4844408038279394,0.47751106474330046,1,1
3603,1,1,0.5633405862085683,0.5581272498712968,1,1
3604,3,0,0.019005423091213315,0.022188021772373688,0,0
3605,2,0,0.004393047731217563,0.005486437302943558,0,0
3606,3,0,0.25171643627073437,0.25297037454751264,0,0
3607,2,0,0.06844337000713953,0.07308309880056443,0,0
3608,3,1,0.647010721229055,0.6386095451523883,1,1
3609,4,0,0.13428024942370576,0.13850223225046837,0,0
3610,2,0,0.13952317079403298,0.14497709367326195,0,0
3611,5,0,0.019137192555439244,0.021503883982172893,0,0
3612,2,1,0.01048830655988013,0.012357371350923591,0,0
3613,3,0,0.5696183420428302,0.5624068843341181,1,1
3614,2,0,0.5308355185136899,0.5223939128322106,1,1
3615,3,0,0.013788274438186043,0.015866957659085846,0,0
3616,5,1,0.7717567491150514,0.7633109668906697,1,1
3617,4,1,0.7152852361757949,0.7065700181375696,1,1
3618,5,0,0.12906882659780466,0.13353308339747427,0,0
3619,2,0,0.031076461040919812,0.03467858501089636,0,0
3620,4,0,0.3322296117397186,0.33118669527310723,0,0
3621,4,0,0.46278773665984774,0.46039410550215026,1,1
3622,1,1,0.10666555269746682,0.11453180653000357,0,0
3623,1,0,0.299376533558898,0.30041198359586446,0,0
3624,3,0,0.22475812810961018,0.22861504778485467,0,0
3625,4,0,0.003799438434759461,0.004634432745382518,0,0
3626,5,1,0.5857410400042303,0.5768061101316951,1,1
3627,2,1,0.623507924165753,0.6154046441621134,1,1
3628,5,0,0.09819000408724105,0.10095428115569875,0,0
3629,4,1,0.7190030221866222,0.7095613502605891,1,1
3630,2,1,0.6276971714425946,0.6200185946938379,1,1
3631,3,1,0.02838861290181705,0.032072254752978355,0,0
3632,2,0,0.20252012363213318,0.2042555749526426,0,0
3633,4,0,0.36196415102987894,0.3597601153304314,0,0
3634,1,1,0.7522805944320902,0.7420407480070215,1,1
3635,2,0,0.38935389257493885,0.38371919026446044,0,0
3636,5,1,0.6159064996596095,0.6098968094228303,1,1
3637,3,0,0.29839739386991976,0.2952319770836288,0,0
3638,5,0,0.42266950733195063,0.4148470437817566,1,1
3639,1,0,0.0022708086609473824,0.003110034595256903,0,0
3640,1,0,0.22782014998684616,0.23203161252044496,0,0
3641,1,0,0.05997013279954545,0.06435108546045863,0,0
3642,3,0,0.3745370595992283,0.3715215897115687,0,0
3643,1,0,0.016553385354643065,0.019576566181676063,0,0
3644,4,1,0.7122169312412354,0.7022918465067856,1,1
3645,2,0,0.06880817967250424,0.07340758539845527,0,0
3646,5,0,0.1605081794879729,0.16091346622554278,0,0
3647,1,0,0.5401737009346466,0.5362477277863211,1,1
3648,3,0,0.3793092984663019,0.37687820826434754,0,0
3649,4,0,0.03280405433753569,0.03576091970165508,0,0
3650,5,1,0.6319454504594014,0.6213993605989125,1,1
3651,1,1,0.1865091106976819,0.18952013071317847,0,0
3652,4,0,0.023583331659616697,0.026707423991900826,0,0
3653,4,0,0.5408101635700479,0.5359659679356672,1,1
3654,4,0,0.2565572585611957,0.2584376525214429,0,0
3655,1,1,0.19367840420688243,0.19780967023245552,0,0
3656,2,0,0.18850492368129831,0.19264073938503085,0,0
3657,5,0,0.49564634902384463,0.4868818819214372,1,1
3658,3,0,0.41428088995122375,0.4080478694669677,1,1
3659,4,0,0.003579331309015075,0.004383970863442642,0,0
3660,4,0,0.15651600873841298,0.1592739074390311,0,0
3661,3,0,0.21166097952864435,0.21467883825774772,0,0
3662,1,0,0.11186076716346406,0.11633198143144603,0,0
3663,5,0,0.2002415510743261,0.2031433104806958,0,0
3664,3,0,0.3389682594099854,0.3401028475049114,0,0
3665,1,0,0.0015479380535551653,0.002151231716819798,0,0
3666,1,0,0.002621584299290993,0.0035223760574430558,0,0
3667,2,0,0.013703671304794756,0.015851803422303933,0,0
3668,2,1,0.8024557788028827,0.7920505052005128,1,1
3669,2,0,0.04374380674652825,0.047688930738199,0,0
3670,5,0,0.39448672232605897,0.39377704777390937,0,0
3671,4,0,0.035276511268971786,0.03860247774751681,0,0
3672,3,0,0.24679189610237243,0.2504316311897195,0,0
3673,3,0,0.02130779756541026,0.024751434744181292,0,0
3674,3,1,0.4762464876685777,0.4711681169205185,1,1
3675,3,0,0.014197141603141648,0.016404420143717215,0,0
3676,1,0,0.4632474586016938,0.4625667279889882,1,1
3677,4,1,0.5797521311152438,0.575543145675143,1,1
3678,3,0,0.18997518182808892,0.1946556714436019,0,0
3679,2,0,0.03370503683751134,0.03775811086973872,0,0
3680,5,0,0.04844677871621951,0.05151305225737233,0,0
3681,2,0,0.4209095441928736,0.41399227368006775,1,1
3682,4,0,0.007307021757381258,0.008657368117019046,0,0
3683,3,0,0.30136038378743857,0.30314818945074995,0,0
3684,2,0,0.24564456732663242,0.2444883418404499,0,0
3685,5,0,0.014805832443649114,0.01774051645419345,0,0
3686,3,0,0.042588548590250117,0.047032863449965635,0,0
3687,3,0,0.05512527175979819,0.06029190158088541,0,0
3688,3,0,0.09673475004419858,0.10171368171965615,0,0
3689,1,1,0.13306612243167826,0.13662034195378386,0,0
3690,1,0,0.00301802440076255,0.004044642404788806,0,0
3691,2,0,0.011749456260585515,0.01374767676049327,0,0
3692,3,1,0.3011369435731912,0.30175848898529445,0,0
3693,2,0,0.12839284096003373,0.1326926558302599,0,0
3694,5,0,0.0064244933296526315,0.007704725206807206,0,0
3695,2,0,0.26086537873372895,0.2619055122909691,0,0
3696,1,0,0.24260126757969538,0.24294817082990372,0,0
3697,1,0,0.7429618140547912,0.7328751447801961,1,1
3698,1,1,0.6424271809886084,0.6322530174413915,1,1
3699,1,0,0.04602558365214028,0.05005223805440073,0,0
3700,4,0,0.28491328486050843,0.28459773065599614,0,0
3701,5,0,0.2275155555995428,0.22558238423914237,0,0
3702,5,0,0.5689564427498927,0.5620459348081299,1,1
3703,1,0,0.2681486304351496,0.2669931243474162,0,0
3704,5,0,0.1279552080073656,0.12989324877998523,0,0
3705,5,0,0.15225693695493694,0.156091090484792,0,0
3706,5,0,0.15399047344366779,0.15934616699015186,0,0
3707,3,0,0.130829948793844,0.13628607475922322,0,0
3708,4,1,0.7683135493965119,0.7596729824554267,1,1
3709,4,1,0.16953265084070268,0.17206973570339384,0,0
3710,4,0,0.004105565292104987,0.004981117203511784,0,0
3711,5,0,0.008359543907872288,0.009804682977586564,0,0
3712,5,0,0.013283193246345956,0.01555744676281563,0,0
3713,5,0,0.018099441376603215,0.02044344770916312,0,0
3714,3,1,0.7681835649915596,0.7579769375351343,1,1
3715,5,0,0.7029688747066551,0.6980434512247251,1,1
3716,3,1,0.6867230322032483,0.6763660050767257,1,1
3717,3,0,0.4941129950589504,0.48690213697620466,1,1
3718,1,1,0.011824656179524476,0.013965104501192885,0,0
3719,4,0,0.42474916571871485,0.42592033649376104,1,1
3720,5,1,0.6187394163979931,0.6118663513499099,1,1
3721,2,0,0.6350915879688817,0.6274417874702383,1,1
3722,3,0,0.2900710861951293,0.29075662954231646,0,0
3723,5,0,0.7214159049363824,0.7115041561754578,1,1
3724,1,0,0.05808163243925984,0.06336106308006381,0,0
3725,4,1,0.19938530968885393,0.20337167668898495,0,0
3726,3,0,0.021204992813054307,0.02491167442928437,0,0
3727,5,0,0.10220598285429776,0.10938538171042522,0,0
3728,1,0,0.46648689435530366,0.45918986911498416,1,1
3729,2,0,0.31920940786383306,0.31937283401502226,0,0
3730,5,0,0.06180047754396687,0.06610313225492478,0,0
3731,4,1,0.2114144807599356,0.213362107669754,0,0
3732,4,0,0.013456051681214658,0.015300728949903846,0,0
3733,5,0,0.06393564795424701,0.06780552553275045,0,0
3734,2,1,0.7417497310954096,0.7314090902123452,1,1
3735,2,1,0.6582986502749141,0.6482934326731443,1,1
3736,5,0,0.09035096253295959,0.09590247532674318,0,0
3737,5,0,0.32252927626681976,0.3185577049373169,0,0
3738,4,0,0.06366429454622721,0.067706344897317,0,0
3739,3,1,0.6651128089854739,0.655077930116906,1,1
3740,4,0,0.20978842415301582,0.21272671250882574,0,0
3741,5,1,0.5024770973831684,0.5058832061390421,1,1
3742,3,1,0.3392534755130387,0.3390738928292918,0,0
3743,4,0,0.16132708498087633,0.16494751603365812,0,0
3744,1,1,0.6381782728421719,0.6314237765696831,1,1
3745,4,0,0.015831596014310126,0.017882104145024415,0,0
3746,3,0,0.23782945246932183,0.2408059205605954,0,0
3747,4,0,0.12403539746940498,0.1286531876352825,0,0
3748,1,0,0.03990215045891612,0.04428367286264505,0,0
3749,5,1,0.5245984235207659,0.5214878144966736,1,1
3750,2,0,0.23388312920940324,0.23535760643646225,0,0
3751,4,0,0.2936971026978064,0.2929974746103431,0,0
3752,3,0,0.17494060063272004,0.18037919705893285,0,0
3753,4,0,0.3703722515083653,0.36783786415768793,0,0
3754,1,0,0.004634374263207063,0.005970714179744312,0,0
3755,3,0,0.017981663099543466,0.021148063662635934,0,0
3756,5,0,0.10007851583499736,0.10400339603753864,0,0
3757,4,0,0.2917065304753875,0.28992779204667063,0,0
3758,1,1,0.03239836638201971,0.03683648056159515,0,0
3759,1,0,0.6752620787201495,0.6658340736582823,1,1
3760,5,1,0.4967217860297183,0.49534511280747895,1,1
3761,4,0,0.5785279739407612,0.5720875742836029,1,1
3762,1,1,0.4516726812100862,0.44823246660112825,1,1
3763,2,0,0.15470904554613407,0.15887873495439986,0,0
3764,3,0,0.00984780999597107,0.011837487321667386,0,0
3765,5,0,0.3182591575613847,0.3110656548606758,0,0
3766,4,0,0.08154069625938189,0.08656341512016717,0,0
3767,5,0,0.025483960676285666,0.02910937062866466,0,0
3768,4,0,0.2243434856390165,0.22561150449334916,0,0
3769,1,0,0.18255004313931356,0.18455851646395022,0,0
3770,5,0,0.017252359446835647,0.01938113603390741,0,0
3771,3,0,0.019492501940769687,0.022100874369153225,0,0
3772,3,0,0.008567346486084402,0.01027620966986035,0,0
3773,5,0,0.29983493026146485,0.2988975929486875,0,0
3774,3,0,0.054863206837868495,0.060247536080167585,0,0
3775,2,1,0.5660229157241914,0.5573365538311054,1,1
3776,2,0,0.17348868712538615,0.1753991606220041,0,0
3777,1,1,0.18606733266564107,0.1892077075022902,0,0
3778,5,0,0.03240471675798272,0.03621546241002452,0,0
3779,1,1,0.6732771958422467,0.6635371628653757,1,1
3780,3,0,0.03745113028726311,0.04130489797524296,0,0
3781,2,1,0.36161725071113116,0.36376596005684414,0,0
3782,2,0,0.016643794336794488,0.019276183754022205,0,0
3783,2,0,0.005374427928887186,0.006620583418383928,0,0
3784,3,0,0.017843860453400723,0.021256622522309282,0,0
3785,5,0,0.46014824526640385,0.45021550485272693,1,1
3786,1,0,0.03639871967044077,0.040642980872615274,0,0
3787,1,0,0.0011699473159746485,0.0016620139278520068,0,0
3788,2,0,0.4443763661574017,0.44374968757443056,1,1
3789,2,1,0.04304887228896987,0.04704200689236613,0,0
3790,4,0,0.08995390672466572,0.09435262047439193,0,0
3791,4,0,0.012879951775952872,0.014651604043219269,0,0
3792,1,0,0.05807938904505335,0.06241568926982359,0,0
3793,3,1,0.5911475690434308,0.5839511267157599,1,1
3794,1,0,0.5280621406368846,0.5189687378511262,1,1
3795,4,0,0.6519857770182043,0.6433180894356546,1,1
3796,4,0,0.02069498101923859,0.023290008412478906,0,0
3797,5,0,0.635514004733828,0.6247487407124417,1,1
3798,2,1,0.7540748976864232,0.744206433190809,1,1
3799,1,0,0.022195878906135363,0.025539727085951723,0,0
3800,5,0,0.03887781891857064,0.04260731432257354,0,0
3801,4,1,0.4028847456719357,0.4017222240072108,1,1
3802,4,0,0.17530216308970767,0.1792949078787623,0,0
3803,3,1,0.17458409616737697,0.17813341189720822,0,0
3804,5,0,0.03899761444717971,0.04302611638645236,0,0
3805,5,0,0.003886545644059481,0.004777016114652762,0,0
3806,2,1,0.345892226584028,0.3470262958897185,0,0
3807,4,0,0.006298914339891271,0.0075366050769399675,0,0
3808,1,1,0.7485799881714993,0.7378242387488166,1,1
3809,5,0,0.023937867939404067,0.02692066760824181,0,0
3810,1,0,0.0015714436342121672,0.0021971761756796834,0,0
3811,1,0,0.28424170078688954,0.28551507537180243,0,0
3812,2,1,0.49776511600623036,0.4924155894499419,1,1
3813,5,0,0.0484021766337401,0.05304623492114622,0,0
3814,5,0,0.0017527353999662297,0.0022738854370826416,0,0
3815,2,0,0.024997075153019674,0.028153325397815364,0,0
3816,5,0,0.06804530518311948,0.0729180111410417,0,0
3817,5,1,0.7531266579327222,0.7458964471785512,1,1
3818,1,0,0.010076158881036018,0.012051115866879342,0,0
3819,3,1,0.09054075197678443,0.09732546912081332,0,0
3820,5,1,0.49907940041837123,0.4972494226096207,1,1
3821,4,0,0.680532204356163,0.6708707836090605,1,1
3822,2,0,0.28434622767190426,0.2859213387808757,0,0
3823,1,0,0.0030662966666171743,0.00410334696021879,0,0
3824,2,0,0.6526475899416588,0.6447076559438781,1,1
3825,2,0,0.5164768004777163,0.5107279351926542,1,1
3826,2,0,0.006113818120098654,0.007441554775330822,0,0
3827,1,0,0.561547182635395,0.5530570751620683,1,1
3828,1,0,0.23732484983654367,0.23957605258267956,0,0
3829,5,1,0.6466370165160751,0.6373943329580508,1,1
3830,1,0,0.12408063673233283,0.12900706772776466,0,0
3831,2,0,0.2314833585681906,0.2357784787188489,0,0
3832,1,0,0.016884614710461807,0.019907390610346493,0,0
3833,5,1,0.5601094724150534,0.5513484190078364,1,1
3834,5,0,0.6100477483698616,0.6015516051332905,1,1
3835,3,0,0.20464161430966182,0.20619125428245466,0,0
3836,4,1,0.25186850660190846,0.25179426312519426,0,0
3837,3,0,0.173715265454182,0.1777343414635691,0,0
3838,4,0,0.21200712473779118,0.21388597490967354,0,0
3839,2,0,0.0414811751413593,0.04520477213237121,0,0
3840,4,0,0.1482738660895893,0.15100884164084488,0,0
3841,4,1,0.8250139595351932,0.8151022860589998,1,1
3842,1,0,0.006551809734840222,0.008145056430109768,0,0
3843,4,0,0.19805702145540408,0.2011553996856239,0,0
3844,2,0,0.006896259511329336,0.008347830107628865,0,0
3845,5,0,0.021997942577246417,0.024615188641046778,0,0
3846,4,0,0.25339860765219097,0.2529310593545462,0,0
3847,1,1,0.6201219204650048,0.6101610686460858,1,1
3848,4,1,0.3854505526234039,0.38494197658707785,0,0
3849,5,1,0.2573436440846671,0.2596924239307791,0,0
3850,2,0,0.3590865284166993,0.3563231376100035,0,0
3851,4,1,0.604757607805945,0.5993633744489372,1,1
3852,5,1,0.20297940984402263,0.2059773042267788,0,0
3853,2,0,0.19877855571135875,0.20188259380106405,0,0
3854,1,1,0.0028391124918632758,0.00375548312282021,0,0
3855,5,0,0.03690216379555155,0.04079035381158766,0,0
3856,5,0,0.06935377929420451,0.07503234473775963,0,0
3857,3,0,0.03725216074581686,0.040743691762326714,0,0
3858,2,1,0.3273915703762861,0.33004849799287583,0,0
3859,4,1,0.7576641527365038,0.7483861890409553,1,1
3860,4,0,0.10795706121908595,0.11215733470741815,0,0
3861,4,0,0.31048121435305936,0.3095186674851319,0,0
3862,3,0,0.030618253658787835,0.0347140425295082,0,0
3863,1,0,0.048587004427722603,0.053324558810158115,0,0
3864,1,0,0.01949278594906604,0.022846280694628095,0,0
3865,2,0,0.0035585925468178364,0.00449525227962075,0,0
3866,5,0,0.3223750062953982,0.319714480528163,0,0
3867,1,0,0.17254539203911132,0.17717606439671119,0,0
3868,3,1,0.6867609341948099,0.6763355726364335,1,1
3869,5,0,0.13963598713079753,0.1441753573688648,0,0
3870,1,1,0.570903273904849,0.5631830956154645,1,1
3871,1,0,0.09231210527779421,0.09784224760519276,0,0
3872,5,0,0.5560355461067293,0.5505416092931706,1,1
3873,4,1,0.3788553712531813,0.37749075445922503,0,0
3874,3,0,0.0014941290981499834,0.002099028630417523,0,0
3875,1,0,0.015040992915044345,0.017705038036676536,0,0
3876,4,0,0.05724073720192226,0.0617985870602024,0,0
3877,2,0,0.5390472354906511,0.5289948370070048,1,1
3878,3,1,0.4718215957112328,0.46863299535152053,1,1
3879,4,1,0.731696122161353,0.7227463386201567,1,1
3880,5,0,0.20484771623075468,0.20846694472497784,0,0
3881,1,0,0.1456334433827883,0.15047440243895854,0,0
3882,2,1,0.6851570063083225,0.6758001442278846,1,1
3883,5,0,0.002328118802383631,0.0029663280637020123,0,0
3884,5,0,0.11131580566425939,0.11772496540054578,0,0
3885,2,0,0.15851606475829394,0.16398705702978184,0,0
3886,2,0,0.04521185759457137,0.0495169269336601,0,0
3887,2,1,0.5220846335531202,0.5138534872527375,1,1
3888,4,0,0.307560987037726,0.30802676389972355,0,0
3889,1,0,0.011025565370280092,0.013155681345874326,0,0
3890,5,0,0.05339845860229614,0.05825722723422575,0,0
3891,3,0,0.05213617283325267,0.05680238852172971,0,0
3892,1,0,0.06840145112276956,0.07421199671936887,0,0
3893,2,1,0.6927882799046433,0.6835003921656341,1,1
3894,3,0,0.002489557696709341,0.0033253864930615925,0,0
3895,3,0,0.13606155457867622,0.138663168223019,0,0
3896,4,0,0.39091961971880596,0.3880183832126784,0,0
3897,4,0,0.38958741445911077,0.38692892782832367,0,0
3898,5,0,0.5568303968147408,0.545127837969157,1,1
3899,4,1,0.6137654925569458,0.6044254616609106,1,1
3900,3,0,0.5056535719602506,0.5014286276201367,1,1
3901,2,0,0.03307340988416742,0.03723501341651956,0,0
3902,1,0,0.04403301929965217,0.04830263248361912,0,0
3903,4,0,0.017945282948933224,0.020214708800328392,0,0
3904,2,1,0.21307375264759038,0.21682309626528987,0,0
3905,5,1,0.6094394363231892,0.6047743021919602,1,1
3906,1,0,0.3170414654664133,0.3197320686458096,0,0
3907,1,0,0.09918052752338252,0.10457803914801138,0,0
3908,3,0,0.004613916127582316,0.005904903679066211,0,0
3909,4,0,0.2602070899415826,0.26131368818941925,0,0
3910,1,0,0.013197757033898024,0.015546067131846341,0,0
3911,5,1,0.5515954037196343,0.5455710103638122,1,1
3912,3,0,0.024564960472678195,0.028328897485772005,0,0
3913,1,0,0.22007516835436503,0.2234198513641319,0,0
3914,3,0,0.1420994597715034,0.1447013151224778,0,0
3915,5,0,0.27341632159321805,0.2681819002640979,0,0
3916,2,0,0.5268823563286772,0.5217410355208452,1,1
3917,3,0,0.6653689090035119,0.656527209636299,1,1
3918,4,1,0.3438388612550374,0.3434083374990927,0,0
3919,5,0,0.06310600996241401,0.06743542884605976,0,0
3920,3,0,0.1963572480169144,0.2011892700110395,0,0
3921,4,0,0.21774659360628587,0.2211129311336446,0,0
3922,4,0,0.2693895603391368,0.2692932604909677,0,0
3923,4,1,0.5771154732937084,0.5687808811930826,1,1
3924,1,1,0.46620193751802225,0.45805841889879967,1,1
3925,4,1,0.6834757834738346,0.6747002556294805,1,1
3926,2,1,0.7418421445972679,0.7320863008005205,1,1
3927,5,0,0.5606274677701354,0.5441010333581395,1,1
3928,3,0,0.003202895846343487,0.004260586022488589,0,0
3929,2,0,0.003676655910080222,0.004609602038956448,0,0
3930,1,1,0.6413431549246944,0.6331104232354052,1,1
3931,5,0,0.02017073673158812,0.023142904152052772,0,0
3932,3,0,0.01985338368580478,0.02270002228614256,0,0
3933,1,0,0.03112753103366669,0.03500740288455832,0,0
3934,2,0,0.007071568712518421,0.008483750534521252,0,0
3935,2,0,0.3190748936644938,0.3190533116467688,0,0
3936,1,0,0.6638195170503381,0.6539975405520014,1,1
3937,2,0,0.11558682416458914,0.12052719124991422,0,0
3938,1,0,0.003555476023437499,0.004645274149376971,0,0
3939,3,0,0.005791816243617911,0.007176312705074263,0,0
3940,1,0,0.0011052558608166244,0.00157921666803182,0,0
3941,1,0,0.41802291894480226,0.4166978234431536,1,1
3942,4,0,0.0544612301744951,0.058634662701920505,0,0
3943,3,0,0.054525576763955724,0.059939176577980514,0,0
3944,2,0,0.1130749563158637,0.1173124830558078,0,0
3945,2,0,0.011807219896532753,0.013796773265718659,0,0
3946,2,0,0.016769507341655047,0.019341774609260558,0,0
3947,5,1,0.37763437652181603,0.37081202356015347,0,0
3948,3,0,0.026807239189445976,0.030294724958189283,0,0
3949,1,0,0.7003726706643225,0.6906026093082663,1,1
3950,2,0,0.4095206317736158,0.407353842757446,1,1
3951,4,0,0.09912087022854107,0.10336164497176621,0,0
3952,4,0,0.026998697937143545,0.029934029823629436,0,0
3953,2,0,0.29207813683558875,0.29374372640897634,0,0
3954,1,0,0.04791315604356033,0.0530244863774287,0,0
3955,3,1,0.4503221155623848,0.44786305896639017,1,1
3956,2,0,0.5933672411680574,0.5825974607084621,1,1
3957,1,1,0.21774765759554868,0.22082170797127465,0,0
3958,2,1,0.49307580228386116,0.48733971210776234,1,1
3959,5,0,0.010640583642398123,0.012434825396131685,0,0
3960,2,0,0.17816504296516433,0.18230232501216043,0,0
3961,2,0,0.020487247703574966,0.023344367323992494,0,0
3962,2,1,0.6787603736317782,0.6683269184595804,1,1
3963,1,0,0.41705948442541896,0.4170501994744752,1,1
3964,5,1,0.5982154858665419,0.5885062778353141,1,1
3965,1,0,0.6262773876463774,0.6162104444111762,1,1
3966,2,0,0.607607806572418,0.6010289186026918,1,1
3967,4,0,0.021057079290350465,0.023679686815829812,0,0
3968,2,1,0.5855287728024723,0.5776899515664555,1,1
3969,3,0,0.21503278480741056,0.21965729971533188,0,0
3970,5,0,0.2988774826231128,0.2982884397152338,0,0
3971,5,1,0.20276859808059544,0.2033124494737235,0,0
3972,3,1,0.5243473838351059,0.5160995104158895,1,1
3973,4,0,0.25253279196186235,0.25275895969928064,0,0
3974,5,0,0.17895288689810118,0.18441275540910373,0,0
3975,5,0,0.04589855463824249,0.051293671410661636,0,0
3976,3,1,0.480660486980625,0.474172451098391,1,1
3977,1,1,0.6744986455359757,0.6623526220626004,1,1
3978,4,0,0.2131856876665417,0.21624087760768212,0,0
3979,4,1,0.5314523425313387,0.5280295765203984,1,1
3980,2,0,0.03014241795242724,0.033894078086049315,0,0
3981,4,0,0.2013807629593626,0.20230377826122764,0,0
3982,4,0,0.14662639912135025,0.15052485106761518,0,0
3983,1,0,0.4631225959419451,0.4563773680094892,1,1
3984,1,1,0.41837191562891035,0.41696286875514366,1,1
3985,1,0,0.085642378706302,0.0907464221626221,0,0
3986,4,0,0.025241779154934307,0.028201184831399835,0,0
3987,2,0,0.03917104637615856,0.04318672112117901,0,0
3988,4,1,0.5223241179240569,0.5163086063663409,1,1
3989,4,0,0.008419101059452625,0.009828559326630501,0,0
3990,2,0,0.059356057710177615,0.06427004113210064,0,0
3991,1,1,0.5857117265365598,0.578195294690334,1,1
3992,1,1,0.2391382748620042,0.2398793986681625,0,0
3993,1,1,0.2441287212324679,0.24789346104577623,0,0
3994,2,0,0.01382032948876892,0.015925485031124113,0,0
3995,3,0,0.0023080607279390426,0.0030989873470625,0,0
3996,3,0,0.02893421441234673,0.03282363909310278,0,0
3997,2,0,0.28711116948949705,0.28763137035474956,0,0
3998,2,1,0.14444079614964062,0.14896179748273858,0,0
3999,1,0,0.09202548346479779,0.09820920823368309,0,0
4000,2,0,0.011074580385541957,0.012932764042254758,0,0
4001,2,1,0.5810010366973232,0.5748519390473245,1,1
4002,5,1,0.6770567078880568,0.6654184777003073,1,1
4003,1,0,0.018134701368860213,0.021097784292193077,0,0
4004,2,1,0.49764753036999065,0.4921033084156293,1,1
4005,1,0,0.20174510557240857,0.2033224440620484,0,0
4006,2,0,0.024424764570299545,0.0275697100602418,0,0
4007,1,0,0.37103895750836524,0.3730510118519391,0,0
4008,3,1,0.19980750413562207,0.20523108738868573,0,0
4009,4,0,0.014230971995488628,0.016280556015452675,0,0
4010,2,0,0.32893937172650395,0.32671885068090506,0,0
4011,5,1,0.1532935245320588,0.1589236956067075,0,0
4012,3,1,0.27277715837234473,0.2756984041466787,0,0
4013,3,0,0.060514215109636456,0.06591641237603503,0,0
4014,5,0,0.041697005032127046,0.04549190129569275,0,0
4015,5,0,0.0910034186422663,0.09374432016185433,0,0
4016,3,0,0.37371892734521445,0.3716879639384214,0,0
4017,1,0,0.11170984768326914,0.11653623550908573,0,0
4018,3,0,0.3944381215220345,0.3898484169223204,0,0
4019,4,0,0.08826926105365344,0.09208334631835986,0,0
4020,3,1,0.18707294017313222,0.19033010994713861,0,0
4021,4,0,0.051331529957150554,0.05505373879348319,0,0
4022,3,0,0.0012283214132419082,0.0017249973700697418,0,0
4023,4,0,0.7610621800993047,0.7518167333694507,1,1
4024,1,0,0.008725431321332418,0.010841444469638185,0,0
4025,5,0,0.171868746483642,0.1739246895090682,0,0
4026,5,0,0.021186932791147004,0.023845725130418067,0,0
4027,2,1,0.7005629799498919,0.6908746685475193,1,1
4028,4,0,0.004280337494181166,0.005185739114708239,0,0
4029,5,0,0.6477155892562129,0.6392673962788157,1,1
4030,1,0,0.04556610441623028,0.050309289532116885,0,0
4031,2,1,0.7103856572615416,0.6995806223145647,1,1
4032,2,0,0.04396542624186526,0.047846089651428524,0,0
4033,5,0,0.29434373551289317,0.2904586971571005,0,0
4034,5,0,0.64133016167864,0.630264724860092,1,1
4035,1,0,0.23764150149183597,0.23979839488001115,0,0
4036,3,0,0.03154821351208559,0.035693763823820994,0,0
4037,4,0,0.5626600614143995,0.5561774925907064,1,1
4038,5,1,0.6794488579135965,0.674568066287183,1,1
4039,1,0,0.09624327517006845,0.10186846976554628,0,0
4040,1,1,0.7488644474179668,0.7376900678682319,1,1
4041,5,0,0.39630371843327583,0.3922381942323655,0,0
4042,3,0,0.0411031465996569,0.045580232011377154,0,0
4043,1,0,0.03628555678193955,0.040517100092205924,0,0
4044,1,1,0.5868322687813922,0.5820410107520861,1,1
4045,1,0,0.3770046890224225,0.37561400786550125,0,0
4046,2,0,0.3893653982684886,0.3867050504674522,0,0
4047,3,1,0.28184305973737983,0.2807342554845794,0,0
4048,5,1,0.07382097075919695,0.07671340554154679,0,0
4049,3,0,0.24101491344847925,0.24325396303332555,0,0
4050,4,0,0.22159529053894544,0.22533336154502087,0,0
4051,1,0,0.016964665473099275,0.019921116110430147,0,0
4052,1,0,0.005901800214196649,0.007501077312462559,0,0
4053,2,0,0.011074478792935053,0.01294267335842576,0,0
4054,5,1,0.6263331431524519,0.6205974639440435,1,1
4055,3,0,0.028928281562975295,0.032415978574918146,0,0
4056,5,1,0.2037455034304859,0.20473980880936926,0,0
4057,3,1,0.4291535514546299,0.4271707702494016,1,1
4058,1,0,0.04612048154683238,0.050906120596034235,0,0
4059,5,0,0.05029091396996328,0.055066695891648365,0,0
4060,3,0,0.09766314654327717,0.10267652182589024,0,0
4061,4,0,0.0040981328890015226,0.00502121115286706,0,0
4062,4,1,0.7023959560688816,0.6935487809316381,1,1
4063,3,0,0.5434111838024529,0.5386129125141068,1,1
4064,4,0,0.6563299466645341,0.6470774399379613,1,1
4065,3,0,0.224629152111564,0.22809690651399972,0,0
4066,2,0,0.010341801352735755,0.01224946260385296,0,0
4067,1,0,0.42663319889068907,0.42039738785807107,1,1
4068,3,1,0.3331167262957774,0.33227214089217394,0,0
4069,1,0,0.0312633595408267,0.03545421896468884,0,0
4070,3,0,0.07429864396090821,0.07852952745808721,0,0
4071,2,0,0.5754674983989486,0.5687486841225688,1,1
4072,3,0,0.10740340757069294,0.11326706089527372,0,0
4073,1,0,0.010441686446177477,0.0125586126929183,0,0
4074,1,0,0.03233012306489182,0.03638265378998633,0,0
4075,2,0,0.07190991024242148,0.0774088600284106,0,0
4076,3,1,0.02255878689024162,0.026542969442943987,0,0
4077,2,0,0.19127926079607963,0.1948349189235674,0,0
4078,4,0,0.004573198884230613,0.0055336451043029675,0,0
4079,5,0,0.4753310644106353,0.47304737951452613,1,1
4080,5,1,0.5611611080867536,0.5564862114306016,1,1
4081,2,1,0.48080795534578386,0.47492340921086396,1,1
4082,2,0,0.12851393672090217,0.13284562041986628,0,0
4083,5,0,0.044497388610236076,0.04794732075536445,0,0
4084,4,0,0.03163427164389913,0.035287745009332835,0,0
4085,1,0,0.009743022564873536,0.011565085081281564,0,0
4086,5,0,0.25503117769012273,0.25396800641185735,0,0
4087,3,1,0.7608233453085589,0.7510953594591289,1,1
4088,2,1,0.11353305362017665,0.11783451433745395,0,0
4089,4,1,0.6530194234161998,0.6444008651883848,1,1
4090,4,0,0.40791209447262344,0.40731941220108697,1,1
4091,4,0,0.0324356050740033,0.035758900384829984,0,0
4092,1,1,0.24946414818664042,0.2522096200752593,0,0
4093,2,0,0.14833355678425064,0.1537450436684405,0,0
4094,4,0,0.11002825884996893,0.1137771619946645,0,0
4095,1,0,0.18783316470809783,0.19232272496816472,0,0
4096,4,0,0.004469676756008263,0.005383754539995792,0,0
4097,1,0,0.7326116500372922,0.7214765677268441,1,1
4098,2,1,0.20726086931301566,0.21109684861175354,0,0
4099,3,1,0.15057070037531176,0.15513660710920943,0,0
4100,3,0,0.03878270383585242,0.04165353393996866,0,0
4101,3,0,0.25687703206259316,0.2589517140469374,0,0
4102,3,0,0.00933575815562402,0.011055053107901083,0,0
4103,2,1,0.6547680584341655,0.6452606656922117,1,1
4104,3,0,0.017772721697542532,0.020608303269794653,0,0
4105,3,0,0.5080401571204123,0.5058151816642458,1,1
4106,4,1,0.190667754946317,0.1944361967276991,0,0
4107,2,0,0.13001547165098723,0.1361880220373786,0,0
4108,5,1,0.488416884699539,0.4849832432107041,1,1
4109,4,0,0.01833405510506201,0.02064985859228154,0,0
4110,3,1,0.7858892933061573,0.775067013309445,1,1
4111,5,0,0.24710129961281002,0.2523414719666118,0,0
4112,1,1,0.12884335555048942,0.1330607913343571,0,0
4113,5,0,0.4539063799993934,0.44760267947888865,1,1
4114,1,1,0.4767478007391679,0.47035759328401144,1,1
4115,5,1,0.5949917095337273,0.5818602069051284,1,1
4116,5,1,0.6744642314187139,0.6679265132583175,1,1
4117,1,1,0.6321226478418582,0.6241302600458661,1,1
4118,1,0,0.26516590529522194,0.26597333587366123,0,0
4119,5,0,0.6903132655294782,0.6901048418607871,1,1
4120,5,0,0.3388240532487396,0.33097048740896995,0,0
4121,5,0,0.11965075230162044,0.12118899140221259,0,0
4122,1,0,0.004609128985686885,0.005973129585023341,0,0
4123,3,0,0.7948338898114535,0.7846240963087902,1,1
4124,1,0,0.2003231977542866,0.2037038197696551,0,0
4125,3,0,0.07036024281780329,0.07461901717950964,0,0
4126,5,0,0.6477947859775436,0.6349693878443681,1,1
4127,2,0,0.06717894587420797,0.07213832605011364,0,0
4128,4,0,0.006557935343652959,0.007779971657574792,0,0
4129,2,0,0.1951539546047,0.19701337931277746,0,0
4130,3,0,0.21339443843140235,0.21582507798515865,0,0
4131,2,0,0.007710504557842343,0.009330872139918548,0,0
4132,2,0,0.47409152821735406,0.4678976447585578,1,1
4133,3,1,0.595855669732451,0.5872579071824632,1,1
4134,5,0,0.294307767202159,0.2980607644700624,0,0
4135,4,0,0.08702775541010689,0.0921179476701634,0,0
4136,1,0,0.03427581026263257,0.03814938387043669,0,0
4137,5,0,0.003253755101540966,0.004087192929718967,0,0
4138,5,0,0.6246854010114534,0.6191082659714429,1,1
4139,4,0,0.14986924461103654,0.1539240116220179,0,0
4140,5,0,0.1277429277853321,0.13023061802191688,0,0
4141,1,0,0.17726938911769216,0.18120166841300944,0,0
4142,1,0,0.466164147116803,0.4619132623750716,1,1
4143,2,0,0.1645701605663129,0.1676655297276121,0,0
4144,1,0,0.014178057986746496,0.01671658720095553,0,0
4145,2,1,0.6957834997332852,0.6862001825090391,1,1
4146,1,0,0.08992632684860234,0.09520757817832064,0,0
4147,3,0,0.19796337625727187,0.20095800220406357,0,0
4148,4,0,0.2478013427262737,0.24839570377815307,0,0
4149,2,1,0.6309113426414791,0.623549902979448,1,1
4150,4,0,0.054755572381003634,0.0588566243899951,0,0
4151,4,0,0.14956526686599247,0.1541565152705285,0,0
4152,5,1,0.5662792185308743,0.5609907700623971,1,1
4153,5,0,0.20600549407526733,0.2096523407983169,0,0
4154,2,0,0.013902105867599195,0.01605609946207919,0,0
4155,2,0,0.01281835332212956,0.01489324809871417,0,0
4156,1,1,0.3116890949319023,0.3113106358657047,0,0
4157,1,0,0.03068953541120224,0.034392039700492975,0,0
4158,4,1,0.6941986539657846,0.6849091094595534,1,1
4159,2,0,0.5414034624266557,0.5332393956388819,1,1
4160,5,0,0.6227649798956958,0.6108467795018875,1,1
4161,5,0,0.6459436183588612,0.6241486289913492,1,1
4162,2,0,0.0038208201627157093,0.004795760639612135,0,0
4163,5,1,0.5348148118778664,0.5319171126400304,1,1
4164,1,0,0.006956003208432429,0.008464690338835772,0,0
4165,3,0,0.14821653417710876,0.15079546235039334,0,0
4166,3,0,0.10747774920478388,0.1119707376007518,0,0
4167,2,1,0.26218543045009457,0.264107200256254,0,0
4168,1,0,0.3066436780460636,0.30833763816049753,0,0
4169,3,0,0.17954823736403538,0.18157028241909084,0,0
4170,2,0,0.1179225730049953,0.12340940995749086,0,0
4171,1,0,0.05511706705307683,0.06002593017053735,0,0
4172,3,0,0.0150911074889658,0.017409720735870375,0,0
4173,5,1,0.3254239973161787,0.3237715427170343,0,0
4174,1,0,0.10723770587620617,0.11135648774717219,0,0
4175,2,0,0.052531755358900555,0.057123490490973615,0,0
4176,4,1,0.10433424165251445,0.10869102062158886,0,0
4177,5,0,0.7524729274854343,0.7488745260968765,1,1
4178,4,1,0.4927156407887237,0.4856409521143329,1,1
4179,4,1,0.161394933228844,0.16380167981235103,0,0
4180,1,1,0.037713572325996474,0.04294409661737531,0,0
4181,2,0,0.21778748896115827,0.22173815999761332,0,0
4182,3,0,0.12830334857020353,0.13274068783941972,0,0
4183,1,0,0.18545020019015007,0.18877099180833226,0,0
4184,5,0,0.035983544279490416,0.041049774433701856,0,0
4185,1,0,0.23180690170297116,0.23317337419133471,0,0
4186,3,0,0.3030111393299591,0.30283664593392123,0,0
4187,3,0,0.00406037834568248,0.0052252115353415935,0,0
4188,2,0,0.3037613868464278,0.3021692526542822,0,0
4189,5,0,0.12732863938740402,0.13252602116748552,0,0
4190,3,0,0.7507319410363053,0.7406830223464835,1,1
4191,3,0,0.3441883521522177,0.344611322380863,0,0
4192,1,1,0.3824246030036482,0.38389308255014754,0,0
4193,1,0,0.0522646867267558,0.05657384013429299,0,0
4194,4,1,0.7378929718709114,0.7275013237219878,1,1
4195,5,0,0.1515817168858142,0.1534695389306768,0,0
4196,4,1,0.6377367491167484,0.62923345120587,1,1
4197,5,0,0.19943253735332958,0.19984276801034304,0,0
4198,5,0,0.6433153854410683,0.6317912563876569,1,1
4199,5,0,0.24064992135847688,0.24748886937655215,0,0
4200,5,0,0.06532358186597795,0.07173321610597364,0,0
4201,3,0,0.0677789600067599,0.07163880855514963,0,0
4202,1,0,0.062328061891561724,0.06734946471453938,0,0
4203,2,1,0.6564026900775644,0.6473169994878875,1,1
4204,2,0,0.3146212902685056,0.31792296898666095,0,0
4205,1,0,0.4236241294450879,0.4187995248223001,1,1
4206,1,1,0.7406741544057939,0.7305702924435183,1,1
4207,5,1,0.6212585060458463,0.6159694133310332,1,1
4208,4,0,0.08055242544704082,0.08616212389905933,0,0
4209,2,0,0.7415269224552186,0.730184765532069,1,1
4210,3,1,0.5821015381113661,0.5757072746026282,1,1
4211,5,0,0.27201772164265475,0.27510457267471516,0,0
4212,1,0,0.16283995258864484,0.1687148451608683,0,0
4213,5,0,0.02994269405362,0.03282391362510163,0,0
4214,3,1,0.5945190908126372,0.5859654372847427,1,1
4215,3,1,0.14328956069843715,0.14637928994686042,0,0
4216,2,0,0.41641178058857564,0.4143797226120121,1,1
4217,2,0,0.4874212849264745,0.48243056745243534,1,1
4218,4,0,0.1540400651170443,0.1580479691238118,0,0
4219,5,0,0.026705056794251267,0.030800511421015857,0,0
4220,4,0,0.03314522449657521,0.0366368521244565,0,0
4221,3,0,0.12380550884835671,0.1283430410372668,0,0
4222,2,0,0.030299987642032934,0.0336795029784932,0,0
4223,1,0,0.09116516195879751,0.09611377372591233,0,0
4224,5,0,0.012691559808204857,0.014101314312936685,0,0
4225,5,0,0.38131094181264447,0.38423446293301217,0,0
4226,2,1,0.7349585821277512,0.7250627955996206,1,1
4227,2,0,0.0022469454504044323,0.0028991782086661053,0,0
4228,4,0,0.1416784020732373,0.14432503534746155,0,0
4229,2,1,0.4128814364582501,0.4101597028120493,1,1
4230,1,0,0.017539632872486506,0.02009988281071464,0,0
4231,1,1,0.6954146934347296,0.6852055340982062,1,1
4232,4,0,0.20832578874027277,0.21153459331338437,0,0
4233,2,0,0.0032275844106221157,0.004078096777348767,0,0
4234,4,1,0.8087279481041791,0.7987527911113865,1,1
4235,2,0,0.14989901738277997,0.1545140378269156,0,0
4236,5,1,0.6266573261897208,0.6149185844627214,1,1
4237,4,0,0.01611622395451767,0.01820242907534014,0,0
4238,3,1,0.5821685394602172,0.576341893773689,1,1
4239,2,0,0.20543311867631786,0.20802183719903092,0,0
4240,3,1,0.7463267313198062,0.7366957112438771,1,1
4241,1,0,0.1327671356804912,0.13685840248708714,0,0
4242,2,0,0.04760161650392537,0.051767178154537095,0,0
4243,4,0,0.18069675451375664,0.18395029026808357,0,0
4244,3,0,0.061047856261269504,0.0648625172087054,0,0
4245,5,0,0.25387382718846024,0.25411755639931394,0,0
4246,5,0,0.02435215008563699,0.027382392507137948,0,0
4247,2,0,0.005551465983468489,0.006814301695433238,0,0
4248,2,0,0.4202434834686099,0.4138928755296722,1,1
4249,3,1,0.5981520236059643,0.5906669765389886,1,1
4250,2,0,0.31609231763375595,0.31768086128125456,0,0
4251,3,0,0.10090198927132236,0.1069785491425245,0,0
4252,3,0,0.4646858221986362,0.4587679802852209,1,1
4253,1,0,0.046094346438712595,0.05092150709657524,0,0
4254,5,1,0.651725211321554,0.6464539188582984,1,1
4255,2,0,0.004294086981576606,0.005319306360021351,0,0
4256,2,1,0.16873146434163222,0.17141860935587303,0,0
4257,3,1,0.29555533659192906,0.2981423302142906,0,0
4258,2,0,0.27514239579900374,0.27528056986898186,0,0
4259,3,0,0.009603353051208062,0.011417047063126157,0,0
4260,5,1,0.5394549141274697,0.5307399908642064,1,1
4261,3,0,0.1928770242310431,0.19625022920956664,0,0
4262,3,1,0.34395915562459356,0.3422689326364642,0,0
4263,1,0,0.01574734396419167,0.018396230462537883,0,0
4264,3,0,0.05790492920552523,0.06186806326831444,0,0
4265,5,0,0.01307580202113957,0.014846562118667589,0,0
4266,2,0,0.07121361470075116,0.07615738252070199,0,0
4267,1,0,0.1796872003178397,0.18460003828221366,0,0
4268,1,0,0.21010662076331646,0.2117095376052452,0,0
4269,5,0,0.10440606352956745,0.11000299167350061,0,0
4270,2,0,0.01306064894048515,0.015223687008731779,0,0
4271,5,0,0.027763547429128364,0.030766965663976936,0,0
4272,3,1,0.3301402333384114,0.32979233967849214,0,0
4273,1,0,0.027280550949377723,0.03083942984616931,0,0
4274,3,1,0.6174851884047547,0.606683812504368,1,1
4275,1,1,0.09984575618239966,0.10430713851389624,0,0
4276,1,0,0.10351774240187224,0.10754071992444592,0,0
4277,3,0,0.19804031437101602,0.2009082903542637,0,0
4278,1,0,0.16789874289157727,0.17362467268532697,0,0
4279,5,0,0.043663187950580586,0.04769200737853539,0,0
4280,1,1,0.686443902478215,0.6772867876666354,1,1
4281,4,1,0.30004371223518006,0.3009270831864414,0,0
4282,2,0,0.023779566639214145,0.02690158361525216,0,0
4283,1,0,0.0061408166841781875,0.007573009195866953,0,0
4284,4,0,0.02035470257575915,0.02293434898665727,0,0
4285,3,0,0.06688994368433639,0.07071028299392523,0,0
4286,1,0,0.13018106562980294,0.1367460299215056,0,0
4287,2,0,0.041651021170701186,0.04535874724434768,0,0
4288,5,0,0.01768963217161792,0.020394511870054602,0,0
4289,5,1,0.36889978459177114,0.3708618930249291,0,0
4290,1,0,0.5450410457243058,0.5408345673106334,1,1
4291,4,0,0.23532927431700018,0.2380977228037772,0,0
4292,4,0,0.3491903956440833,0.3489559304280313,0,0
4293,1,0,0.09891838075724134,0.10467463358134683,0,0
4294,5,0,0.003678667744806917,0.0046073163858754915,0,0
4295,3,0,0.08557346190637952,0.09111594125184859,0,0
4296,5,1,0.48967452532327127,0.48668935897508725,1,1
4297,3,1,0.58582670729151,0.5786667715355328,1,1
4298,3,0,0.10543063301153617,0.11043269853317736,0,0
4299,1,0,0.0025165951971072875,0.003389980725655481,0,0
4300,3,0,0.0017122814546298023,0.0023327972030223578,0,0
4301,1,1,0.6090127818491722,0.6017325902970023,1,1
4302,4,0,0.0037525671915395885,0.004597804454341256,0,0
4303,3,1,0.71333286130289,0.7040128309876416,1,1
4304,5,0,0.04613760534109738,0.05022387636531196,0,0
4305,3,0,0.5355554256898528,0.526995344321284,1,1
4306,1,0,0.4760904383963612,0.4728239432951805,1,1
4307,3,0,0.07312806570389498,0.07810035166132677,0,0
4308,1,1,0.7166146641090357,0.7065039939172463,1,1
4309,2,1,0.43196526516456957,0.43090619211682857,1,1
4310,5,0,0.06286413216244355,0.0689489754105557,0,0
4311,5,0,0.49441535281911503,0.4885523071718585,1,1
4312,1,0,0.010415736990095376,0.0124602805822927,0,0
4313,2,0,0.21473913236304779,0.21718256550765033,0,0
4314,1,1,0.7382287305061233,0.7285180577130926,1,1
4315,3,1,0.47404158993200096,0.47119596584680307,1,1
4316,3,0,0.019732150926765,0.022809793648853605,0,0
4317,1,1,0.5695434894122366,0.5613009328995686,1,1
4318,5,1,0.291649108303919,0.28843078380436427,0,0
4319,3,1,0.1683969493953658,0.1716389694956743,0,0
4320,2,0,0.19492122945720977,0.19844390242765506,0,0
4321,4,0,0.008614442142005825,0.010026791104933788,0,0
4322,2,1,0.70050433624677,0.6909335097808208,1,1
4323,5,0,0.37309162539348273,0.37176550120725627,0,0
4324,3,1,0.6454991445065483,0.6376911316277403,1,1
4325,1,0,0.023133240122857467,0.026692503759600455,0,0
4326,4,0,0.21154122092727623,0.21355250047435823,0,0
4327,1,0,0.00988518366597951,0.012003118083680046,0,0
4328,4,0,0.35822431644905744,0.3554739630005529,0,0
4329,4,0,0.019411760343339392,0.021942637629879285,0,0
4330,1,0,0.028053705057968063,0.03207430945761155,0,0
4331,1,0,0.15200196620203404,0.15725147622847246,0,0
4332,1,0,0.1409473054446543,0.14598159945843564,0,0
4333,1,0,0.30226429430110024,0.3019592444423987,0,0
4334,4,0,0.005117314149313187,0.006101821402411274,0,0
4335,5,0,0.008491911776760537,0.010021344895969283,0,0
4336,1,0,0.06058164295451339,0.06521953543318236,0,0
4337,2,1,0.6344062124865866,0.6232898716187251,1,1
4338,3,0,0.08979471793211409,0.09435295143451515,0,0
4339,4,0,0.6114238863217185,0.6044900903265448,1,1
4340,2,0,0.41634004635163946,0.4143251003087037,1,1
4341,5,0,0.216602668754658,0.21984285852849714,0,0
4342,5,0,0.06727346816950645,0.07481684853809414,0,0
4343,1,0,0.5295188926468063,0.5249687746208815,1,1
4344,1,0,0.05109895603273894,0.055021295857521614,0,0
4345,4,1,0.6722659219338523,0.6637628855532471,1,1
4346,3,0,0.05478447605303585,0.05981929549144568,0,0
4347,3,0,0.5756153537634996,0.5671622874828574,1,1
4348,3,0,0.05307812279575784,0.05759345020066191,0,0
4349,3,0,0.33167937186384355,0.3329627073751922,0,0
4350,1,1,0.6840716786515458,0.6735782974283133,1,1
4351,3,0,0.00960036977101355,0.011313959326362807,0,0
4352,5,1,0.5255311473519176,0.515197214645519,1,1
4353,4,0,0.0537857703432508,0.05820168539311181,0,0
4354,5,1,0.43933355459828105,0.43369625563037006,1,1
4355,1,0,0.1296549048832617,0.13500989314329762,0,0
4356,3,0,0.3730390084817231,0.367108952688794,0,0
4357,2,0,0.1017848300563246,0.10643962866040493,0,0
4358,5,1,0.38023685123141626,0.3755288456269768,0,0
4359,2,1,0.581807829027809,0.5755258224242523,1,1
4360,1,1,0.5835901231553711,0.5773607077733987,1,1
4361,2,0,0.005872394613559949,0.007225137903033471,0,0
4362,2,0,0.23426103940012524,0.2374874786403503,0,0
4363,2,0,0.460766649653384,0.45269390151506295,1,1
4364,3,0,0.06558798861451862,0.07098652174544925,0,0
4365,2,1,0.19881565928032968,0.20184733633410593,0,0
4366,4,0,0.33627407034373785,0.3360683403163215,0,0
4367,4,0,0.14942487225486814,0.15327812449421807,0,0
4368,1,1,0.7167832171282967,0.7080373079926937,1,1
4369,4,0,0.07464289907624273,0.07933937304097143,0,0
4370,3,0,0.007914117759849956,0.00953314080409397,0,0
4371,5,1,0.72194805102873,0.7133801072069632,1,1
4372,2,0,0.17696889729911713,0.18051365614309842,0,0
4373,3,0,0.7050964219337437,0.6936671490551698,1,1
4374,3,0,0.01288130116920586,0.015345654299478446,0,0
4375,2,0,0.04004985884468521,0.044409911260638195,0,0
4376,1,0,0.020296936683489634,0.023928746731502623,0,0
4377,5,0,0.10885742832773072,0.11478197608066017,0,0
4378,1,0,0.08177690006018319,0.08636563263842514,0,0
4379,2,0,0.10482529299056238,0.11005755151255014,0,0
4380,1,1,0.7084934358593561,0.6991833856771663,1,1
4381,5,0,0.3115410888830875,0.31642481340690326,0,0
4382,4,0,0.03888111271215404,0.04206650858550619,0,0
4383,5,0,0.5617358954389174,0.559154657369041,1,1
4384,3,0,0.18189279968661873,0.18517382217124986,0,0
4385,2,0,0.2545928818257943,0.2577235776480237,0,0
4386,1,0,0.7989580558327143,0.7879962697125449,1,1
4387,1,1,0.07958994426989055,0.08495103300417206,0,0
4388,2,0,0.013650906696992957,0.01576623249924957,0,0
4389,3,0,0.08859743223087836,0.09395850092979174,0,0
4390,5,0,0.5817615416220935,0.5774939976971507,1,1
4391,3,0,0.43978047229111145,0.43673399427143067,1,1
4392,3,1,0.07741187168168501,0.08261599196913208,0,0
4393,2,1,0.3239386054417244,0.32267796582419966,0,0
4394,3,0,0.10336823264990369,0.1079436092381028,0,0
4395,4,0,0.3430671234497796,0.34406980006759846,0,0
4396,3,0,0.025245241258932533,0.028224941401137328,0,0
4397,3,0,0.022509405592169993,0.026212636597004242,0,0
4398,2,0,0.17805368390493215,0.18094078563346833,0,0
4399,4,0,0.2654171663276698,0.26641388727069354,0,0
4400,4,0,0.18379372549884357,0.18731857613965003,0,0
4401,2,0,0.004967976553507617,0.0061672940377335735,0,0
4402,5,1,0.5403312518152533,0.5352787927482333,1,1
4403,1,1,0.5883894073578486,0.5821506046997798,1,1
4404,3,0,0.0075861129682401615,0.00929491113900223,0,0
4405,5,1,0.44640121288192935,0.4375338257337408,1,1
4406,5,1,0.6618317519277559,0.6550121155444563,1,1
4407,2,0,0.3462038552305916,0.34472265078592185,0,0
4408,2,1,0.2004227388160187,0.20398003168751525,0,0
4409,5,0,0.14182019530151196,0.14639855625515147,0,0
4410,2,0,0.19873403830145597,0.20192495193047208,0,0
4411,1,0,0.08542647972996699,0.09135360900076156,0,0
4412,1,0,0.0025031062365734064,0.003383117402550189,0,0
4413,2,0,0.5166309605617968,0.5112042836240531,1,1
4414,4,0,0.2969100432198839,0.29828534298189896,0,0
4415,5,0,0.03219602976634674,0.036319296765870694,0,0
4416,4,0,0.3412448407920678,0.33905894470352205,0,0
4417,2,0,0.02219946934743029,0.025171481582549643,0,0
4418,1,1,0.44818485066904207,0.44605654526578553,1,1
4419,1,0,0.036771822878088854,0.04114142358150311,0,0
4420,2,1,0.40164613622642564,0.3995188170147105,1,0
4421,2,0,0.10291480012632921,0.10811447895654554,0,0
4422,1,1,0.6175274838211928,0.6102952308480493,1,1
4423,3,0,0.6027248755389814,0.5927082354256299,1,1
4424,3,0,0.011306895349423137,0.013863830776375194,0,0
4425,2,0,0.015811874235226425,0.018379293029472214,0,0
4426,4,0,0.1246345830473477,0.12815109346042827,0,0
4427,5,0,0.16106916974631239,0.16050376780600187,0,0
4428,5,0,0.013868664542101505,0.015788092931756433,0,0
4429,3,0,0.660845087050635,0.6485013329976428,1,1
4430,4,0,0.4392743738636435,0.4369127495134827,1,1
4431,3,0,0.02569375794228414,0.028736867854868176,0,0
4432,2,1,0.5358204868167374,0.5286092127153981,1,1
4433,5,0,0.054785183865820555,0.057654590411534014,0,0
4434,2,1,0.7496641106283503,0.7396563770486934,1,1
4435,3,1,0.16831677837200043,0.17168420034089377,0,0
4436,2,1,0.1345049894877976,0.14006370913611968,0,0
4437,1,0,0.3803700043127346,0.3780533922290428,0,0
4438,2,1,0.21383849988130463,0.2172678389267682,0,0
4439,3,0,0.4038443610041115,0.401070040256556,1,1
4440,2,0,0.2695645683996451,0.2737655003733364,0,0
4441,2,1,0.7719116447030306,0.7612864118247905,1,1
4442,4,0,0.004591058424428128,0.005570420862726621,0,0
4443,2,0,0.04571977772584873,0.05003688176921456,0,0
4444,2,0,0.0347891918093457,0.038547504750963926,0,0
4445,1,1,0.4924746026480535,0.4879991086555047,1,1
4446,4,0,0.0024950857161824924,0.0031220490312925944,0,0
4447,4,0,0.6715006628882071,0.6635003934300159,1,1
4448,3,0,0.054848214525593714,0.05813459684586601,0,0
4449,4,0,0.49426451788924974,0.48945894870912354,1,1
4450,2,0,0.1461866053554661,0.15011315076800907,0,0
4451,1,0,0.26312658670951294,0.2645501863632666,0,0
4452,4,0,0.19713369320929053,0.19840419695409223,0,0
4453,2,0,0.035938902115233734,0.04012604601599844,0,0
4454,2,1,0.4826231509077472,0.479013026660801,1,1
4455,3,0,0.019828783252647787,0.022802950376045444,0,0
4456,1,0,0.1106498794069269,0.11419244933760084,0,0
4457,3,0,0.17734936832556117,0.1818796843106703,0,0
4458,3,1,0.5513132839146496,0.5479278971965885,1,1
4459,3,0,0.4624248169731219,0.4556320141758111,1,1
4460,5,0,0.10623823918152812,0.11205094151369446,0,0
4461,3,0,0.03945583225904161,0.044498550843142005,0,0
4462,4,0,0.01409466391167231,0.016641907368524084,0,0
4463,5,1,0.48446991958113506,0.4873038232901531,1,1
4464,5,0,0.015756127238703857,0.018680760658020476,0,0
4465,5,1,0.01756912152598331,0.02004718955225922,0,0
4466,2,0,0.013826518501307674,0.01621764716481649,0,0
4467,1,1,0.06955863590792624,0.07364030835426136,0,0
4468,4,0,0.013166432339198479,0.015036773001293502,0,0
4469,2,1,0.5953608783728084,0.5854802100195521,1,1
4470,2,1,0.23441190050225988,0.23722492809823556,0,0
4471,5,0,0.0316173850518801,0.03592728726295099,0,0
4472,4,1,0.4025626005067946,0.400775195677047,1,1
4473,5,1,0.01491522523292279,0.01748284392912753,0,0
4474,1,1,0.7663636741361632,0.7550642154538847,1,1
4475,1,0,0.028887273499138298,0.03297804707970135,0,0
4476,3,0,0.06585740404629142,0.07053466643874962,0,0
4477,4,0,0.21248551232401583,0.2143563057865808,0,0
4478,2,0,0.005096145992244408,0.006338847362369902,0,0
4479,4,0,0.009542494052017549,0.011150533502198532,0,0
4480,2,1,0.48714308250459215,0.4868506508785382,1,1
4481,2,1,0.5316483488264888,0.5220828097559316,1,1
4482,5,0,0.09761839166180078,0.10473377025077597,0,0
4483,5,0,0.07920226416909737,0.08450211889045275,0,0
4484,3,1,0.23179291263792937,0.23674908924688748,0,0
4485,3,1,0.42618329292512713,0.42089434935307163,1,1
4486,4,0,0.29448434918876565,0.29359824588183936,0,0
4487,4,0,0.033712053019711655,0.03703283824971435,0,0
4488,5,0,0.007547319743985148,0.00883260996229393,0,0
4489,4,1,0.26283904720698165,0.2625021098209574,0,0
4490,1,0,0.07450381477084556,0.07946973821786478,0,0
4491,5,0,0.1776468759906998,0.1786724509210806,0,0
4492,5,0,0.12361685570606708,0.12722667617569788,0,0
4493,2,0,0.4190311834532161,0.41469616674058,1,1
4494,4,0,0.08224685630424362,0.08594833428082771,0,0
4495,3,1,0.6951331459212968,0.6855137315836957,1,1
4496,5,1,0.556262529437495,0.5561822278774697,1,1
4497,3,0,0.13472735907164854,0.1410910466014044,0,0
4498,1,0,0.1060869995628907,0.11165710276178112,0,0
4499,5,1,0.6438686414548139,0.6323004107397268,1,1
4500,3,1,0.1979074354069826,0.20099439405184624,0,0
4501,4,0,0.4580585836096141,0.4527714806315303,1,1
4502,1,0,0.002976913671788186,0.003945706007903439,0,0
4503,1,0,0.1516238823702726,0.1558432636645457,0,0
4504,1,1,0.27657607427534914,0.276770746710688,0,0
4505,3,0,0.17705140790746332,0.18328049887477343,0,0
4506,4,1,0.5464868217638849,0.5394458258236501,1,1
4507,5,1,0.24982837186688878,0.24941172569233622,0,0
4508,5,0,0.15147555736946358,0.15374684822006784,0,0
4509,1,1,0.6930263182845284,0.682006819211891,1,1
4510,4,0,0.026093107820964568,0.02933564447398217,0,0
4511,1,0,0.04410346938382648,0.048673675382922055,0,0
4512,4,1,0.6411875987856175,0.6324003671456457,1,1
4513,3,0,0.03435458816208078,0.03845396823650467,0,0
4514,5,1,0.1585013213480965,0.16240294240792155,0,0
4515,4,0,0.1515816429177074,0.15520668838536972,0,0
4516,4,0,0.19385229591077688,0.1965682793012418,0,0
4517,3,0,0.038872769067745866,0.043537337709206134,0,0
4518,5,0,0.039428105039641025,0.0442238352710518,0,0
4519,3,1,0.33710997821835637,0.33882089232159424,0,0
4520,3,0,0.5180077085601192,0.5111820739024422,1,1
4521,1,1,0.7058460807488028,0.6962862892816885,1,1
4522,5,0,0.34253449770040284,0.341353495858253,0,0
4523,2,0,0.7442785737331831,0.7334150178258004,1,1
4524,1,0,0.015971373426394014,0.01852804259829823,0,0
4525,5,0,0.12401831053910611,0.12718239202419496,0,0
4526,3,0,0.312498381508348,0.3130913096809241,0,0
4527,2,1,0.7005727532611694,0.6908648569597435,1,1
4528,5,0,0.584187056998299,0.5751770583036632,1,1
4529,3,1,0.610642717559372,0.6029432188382122,1,1
4530,5,0,0.2361059217583599,0.2376854694041881,0,0
4531,2,0,0.11109295037135945,0.11625124017157926,0,0
4532,2,0,0.22612351880505732,0.2283584845746743,0,0
4533,3,0,0.004083474174076971,0.005251777967630538,0,0
4534,1,0,0.06597069314604956,0.07106516767843477,0,0
4535,1,0,0.012012342411722329,0.014465314240935574,0,0
4536,4,0,0.23958661357130046,0.24004161137547367,0,0
4537,1,1,0.2762959046969606,0.2800812934520799,0,0
4538,1,1,0.7599157483994513,0.750041572365092,1,1
4539,3,1,0.24966134384434957,0.25243972449194585,0,0
4540,5,0,0.06302288271576412,0.06838520012897795,0,0
4541,2,1,0.35494303576058384,0.35612722943885605,0,0
4542,5,1,0.0997823532618131,0.10421458129699215,0,0
4543,5,0,0.009113588357768647,0.01089089062497488,0,0
4544,2,0,0.07701287468330058,0.08240352648374327,0,0
4545,4,0,0.6547145384523222,0.6463922746866269,1,1
4546,1,0,0.030929531984887088,0.03502416875688525,0,0
4547,3,0,0.06326224179004428,0.0684287689803426,0,0
4548,3,0,0.026922026640964516,0.030175851652512665,0,0
4549,4,1,0.20211190062330728,0.20540336940367826,0,0
4550,4,1,0.5528354347199296,0.5454951296252102,1,1
4551,4,0,0.5875446520598799,0.5809176751301101,1,1
4552,3,0,0.19880303288019902,0.2012362812146285,0,0
4553,4,0,0.004437396780920404,0.005408640730284452,0,0
4554,4,0,0.6794658428043572,0.671603889262739,1,1
4555,1,1,0.6698058942832817,0.661078938461324,1,1
4556,2,0,0.4447020627657473,0.4403614388041931,1,1
4557,3,0,0.06282097158788313,0.06779069660475681,0,0
4558,1,0,0.1144840462721087,0.11986458770284436,0,0
4559,1,1,0.6102952067691771,0.6031492873289748,1,1
4560,5,0,0.01701585589625615,0.019128088380436937,0,0
4561,1,1,0.7378496501123767,0.7259655762976214,1,1
4562,3,0,0.5686197854442921,0.5588860446788753,1,1
4563,5,0,0.013677036044333728,0.015616421022682805,0,0
4564,3,1,0.6367955177142556,0.6290524053355079,1,1
4565,3,0,0.021591344006766672,0.025140108321021332,0,0
4566,3,0,0.35665025840139614,0.35460942726509703,0,0
4567,3,1,0.46453177192055645,0.45783515540781383,1,1
4568,1,0,0.17164682887120264,0.17529515594110703,0,0
4569,1,1,0.6142180510401676,0.6079694397314614,1,1
4570,4,0,0.009063297632796211,0.01061918737576326,0,0
4571,1,0,0.08769407202402847,0.09257286176438495,0,0
4572,1,1,0.48675406002381666,0.48436275850380384,1,1
4573,3,0,0.06950161520706995,0.07463739000881527,0,0
4574,1,0,0.0021456011861386882,0.002940193001850933,0,0
4575,4,0,0.1956006855276864,0.19862160671732232,0,0
4576,1,0,0.0010853095953738102,0.001552106257451904,0,0
4577,3,0,0.011395922496467828,0.013261452005781174,0,0
4578,4,0,0.20789430858390426,0.2125439484257285,0,0
4579,1,1,0.18545020019015007,0.18877099180833226,0,0
4580,2,0,0.06942792599374911,0.07365533600270947,0,0
4581,5,0,0.004664508280605284,0.005832995849249444,0,0
4582,5,1,0.7364691118153295,0.7278709960495655,1,1
4583,4,0,0.0550681655363311,0.05846820800924901,0,0
4584,4,0,0.014195981662019928,0.01627294154520866,0,0
4585,2,0,0.005567089028233331,0.006837105861508594,0,0
4586,5,0,0.0916410921833864,0.09454192942197792,0,0
4587,5,0,0.6201654295430669,0.6152380708359626,1,1
4588,2,0,0.2761800492569143,0.27589055345706687,0,0
4589,1,1,0.6280627149997677,0.6195797566170262,1,1
4590,5,0,0.006605755211085411,0.007905279655901449,0,0
4591,2,0,0.004109643199601472,0.005161956520140581,0,0
4592,2,0,0.23338124773745583,0.23593855675042574,0,0
4593,3,0,0.06807798537797358,0.07316623774689887,0,0
4594,3,0,0.5784484269819671,0.5742400828416028,1,1
4595,1,0,0.07261563882609195,0.07790082092199709,0,0
4596,1,1,0.6175274838211928,0.6102952308480493,1,1
4597,5,0,0.5751158014385218,0.563425051910923,1,1
4598,5,0,0.011558500467815256,0.01364862378127307,0,0
4599,2,0,0.32012092399747827,0.32094479758325994,0,0
4600,5,0,0.7147352923785096,0.7049990127359507,1,1
4601,3,0,0.08298366256543632,0.08792104937234738,0,0
4602,2,1,0.09656841539865053,0.10214522715474803,0,0
4603,4,0,0.23328483040042333,0.23393997539250702,0,0
4604,1,0,0.05037196328268982,0.054902000389614555,0,0
4605,4,0,0.04971025243166177,0.05383833779459437,0,0
4606,5,0,0.11945151345052371,0.12306684567873256,0,0
4607,1,0,0.018520018370462486,0.021214374451038815,0,0
4608,4,0,0.30556097057211545,0.3053804862058437,0,0
4609,3,0,0.06184054861107966,0.06645835603440539,0,0
4610,4,0,0.012599832686622896,0.014551860287202362,0,0
4611,3,0,0.22335004834835626,0.22537395315585645,0,0
4612,4,1,0.20578704940017517,0.2092671092170189,0,0
4613,1,0,0.0069887545663901,0.008707835612880603,0,0
4614,1,0,0.47948186669073184,0.47650238600817796,1,1
4615,4,1,0.7188126311819141,0.7094825753838794,1,1
4616,4,1,0.7823621437421239,0.772554656617763,1,1
4617,4,0,0.4478911828565537,0.44363705381252394,1,1
4618,2,0,0.018070562162757344,0.02060368060286763,0,0
4619,3,1,0.3919030557460887,0.39052143233451214,0,0
4620,2,0,0.6026378711546595,0.5928277726405913,1,1
4621,4,0,0.02607561929498007,0.02900090608370178,0,0
4622,4,0,0.27447970120212273,0.27563196474426144,0,0
4623,5,0,0.39828865734377933,0.40036507625392376,0,1
4624,3,1,0.36707062708439714,0.36917790459041794,0,0
4625,1,0,0.07932081635531274,0.08393788711352446,0,0
4626,5,0,0.5116569340332534,0.5002880245627042,1,1
4627,1,0,0.027369476163223095,0.031772145411293896,0,0
4628,2,0,0.35707954178607393,0.3591408294112328,0,0
4629,1,1,0.7791599212377353,0.7687574700293076,1,1
4630,5,1,0.5764836730783751,0.5676565200148204,1,1
4631,4,0,0.4846918441840037,0.47788294080815164,1,1
4632,5,0,0.5213049452365103,0.5143783440988724,1,1
4633,5,0,0.16686867461750587,0.1735959954414719,0,0
4634,5,1,0.7366958871775103,0.7241461235621768,1,1
4635,5,0,0.0024401114517634756,0.003130359481162151,0,0
4636,2,0,0.18958045027231613,0.19415684931754054,0,0
4637,1,0,0.0031800653515511607,0.004180180026707439,0,0
4638,3,0,0.09893740120735603,0.10351144971212929,0,0
4639,3,0,0.6061541293228988,0.5985058876647499,1,1
4640,3,0,0.02956775431695992,0.03326723286424111,0,0
4641,1,1,0.6635446785604475,0.6538134641140386,1,1
4642,1,0,0.05867201335154893,0.06270188276099412,0,0
4643,1,0,0.1373345534761045,0.14288479798992668,0,0
4644,4,1,0.7558624830533307,0.7463236589457888,1,1
4645,3,0,0.45983280826556777,0.455231382185645,1,1
4646,4,1,0.45481368472952666,0.4511782082031891,1,1
4647,4,0,0.08344430368917888,0.08754611714740856,0,0
4648,5,0,0.04624601325901295,0.0491398633474055,0,0
4649,1,0,0.030642556162305025,0.03486012673903589,0,0
4650,3,0,0.008467155275098956,0.010611399518519703,0,0
4651,2,1,0.7001724271841068,0.690457857012819,1,1
4652,1,1,0.683685019318554,0.6721320455510714,1,1
4653,2,0,0.44466396219909793,0.4389285442017338,1,1
4654,3,0,0.09785327427795171,0.1029780271389161,0,0
4655,3,0,0.03041323691755398,0.03441972638005838,0,0
4656,3,1,0.6830961151755354,0.671425169895179,1,1
4657,1,1,0.5005895201185558,0.4949199922482304,1,1
4658,4,0,0.366912171620249,0.3629312323802766,0,0
4659,1,0,0.6154946697667616,0.6056255628294007,1,1
4660,5,0,0.07877313558928302,0.08106338997061066,0,0
4661,3,0,0.7316149440472333,0.7217568741075033,1,1
4662,3,0,0.015446954548025481,0.01844875527273519,0,0
4663,2,1,0.07254496926488319,0.07797727436043923,0,0
4664,3,0,0.46357675552810756,0.46034910543922514,1,1
4665,1,0,0.27610849135246274,0.27721838576248925,0,0
4666,3,0,0.6489824075414601,0.6407565952606424,1,1
4667,4,0,0.7084946342679501,0.6998590212723637,1,1
4668,3,0,0.2071573243918954,0.20890463427609873,0,0
4669,1,0,0.023993147150821216,0.026990494042699303,0,0
4670,3,0,0.003418233823205636,0.004560644651853618,0,0
4671,2,1,0.42732892374753806,0.4241527714397454,1,1
4672,4,1,0.5528035972790105,0.5455521948009913,1,1
4673,2,0,0.3725156981712782,0.37171464571867896,0,0
4674,1,0,0.054502230608880306,0.05949311106782272,0,0
4675,1,0,0.3408065001210248,0.34165303267601466,0,0
4676,1,1,0.5541750642900259,0.5467008151888757,1,1
4677,5,0,0.007432252290413735,0.009155668729914187,0,0
4678,1,1,0.5607964209575058,0.550582736492373,1,1
4679,2,0,0.013244428026228968,0.015481635809933761,0,0
4680,4,0,0.4205370554472295,0.41597861365635647,1,1
4681,3,0,0.18057528325278907,0.1845793462506061,0,0
4682,1,0,0.21863855502716043,0.221590284051108,0,0
4683,1,0,0.008928734607489228,0.01105248088551839,0,0
4684,2,0,0.4342888523512884,0.4308939713536505,1,1
4685,2,0,0.20599819567889582,0.2086283325954242,0,0
4686,2,1,0.21736406754726695,0.21905642961105642,0,0
4687,4,1,0.2259086713450771,0.2280770103908444,0,0
4688,3,1,0.6874482315768916,0.6770175777763106,1,1
4689,2,0,0.010203063375528924,0.012251451256662875,0,0
4690,2,1,0.7179565467641108,0.7086266263941035,1,1
4691,1,1,0.2342955561454217,0.23725246414211926,0,0
4692,3,0,0.10018737425415236,0.10524853594835124,0,0
4693,1,0,0.08938469291845959,0.0941594894772367,0,0
4694,2,0,0.15045922990089963,0.15573250863804772,0,0
4695,4,0,0.04921798890385545,0.05303426343773145,0,0
4696,1,0,0.0037205651856135704,0.004871601314254398,0,0
4697,2,0,0.16882606558785096,0.17406473625166768,0,0
4698,3,1,0.48797769146656167,0.4791931597272826,1,1
4699,2,0,0.18764000416497745,0.1929546528837312,0,0
4700,4,1,0.4238474164888662,0.4215060752706405,1,1
4701,3,0,0.261315611070896,0.2649250512848328,0,0
4702,3,0,0.0617461195896277,0.06681950201031507,0,0
4703,1,1,0.4780004361788574,0.4727044617225432,1,1
4704,4,0,0.1279792514084289,0.13252336616362614,0,0
4705,3,0,0.002332795706128865,0.0030959308092030208,0,0
4706,4,0,0.0034772036608790315,0.004206351160313856,0,0
4707,1,0,0.028605051238745065,0.03239899425778535,0,0
4708,1,0,0.17309789707106374,0.17806168696983546,0,0
4709,4,1,0.33933694329101965,0.3382982698082695,0,0
4710,5,0,0.2614881687445407,0.26169395095171516,0,0
4711,1,0,0.1883991048077917,0.19097137959501467,0,0
4712,4,0,0.7196400446590536,0.7103175022404407,1,1
4713,3,1,0.6421365209319534,0.633279982083235,1,1
4714,5,0,0.43556308388104265,0.43551112239426804,1,1
4715,5,1,0.18324276547484383,0.18508963671218506,0,0
4716,2,0,0.1493129997060608,0.15445536409486887,0,0
4717,3,0,0.3060850021989576,0.30895018354831205,0,0
4718,3,0,0.2915208700634537,0.2921740539710599,0,0
4719,3,1,0.26282106398603494,0.2631877342704987,0,0
4720,3,0,0.14779441047794883,0.15441718832177773,0,0
4721,5,0,0.11115123784560624,0.11650457610030227,0,0
4722,3,0,0.0020238836158983815,0.0028074147523060753,0,0
4723,5,0,0.04778977703306711,0.05259439098004025,0,0
4724,5,0,0.21679285779404378,0.21910776556487002,0,0
4725,4,0,0.004113816793033502,0.0049726474556723785,0,0
4726,2,0,0.010839375565741816,0.012904739583164505,0,0
4727,1,0,0.562985217928018,0.5548933742191753,1,1
4728,5,0,0.0874607722475271,0.09602578905032652,0,0
4729,3,0,0.04932666515954156,0.05298705442319647,0,0
4730,5,0,0.0026995560768175043,0.0033708956385377735,0,0
4731,5,0,0.2429332129831921,0.25417895027598764,0,0
4732,2,0,0.26804886995049226,0.27223934821132617,0,0
4733,5,0,0.007801231711738116,0.009392374451056442,0,0
4734,2,0,0.18820360294637078,0.19144123132466243,0,0
4735,5,0,0.031365019457749936,0.03435096285169008,0,0
4736,3,1,0.6536797811723533,0.6443556054712334,1,1
4737,4,1,0.7449609053549936,0.7347331615091404,1,1
4738,2,1,0.7817474450214223,0.7719792207235429,1,1
4739,4,1,0.5939355805732932,0.5845035825468345,1,1
4740,4,0,0.4140915852010629,0.41271449292789975,1,1
4741,1,0,0.008076598600292521,0.01008698464028664,0,0
4742,3,1,0.7755456299124266,0.7645821454633159,1,1
4743,4,0,0.45480223859246993,0.450876418124771,1,1
4744,3,0,0.05058611012896585,0.05492435617013182,0,0
4745,4,0,0.1512298369409711,0.15447761261617932,0,0
4746,3,1,0.6423061671081512,0.6320543185703663,1,1
4747,3,1,0.7122727005742124,0.7037636341510327,1,1
4748,1,1,0.1538385944668885,0.15996028530824039,0,0
4749,1,0,0.16259243790455924,0.1666930712323216,0,0
4750,2,1,0.033613867723264856,0.03741115130706288,0,0
4751,3,1,0.017077907959947316,0.02013082763689907,0,0
4752,2,0,0.014852942014796918,0.01722660139959028,0,0
4753,5,0,0.06471608322731548,0.07006452845276812,0,0
4754,3,0,0.6381956892372506,0.6257125083924411,1,1
4755,3,0,0.38509074916920116,0.38339482962371385,0,0
4756,4,0,0.24060790610628965,0.24291041415887332,0,0
4757,5,0,0.3364324495298191,0.33461708072646473,0,0
4758,1,0,0.21870468574341315,0.22438561910047436,0,0
4759,4,0,0.004796376231110014,0.005731463651945497,0,0
4760,5,1,0.5950412947145279,0.587065580251289,1,1
4761,4,1,0.5654976260402678,0.5566920717956528,1,1
4762,1,0,0.41583977803167593,0.412610920332085,1,1
4763,1,0,0.009052349499948492,0.011089313635779637,0,0
4764,4,0,0.1802108592191877,0.18352848466503716,0,0
4765,3,0,0.3727727113369428,0.37284745747064413,0,0
4766,5,0,0.32004373271210074,0.3143571880478197,0,0
4767,2,0,0.1620974685956201,0.16745490409137004,0,0
4768,3,0,0.029319391756234506,0.03298008374967369,0,0
4769,2,0,0.055873591765630504,0.06052958153404636,0,0
4770,4,1,0.41112985925596846,0.40696916093888535,1,1
4771,1,1,0.5523579926087793,0.5397031040678397,1,1
4772,2,1,0.23579303427746978,0.239929343052553,0,0
4773,3,0,0.22951451437017553,0.234906090433927,0,0
4774,2,0,0.6941352379391835,0.6851444612164157,1,1
4775,5,0,0.0022583737497613612,0.002874063774888127,0,0
4776,4,1,0.24067852599493697,0.24452380349199831,0,0
4777,1,0,0.10451557490909302,0.10962271832903722,0,0
4778,4,0,0.15623748843348292,0.15957553365711388,0,0
4779,1,1,0.5419986736300679,0.5388125479982392,1,1
4780,3,0,0.0035649849088220543,0.004681851240624244,0,0
4781,1,0,0.16110534381629238,0.16498285770561413,0,0
4782,4,0,0.007169097329237637,0.008519035591788064,0,0
4783,4,0,0.013382433721569973,0.015356586436900766,0,0
4784,1,0,0.056823818387172285,0.061774492755214114,0,0
4785,4,0,0.5067831847175073,0.5015340215853744,1,1
4786,4,1,0.7149365352740918,0.7051906542065789,1,1
4787,2,0,0.6222765137095604,0.6131572552345356,1,1
4788,3,0,0.05614822403862525,0.06106339748116517,0,0
4789,5,0,0.030735976355687266,0.03294990867914094,0,0
4790,4,1,0.8086146651362237,0.7984786249421971,1,1
4791,5,1,0.01735489203863268,0.02105431910364709,0,0
4792,5,0,0.6186710431837905,0.6113561735553186,1,1
4793,2,0,0.02351997032903343,0.026429005742243765,0,0
4794,3,0,0.0027179887330667602,0.0036445562532931124,0,0
4795,1,0,0.7337884605234396,0.7242403132647312,1,1
4796,5,0,0.009190417016765333,0.01091571887766787,0,0
4797,5,0,0.19127851776113713,0.1988954119721365,0,0
4798,5,0,0.008133687614785914,0.009890657190462717,0,0
4799,2,0,0.5640093188692399,0.5553113067698807,1,1
4800,5,1,0.7774474302191262,0.7728798228372943,1,1
4801,3,0,0.013186739788618632,0.015134718161081112,0,0
4802,5,0,0.03190776368020453,0.036424492733533584,0,0
4803,4,0,0.06933232885616579,0.07431184019645774,0,0
4804,3,0,0.22205134659477194,0.22400464410714854,0,0
4805,5,0,0.08434630882528381,0.08942506035602688,0,0
4806,2,0,0.05529109178991509,0.0598950355453689,0,0
4807,1,0,0.017864183872326977,0.021049115713680077,0,0
4808,3,0,0.04043980492921279,0.0453225891896073,0,0
4809,4,1,0.6226238375793728,0.6138112786447257,1,1
4810,4,0,0.3026115668126076,0.30224057049979447,0,0
4811,1,0,0.2149321319426536,0.21779300975782387,0,0
4812,3,0,0.6280457929426309,0.6208978914506031,1,1
4813,5,1,0.1403943801688967,0.14702955313595967,0,0
4814,1,0,0.3496990486370524,0.35339491931835465,0,0
4815,5,0,0.19182608313328653,0.19676806495100668,0,0
4816,5,0,0.0637179100015885,0.06795459370816445,0,0
4817,2,0,0.12105668975725223,0.12610514083953353,0,0
4818,3,0,0.11574342898245804,0.12182737824255385,0,0
4819,2,0,0.006637909785628512,0.008046593274157434,0,0
4820,1,0,0.07514595178554986,0.07992804281728565,0,0
4821,3,0,0.12642571570039873,0.13137550380767832,0,0
4822,4,1,0.30696306587381267,0.30728020610053275,0,0
4823,3,1,0.20872385756281275,0.21291238057341647,0,0
4824,4,0,0.29279091285336106,0.294017515771612,0,0
4825,2,1,0.3690087528731127,0.36339705010829176,0,0
4826,3,1,0.5947492732643679,0.5866399598814083,1,1
4827,1,0,0.084092323046889,0.08937977960272783,0,0
4828,2,1,0.1890173104004943,0.1910604248329412,0,0
4829,2,0,0.10834045350845553,0.11293565854704708,0,0
4830,3,0,0.26287472675171586,0.25971493985033095,0,0
4831,4,1,0.04089899005106906,0.043934584401240165,0,0
4832,3,1,0.2888903443058653,0.2885261516761081,0,0
4833,1,1,0.5428610034217393,0.5373660940465581,1,1
4834,1,0,0.15643812043841634,0.16030402519474185,0,0
4835,4,1,0.5654356551234526,0.5591859600286367,1,1
4836,5,0,0.015524582673078737,0.018045863456466336,0,0
4837,1,0,0.4636726945897231,0.4595415722380737,1,1
4838,4,1,0.6617434173588239,0.6525424373148393,1,1
4839,5,0,0.005478144813800636,0.006599687611272037,0,0
4840,5,0,0.1331884753745265,0.13613558908254056,0,0
4841,1,0,0.09133031611033587,0.09630575659729228,0,0
4842,3,0,0.029553401966910742,0.033097816749358105,0,0
4843,3,0,0.016489551912260748,0.019557618865611682,0,0
4844,1,1,0.3575492110517747,0.3556221201620616,0,0
4845,3,0,0.5735910165738989,0.5655011343724489,1,1
4846,5,0,0.0258963280883205,0.028734172051959706,0,0
4847,2,0,0.26395781850187494,0.2687840129207681,0,0
4848,4,0,0.30961261736199275,0.30840592323317734,0,0
4849,5,0,0.058043882448031825,0.062469019740006126,0,0
4850,2,0,0.6579817088933171,0.650193802741607,1,1
4851,4,0,0.21302175555408712,0.21653721249113472,0,0
4852,2,0,0.20500412692021455,0.2080360884431463,0,0
4853,1,0,0.0014604899239328785,0.002061055621628708,0,0
4854,4,1,0.6369899988235468,0.629093915207063,1,1
4855,4,1,0.7194891840279692,0.7101516798542611,1,1
4856,2,0,0.18256217255384163,0.18759950154181565,0,0
4857,4,1,0.3486963818825482,0.3483140109633993,0,0
4858,3,0,0.02366424490962488,0.02674483870865547,0,0
4859,3,0,0.028732605374511236,0.03200785009151308,0,0
4860,5,0,0.05944960702858053,0.06216562677482061,0,0
4861,2,0,0.100554950197048,0.10501542108615354,0,0
4862,3,0,0.1416748004679708,0.14645813629006016,0,0
4863,4,0,0.07617057018515327,0.0805716466971094,0,0
4864,3,0,0.25763023510611693,0.2604847366102835,0,0
4865,2,1,0.38630814591627777,0.38048214496140675,0,0
4866,3,0,0.5483161365277704,0.537297626727428,1,1
4867,5,1,0.4915590387830464,0.4863250091949537,1,1
4868,3,0,0.01992419542764213,0.022991315883038745,0,0
4869,2,0,0.14976268895723524,0.15475160340605404,0,0
4870,3,1,0.6262226197723174,0.6167212785711601,1,1
4871,5,1,0.7953513079318274,0.7849156517320509,1,1
4872,3,0,0.047031337542458744,0.051200069159123354,0,0
4873,5,1,0.7401231047648509,0.727802564906542,1,1
4874,3,0,0.02716080853026214,0.03005807590142918,0,0
4875,2,0,0.005217841839811555,0.006413181599318751,0,0
4876,3,0,0.21926812107560315,0.22274628582106834,0,0
4877,4,0,0.007593515170488748,0.008884576001063292,0,0
4878,5,0,0.18095784752424773,0.18269523536642146,0,0
4879,4,1,0.558549420049568,0.5487871045599729,1,1
4880,3,0,0.02323114079785329,0.026152778196926137,0,0
4881,3,0,0.10891188191511202,0.11419589586294725,0,0
4882,4,0,0.20159877197275275,0.20385846270936314,0,0
4883,3,1,0.17487738018161939,0.1785172841038834,0,0
4884,2,1,0.30085598034700156,0.3042723502433282,0,0
4885,1,0,0.18659756325167595,0.18958266370899754,0,0
4886,4,0,0.31772540452934167,0.31768231539335984,0,0
4887,1,0,0.3881587875585745,0.38602832952247984,0,0
4888,3,0,0.3966872851190693,0.38944093473238983,0,0
4889,3,0,0.19227272614284438,0.19387585961353757,0,0
4890,2,0,0.4891581578862619,0.4840296711484823,1,1
4891,1,0,0.40693446333054367,0.4116201382382155,1,1
4892,4,0,0.06295264767284989,0.06698502860267057,0,0
4893,1,0,0.0022043209924881998,0.002990127718712533,0,0
4894,4,0,0.12911746299472,0.1338312707769708,0,0
4895,2,0,0.4156892555915069,0.4132440408596554,1,1
4896,3,0,0.044983120214272414,0.04923212038391689,0,0
4897,2,0,0.05252527272938409,0.05706198347038229,0,0
4898,1,0,0.11316563717192038,0.11734323656989909,0,0
4899,5,0,0.015736453611305632,0.018529909277618342,0,0
4900,1,1,0.6964601302187226,0.688602636013948,1,1
4901,3,1,0.5696191752558525,0.5634209374129912,1,1
4902,4,0,0.13776593875744642,0.14171661048751644,0,0
4903,4,0,0.17108911467003535,0.17451370632973656,0,0
4904,3,0,0.5932188636062244,0.5833692372199761,1,1
4905,2,0,0.04184878907637016,0.04546385358795015,0,0
4906,4,0,0.007172012844691062,0.008477593427909023,0,0
4907,3,1,0.21705779115731544,0.22129396273724997,0,0
4908,4,0,0.1613447620258042,0.16393789479310447,0,0
4909,1,0,0.17066858595913018,0.174149332706582,0,0
4910,5,1,0.4128853716949026,0.4082531951211349,1,1
4911,5,1,0.23131666913947507,0.23470423928377043,0,0
4912,4,0,0.014738804135755552,0.016925446678992446,0,0
4913,5,0,0.006515859241170738,0.00787299693061236,0,0
4914,3,1,0.5645590983553747,0.5573514492554839,1,1
4915,3,0,0.1422138656833087,0.14709872344312908,0,0
4916,5,0,0.009959202732528021,0.011440675964070918,0,0
4917,1,0,0.3491819868083542,0.346529018210885,0,0
4918,1,1,0.5832012310462218,0.576278437237063,1,1
4919,4,0,0.005087292421419786,0.006131583985960887,0,0
4920,5,0,0.06315876680936768,0.06673172337935965,0,0
4921,5,1,0.15335988496522068,0.15727435619741217,0,0
4922,1,0,0.3789516978103922,0.380914236580189,0,0
4923,5,1,0.1691610453855745,0.17218232465319863,0,0
4924,1,0,0.31545504724703555,0.31569345907185825,0,0
4925,4,0,0.4385434985654707,0.4363642122432272,1,1
4926,4,0,0.03908528510696329,0.04276445976191902,0,0
4927,2,0,0.027078746619511047,0.0305017568365889,0,0
4928,4,0,0.2305393420766115,0.23188327439959372,0,0
4929,3,1,0.7786966706481078,0.7681422269023142,1,1
4930,2,1,0.4400632507459046,0.43366333569230486,1,1
4931,4,0,0.22663737633654513,0.22817205186613823,0,0
4932,3,1,0.6477785954028357,0.6400444595526951,1,1
4933,3,0,0.34964773481497247,0.34816105985780665,0,0
4934,2,1,0.5816893437816695,0.5729593931164018,1,1
4935,2,0,0.1882867147782947,0.19260534253129513,0,0
4936,4,1,0.422764026263635,0.41860430793171927,1,1
4937,5,1,0.4592125458532481,0.45599682296889343,1,1
4938,3,0,0.004797716905974585,0.006227605599859006,0,0
4939,2,1,0.7321969808053965,0.7202215827163588,1,1
4940,5,0,0.08653203844665572,0.08772384043057473,0,0
4941,2,0,0.22463119264363315,0.22539666390814683,0,0
4942,2,0,0.010663654050850267,0.012471518380588211,0,0
4943,3,0,0.10029693882482184,0.10598522095401439,0,0
4944,4,0,0.16363108382668828,0.16731522980566993,0,0
4945,4,0,0.3005280328642748,0.2991415698485921,0,0
4946,5,1,0.1725519126108216,0.1751469436111439,0,0
4947,3,0,0.03858292323765031,0.04286432348272893,0,0
4948,5,1,0.6917569981079594,0.6809265487463959,1,1
4949,2,0,0.5223190553901899,0.5169035207412909,1,1
4950,3,0,0.4258997667902656,0.42227777609235406,1,1
4951,5,0,0.07364902503799398,0.07924412432771383,0,0
4952,5,1,0.6895661659591661,0.6860678593016557,1,1
4953,3,0,0.07522206998532846,0.07997565952331982,0,0
4954,1,0,0.019314114700856796,0.02262902897187509,0,0
4955,1,1,0.38389085674110157,0.38262803590282923,0,0
4956,4,0,0.004359084506433571,0.005225331504182836,0,0
4957,3,0,0.49210697914949453,0.48847290933908577,1,1
4958,2,1,0.07043648605727398,0.07620686416102121,0,0
4959,5,0,0.06208332763004725,0.06591613112134934,0,0
4960,3,0,0.4463022133061627,0.4398069038229739,1,1
4961,4,1,0.36991164644246305,0.36598938000014297,0,0
4962,1,0,0.3170098250305632,0.3168362793757892,0,0
4963,5,1,0.2523433827146709,0.2531385483985939,0,0
4964,3,0,0.017671443169629073,0.020160789169586794,0,0
4965,5,0,0.15412658215408484,0.16201658054397644,0,0
4966,1,1,0.6104495276020644,0.6050760264097674,1,1
4967,4,0,0.02388690916831238,0.0265890068628518,0,0
4968,1,1,0.7702306512014889,0.7592235854591217,1,1
4969,2,0,0.008725985208112259,0.010378334754390338,0,0
4970,5,0,0.051760242930122345,0.05576361844428396,0,0
4971,5,0,0.034362745773312074,0.038912156833993364,0,0
4972,3,1,0.5690755633442793,0.5605571313084232,1,1
4973,4,0,0.06710300393438619,0.07130632224857034,0,0
4974,1,0,0.04645844562044351,0.05103354337361667,0,0
4975,5,0,0.18168563734173054,0.18649215416494314,0,0
4976,3,1,0.6350948717812838,0.6254788511400879,1,1
4977,4,0,0.07284314631926656,0.07697466515640133,0,0
4978,1,0,0.03071089540907492,0.03427852504861077,0,0
4979,3,0,0.002800945502888496,0.003694469945044487,0,0
4980,2,0,0.01010416079704577,0.012225818471022054,0,0
4981,1,0,0.025256863521094002,0.028715061956297604,0,0
4982,5,0,0.15718471721578342,0.15927643293811294,0,0
4983,2,1,0.596052185068768,0.5900645948933476,1,1
4984,2,0,0.18438068665958568,0.18815187825760493,0,0
4985,4,0,0.4951397173119465,0.48790432699284036,1,1
4986,3,1,0.663705536584072,0.6547934788685866,1,1
4987,1,0,0.21370013082381928,0.2151986885592884,0,0
4988,4,0,0.12454480182912347,0.12823259565274675,0,0
4989,5,1,0.48506336105482994,0.48291454168273934,1,1
4990,5,0,0.09646678869685603,0.1017687827392217,0,0
4991,5,0,0.021665839754473164,0.024409086254783562,0,0
4992,3,0,0.11265121625023128,0.11975617899667326,0,0
4993,2,0,0.02637396944467009,0.02960506393400682,0,0
4994,5,0,0.05482738471824081,0.059079476070757385,0,0
4995,3,0,0.24727395444991088,0.24802974931230404,0,0
4996,4,0,0.10441237525515878,0.10898701956626695,0,0
4997,3,0,0.09869466507687241,0.10280136073591868,0,0
4998,1,1,0.6767296168725411,0.6659866078274043,1,1
4999,2,0,0.21746888790282137,0.22112074606930165,0,0
5000,5,0,0.01661529775218458,0.018394147298795842,0,0
5001,2,0,0.003156103104404352,0.003993626766718418,0,0
5002,5,0,0.14779722654518918,0.14993433551320873,0,0
5003,1,0,0.2283684467704069,0.2319055649353686,0,0
5004,2,0,0.4232349132303693,0.42087186996102155,1,1
5005,4,1,0.40014467671285214,0.39797828459646417,1,0
5006,2,0,0.043755397144738924,0.04803350357983704,0,0
5007,2,0,0.16811518313801227,0.1740995946285023,0,0
5008,1,0,0.009623070031773382,0.01180271814202105,0,0
5009,2,0,0.26832921009530947,0.27252052018470313,0,0
5010,4,0,0.03515375600733493,0.03864358721786009,0,0
5011,1,1,0.7083238438229835,0.6986638599727513,1,1
5012,1,0,0.26854626944248167,0.2723951885159181,0,0
5013,1,0,0.007659051678666372,0.009334978722329867,0,0
5014,1,0,0.05227839076145385,0.05685905978341228,0,0
5015,2,0,0.08123530259762406,0.08554811507860224,0,0
5016,5,0,0.29735039286973064,0.2984139565367063,0,0
5017,3,0,0.12083771891719398,0.1260982724387522,0,0
5018,2,0,0.08482687498431628,0.08992718900190796,0,0
5019,4,0,0.04722242885952937,0.050931603490847535,0,0
5020,2,1,0.6067678567427051,0.6008699879404247,1,1
5021,2,0,0.7221245193715182,0.7103888161583356,1,1
5022,2,0,0.12370135642123851,0.12947053061523492,0,0
5023,3,0,0.12041479593430783,0.1249871233461565,0,0
5024,4,1,0.6504134959707261,0.6412361432332985,1,1
5025,4,0,0.7322235860954303,0.7228653963432553,1,1
5026,5,1,0.04141535639279579,0.044077288566565995,0,0
5027,4,1,0.0891405176285375,0.09268181656839558,0,0
5028,4,0,0.029912210093106826,0.03325877716306209,0,0
5029,3,0,0.01877629139872729,0.021779656944769254,0,0
5030,3,1,0.19795638299974025,0.20096254023385587,0,0
5031,4,0,0.006700233708768834,0.007947913098279705,0,0
5032,2,0,0.09007720125854456,0.09402658405986417,0,0
5033,5,0,0.30218489304436036,0.29896451599929774,0,0
5034,5,0,0.04993150969941977,0.05323877555505759,0,0
5035,1,0,0.0025589749545905298,0.003484328835365656,0,0
5036,2,0,0.07042138158539701,0.07592803038282056,0,0
5037,4,1,0.6953355810565128,0.6866574223261603,1,1
5038,5,0,0.07480322285572652,0.07914468498617715,0,0
5039,3,1,0.6149303283976005,0.6041304559575768,1,1
5040,4,1,0.5492953458985297,0.5428792749685692,1,1
5041,3,0,0.10806562199483655,0.11151176046917395,0,0
5042,4,0,0.6559776404154979,0.6477127026241514,1,1
5043,3,0,0.04694879983528952,0.05223807444219958,0,0
5044,4,0,0.33062671003905386,0.32877388330480695,0,0
5045,4,1,0.11749205682607095,0.12195984349040989,0,0
5046,3,0,0.02047008186555078,0.0236087123373735,0,0
5047,5,0,0.0038415145437007336,0.004761206739622872,0,0
5048,5,1,0.7595422050558036,0.752835379709799,1,1
5049,1,0,0.09874829974956566,0.10336139487350988,0,0
5050,2,0,0.11004247329482279,0.11547144304389585,0,0
5051,3,1,0.05413379919057954,0.05924183196244093,0,0
5052,2,1,0.7185013563512384,0.7081620411956948,1,1
5053,4,0,0.2851166975591117,0.28676390775696536,0,0
5054,5,1,0.36745632330270894,0.361177111038198,0,0
5055,3,0,0.021778295312498242,0.025650783919723114,0,0
5056,5,0,0.2570702385191857,0.25756874840949473,0,0
5057,5,0,0.011636356762694172,0.013473060604377257,0,0
5058,4,0,0.0975749706137502,0.10148865641854174,0,0
5059,2,0,0.5261539092519354,0.5197659242249987,1,1
5060,4,0,0.04159212979850759,0.04526655763860361,0,0
5061,3,1,0.2379982025805374,0.23944246517114828,0,0
5062,3,0,0.4391451844875904,0.43738447951670273,1,1
5063,2,0,0.25362117132469486,0.2550317644440042,0,0
5064,1,0,0.23585098789602732,0.2385403638334608,0,0
5065,5,0,0.48992025024967606,0.4840962439365386,1,1
5066,1,1,0.6882642538808142,0.679519250901002,1,1
5067,5,0,0.5353604428567864,0.5288772955959787,1,1
5068,5,1,0.41147294052992955,0.4052390585518969,1,1
5069,5,0,0.4668505090517523,0.4596760495792057,1,1
5070,3,0,0.5311437689313697,0.5225708901924585,1,1
5071,3,0,0.010159266236942523,0.012215937720159048,0,0
5072,2,0,0.1797761719063309,0.18351099608176558,0,0
5073,1,1,0.3182522066280489,0.31659694262982446,0,0
5074,4,0,0.45251265392575957,0.4463612924472075,1,1
5075,5,0,0.19887594441194226,0.20324165914441616,0,0
5076,2,0,0.05388278803615148,0.05869039687160136,0,0
5077,1,0,0.4713732063856849,0.4687539704196187,1,1
5078,2,1,0.07275644553313246,0.07777134105053243,0,0
5079,5,0,0.14133262403950023,0.14638739208041915,0,0
5080,2,0,0.30511763766566796,0.3044705963338219,0,0
5081,4,0,0.6763998806736313,0.6687462754777704,1,1
5082,1,0,0.5520008669531914,0.546056054668918,1,1
5083,4,0,0.03229900588084,0.035680414841718175,0,0
5084,4,1,0.7820521038182721,0.772581337019189,1,1
5085,4,0,0.010926338513431715,0.01267235393523638,0,0
5086,2,1,0.8264128178162646,0.8158139002333383,1,1
5087,4,0,0.07056896100055858,0.0744839873172595,0,0
5088,1,0,0.02538488670326951,0.02928824247483307,0,0
5089,5,0,0.03834100652722011,0.04175687647817269,0,0
5090,5,0,0.3524890886208884,0.35231377717445783,0,0
5091,2,0,0.00239709123578549,0.0030701050752656505,0,0
5092,5,1,0.603235323904293,0.6002874231744497,1,1
5093,4,0,0.004048208228636741,0.004957599224616966,0,0
5094,4,1,0.46680930884273614,0.4617818287007161,1,1
5095,4,1,0.5735955629352545,0.5660361920755699,1,1
5096,1,0,0.3882498375959675,0.38310773018897903,0,0
5097,5,0,0.15907876214804226,0.1624384436683711,0,0
5098,2,0,0.036130482328310856,0.03982335112102823,0,0
5099,2,0,0.034651874006448216,0.03855700617388666,0,0
5100,3,1,0.756646920743468,0.7457695323085893,1,1
5101,4,0,0.01472141915756003,0.016565065039246922,0,0
5102,3,0,0.1090040986233266,0.11494094161389508,0,0
5103,1,1,0.1858026535388078,0.18902044696080483,0,0
5104,4,0,0.004441517521232425,0.005320104100152998,0,0
5105,4,0,0.10990509247590392,0.11363082965206336,0,0
5106,2,0,0.09767313936289111,0.10329947704843975,0,0
5107,2,0,0.14865788888674034,0.15385660943569993,0,0
5108,4,0,0.4442619851745231,0.4426746065093375,1,1
5109,3,0,0.09586333495724714,0.10018150789993467,0,0
5110,4,1,0.28740714834222153,0.2868446903789935,0,0
5111,2,0,0.03597293158447267,0.04005688355853413,0,0
5112,4,0,0.36274827022158235,0.3602442893815176,0,0
5113,2,0,0.008201366416117958,0.009987583325961445,0,0
5114,5,1,0.2286697659321043,0.2322880345706429,0,0
5115,5,0,0.02509914095515686,0.0282591349071799,0,0
5116,3,0,0.05173164013131779,0.055003022958995375,0,0
5117,3,0,0.1382949839229239,0.1439912760677617,0,0
5118,1,0,0.19861970531107115,0.20156336485651996,0,0
5119,4,0,0.28857312675248314,0.2903562326199872,0,0
5120,3,0,0.15218137887215022,0.1577307037802438,0,0
5121,3,1,0.0915611041977086,0.09574456758233,0,0
5122,5,0,0.017983796492937448,0.021096998883929206,0,0
5123,4,0,0.025204251155016157,0.028536222355577533,0,0
5124,1,0,0.6529028943198207,0.6428061177892246,1,1
5125,5,0,0.030990127012917153,0.03442645871539412,0,0
5126,5,1,0.46808534874521107,0.4540868065696249,1,1
5127,4,0,0.01354120721563374,0.01538855025760998,0,0
5128,2,0,0.04937277921562992,0.05457863533003941,0,0
5129,1,1,0.2810838184895898,0.2809576681429887,0,0
5130,5,0,0.15219727841091601,0.16036240264953264,0,0
5131,5,0,0.12223282402349706,0.1266425333186673,0,0
5132,3,0,0.29410633905978606,0.29704246622444375,0,0
5133,4,0,0.039822407256492304,0.04360689677155947,0,0
5134,3,0,0.02661621558586113,0.03028434160916953,0,0
5135,1,0,0.0016957654119250391,0.0023507209645499583,0,0
5136,5,0,0.031779232053482105,0.03663116722363354,0,0
5137,3,0,0.03745109007728147,0.04152768589465939,0,0
5138,1,0,0.016281164299922567,0.018894810882444393,0,0
5139,2,0,0.08815870317573689,0.09280441269086312,0,0
5140,1,0,0.023555525556410425,0.027192006254223855,0,0
5141,5,0,0.07165510292366636,0.07625067729338747,0,0
5142,2,0,0.003834579093231854,0.004774752211622998,0,0
5143,3,1,0.5171483954153436,0.5123106224847709,1,1
5144,1,0,0.012278526901677593,0.01480954063529838,0,0
5145,3,0,0.00974735799954446,0.011548663033150452,0,0
5146,1,1,0.7746541400891447,0.7635003262353786,1,1
5147,4,0,0.3515511735697682,0.3518252110235722,0,0
5148,4,0,0.6593055605314797,0.6508234783401902,1,1
5149,3,0,0.1524381774833201,0.15761954941992973,0,0
5150,2,0,0.014793677693798869,0.01742423787261856,0,0
5151,3,0,0.15453327594095337,0.1580503439473156,0,0
5152,4,1,0.10740187052363144,0.11211212777025295,0,0
5153,3,0,0.6321828411636081,0.6252464705012352,1,1
5154,4,0,0.029311276234963355,0.03272709496040135,0,0
5155,4,1,0.2676717960176466,0.26775857908840595,0,0
5156,4,0,0.21915208551989102,0.2208831212219152,0,0
5157,3,0,0.5313770693338553,0.5233168876329024,1,1
5158,4,1,0.5511610441695289,0.5426513602217801,1,1
5159,4,0,0.3133209237008878,0.3153175702737846,0,0
5160,2,0,0.04969358060345994,0.05421157602629699,0,0
5161,5,0,0.11461253830396682,0.12083161081779434,0,0
5162,1,0,0.34239184595424665,0.3409642542648065,0,0
5163,3,1,0.32938635199189564,0.32832576351240583,0,0
5164,3,0,0.2615588235681556,0.26416810409795877,0,0
5165,5,1,0.7063081492518218,0.696834061837783,1,1
5166,4,0,0.00421659905159843,0.005097772257864409,0,0
5167,5,0,0.4798198658218458,0.4796816933132593,1,1
5168,2,0,0.654925114813611,0.6450792432152029,1,1
5169,3,0,0.20369297335531403,0.20789955097661714,0,0
5170,4,0,0.015970099073428726,0.018265897494490806,0,0
5171,4,0,0.16494814310261635,0.16874745876950537,0,0
5172,2,0,0.07432638643217153,0.07954407879755754,0,0
5173,2,1,0.7283568811460461,0.7181524895476356,1,1
5174,1,0,0.04167904967710519,0.04650468346797974,0,0
5175,3,0,0.017609324513105273,0.020318501280410906,0,0
5176,1,0,0.10741164981491758,0.11324529134663264,0,0
5177,3,1,0.5019801358586501,0.4971705354124706,1,1
5178,2,0,0.49788085846891944,0.4910998663811367,1,1
5179,2,1,0.8172951720687038,0.8076251175354858,1,1
5180,1,0,0.5630126910320975,0.5568809572812643,1,1
5181,1,0,0.09777592025892647,0.10283091561565916,0,0
5182,1,0,0.10294231275002177,0.10763585119043773,0,0
5183,2,1,0.3788990307507986,0.3764910196963488,0,0
5184,5,0,0.0763952752718947,0.08082740397557298,0,0
5185,4,1,0.7189078365011193,0.7095219730301686,1,1
5186,1,1,0.23880504378722084,0.24061488407692128,0,0
5187,5,0,0.03349504563812495,0.037795175943972775,0,0
5188,1,1,0.7192597423667584,0.7084424728208194,1,1
5189,4,0,0.02504253471237466,0.027913288532510173,0,0
5190,2,0,0.2711603757531506,0.27450144719091707,0,0
5191,2,0,0.2364835192628533,0.24021832361461853,0,0
5192,5,1,0.7265162641833978,0.7182600956462567,1,1
5193,2,1,0.4499988379823054,0.4450520554843803,1,1
5194,5,0,0.485929426707359,0.4853649742435432,1,1
5195,3,1,0.654151639566036,0.6469919019633162,1,1
5196,3,0,0.197872478422747,0.20101724065550147,0,0
5197,4,0,0.05754291521667881,0.061874854171855044,0,0
5198,1,0,0.03938859985929287,0.04315182070855832,0,0
5199,5,1,0.6814612616688706,0.6757065573612444,1,1
5200,4,0,0.011161372453644297,0.012992067056577617,0,0
5201,2,1,0.7338474419517301,0.7231649375523603,1,1
5202,2,1,0.18595005945287268,0.18834952574960295,0,0
5203,2,1,0.5340954942491208,0.523764193131247,1,1
5204,5,1,0.5677980530542098,0.5565918691581337,1,1
5205,3,0,0.052188724324192075,0.05636435869139124,0,0
5206,3,0,0.008657943747919917,0.010566237990268627,0,0
5207,5,0,0.2641117626962103,0.26506413329878725,0,0
5208,3,0,0.01701333352658241,0.01984767510382004,0,0
5209,3,1,0.2483871174344334,0.25327720290189026,0,0
5210,5,0,0.40748773786962605,0.40487594277463523,1,1
5211,5,1,0.44920670186253625,0.4432749735997267,1,1
5212,3,0,0.1755282727514673,0.1787204522892544,0,0
5213,4,1,0.7368158486926705,0.7273228854974675,1,1
5214,5,0,0.028749247403667813,0.03184226874045907,0,0
5215,4,0,0.07957340553752772,0.08346704584123213,0,0
5216,1,1,0.6695033250122564,0.6598793621011729,1,1
5217,4,0,0.0050032824569908015,0.005996170083997891,0,0
5218,5,1,0.2362073779982982,0.23625366781307947,0,0
5219,2,1,0.2765647460644437,0.2798124515067325,0,0
5220,1,0,0.0012618453951079485,0.001783751794358306,0,0
5221,4,0,0.019013774584598537,0.021623760704425756,0,0
5222,4,0,0.18027079329085943,0.18326776090638316,0,0
5223,2,0,0.05211172013555677,0.056588980726353225,0,0
5224,2,0,0.5908483961721084,0.5836730818934035,1,1
5225,1,0,0.08938754737647607,0.09471900109638287,0,0
5226,3,0,0.4941129950589504,0.48690213697620466,1,1
5227,1,1,0.0983683937689968,0.10229977169413695,0,0
5228,3,1,0.6102866193355143,0.6052024739660902,1,1
5229,5,0,0.31642751564288096,0.32413565297285507,0,0
5230,4,0,0.08837761509028436,0.09339560415728974,0,0
5231,4,1,0.5765814776965618,0.5715069561125402,1,1
5232,3,0,0.010495836300837042,0.012565300749280991,0,0
5233,3,1,0.44266417897395605,0.43405985219543003,1,1
5234,1,0,0.010557444629954118,0.01330574507788412,0,0
5235,1,1,0.6020791143417962,0.5945537809355945,1,1
5236,5,1,0.6651444920098573,0.6538859535973874,1,1
5237,5,0,0.04848817195477754,0.05330533045673804,0,0
5238,2,0,0.07016936268369266,0.07444251473991838,0,0
5239,2,0,0.6203573870938026,0.6103147845745814,1,1
5240,3,1,0.11071512557825351,0.11565713070024966,0,0
5241,2,0,0.03231023610594874,0.03592831258805973,0,0
5242,1,0,0.6329579053867518,0.6239745520825118,1,1
5243,1,1,0.7331498265199612,0.7230521768971663,1,1
5244,2,1,0.5371196857338808,0.527259158403619,1,1
5245,3,0,0.18639394912536125,0.18973542812632618,0,0
5246,3,0,0.34621535057845365,0.3426000283459291,0,0
5247,1,0,0.04934623631554049,0.05358556282212705,0,0
5248,5,0,0.6929187836535063,0.6850154289522614,1,1
5249,4,0,0.038093164997099645,0.04152401979726014,0,0
5250,2,0,0.03500634604591704,0.03877977108243717,0,0
5251,3,0,0.4330506803644343,0.4293947037436757,1,1
5252,4,0,0.048472178886035514,0.05274694033842216,0,0
5253,4,0,0.04334404548707025,0.04718242539889593,0,0
5254,2,0,0.7313148460812579,0.7216126281983921,1,1
5255,5,0,0.18050823158528354,0.18822618561211363,0,0
5256,5,0,0.17662126154449387,0.17853862166918985,0,0
5257,4,0,0.012593673964667417,0.014392107335104373,0,0
5258,2,0,0.11455671723451635,0.12001167775038694,0,0
5259,2,0,0.01443723750787638,0.016677165732452065,0,0
5260,1,0,0.05289296198694594,0.058025377660330425,0,0
5261,4,0,0.041806141211103216,0.04562611643566566,0,0
5262,4,0,0.07011572614921308,0.0739192112696507,0,0
5263,4,0,0.06710228855233831,0.07162988351387754,0,0
5264,3,0,0.004432041152511741,0.005643395290757249,0,0
5265,4,0,0.25166916861394545,0.2517384860706706,0,0
5266,5,0,0.022994334877035307,0.02616838325629898,0,0
5267,1,0,0.00292362223556535,0.003910124712544457,0,0
5268,5,1,0.7299384887677698,0.7185017255068874,1,1
5269,4,1,0.6250039426759932,0.6183647061377477,1,1
5270,3,0,0.08406313137402527,0.08974983343577017,0,0
5271,1,1,0.1243868534966913,0.12874133098134083,0,0
5272,2,0,0.017087733384628996,0.019541269446224984,0,0
5273,4,0,0.03989879354863417,0.043779296521374675,0,0
5274,4,1,0.37663534949480415,0.3787728366227743,0,0
5275,1,0,0.0123478067573272,0.014635402584684404,0,0
5276,3,1,0.5742065434612449,0.5676848055662568,1,1
5277,1,1,0.33876918323203487,0.33389076897004744,0,0
5278,1,0,0.062345900589604104,0.06676448114099674,0,0
5279,4,0,0.3407331926351718,0.3411335126138926,0,0
5280,1,0,0.41637349383962313,0.4203038954507171,1,1
5281,4,1,0.12271314184731096,0.12670597879331633,0,0
5282,3,1,0.5221087565372583,0.5161782458163402,1,1
5283,5,1,0.09938664371518914,0.10572770186608924,0,0
5284,5,1,0.24263830371147962,0.24355567279597828,0,0
5285,5,0,0.6588822912930913,0.6531260858114455,1,1
5286,1,0,0.07189276091122732,0.07653666935531665,0,0
5287,4,1,0.5459236233293826,0.540748355653135,1,1
5288,1,0,0.17014999096217795,0.17383412358620726,0,0
5289,1,0,0.0011355331959035024,0.0016163988754707196,0,0
5290,1,0,0.35758567157750354,0.35704005855717824,0,0
5291,4,0,0.08458151620751521,0.08920598736994897,0,0
5292,5,0,0.3744375344507606,0.3693457800741495,0,0
5293,5,0,0.1438493749840234,0.14499662547747233,0,0
5294,4,0,0.007725353499821528,0.009009591249328592,0,0
5295,4,1,0.4453099394356534,0.44037101757674213,1,1
5296,4,1,0.7690923513483444,0.7600073588537833,1,1
5297,1,0,0.012814663151770819,0.015180421503101147,0,0
5298,3,1,0.6896966567498671,0.6809826496053385,1,1
5299,1,1,0.7344352274167175,0.7248066417367012,1,1
5300,5,0,0.007483226610770635,0.009137355948114777,0,0
5301,5,0,0.49147555614853367,0.49634043922568855,1,1
5302,1,0,0.02074481812840009,0.024089289615627712,0,0
5303,4,0,0.21841568381260407,0.2213636544501228,0,0
5304,3,1,0.11569900068153477,0.12066597725621393,0,0
5305,2,1,0.7603573768040923,0.749783720367738,1,1
5306,3,1,0.620433280953718,0.6096959370652437,1,1
5307,3,0,0.03347910398348448,0.03760309509519365,0,0
5308,3,0,0.1802374913232742,0.18472161702368148,0,0
5309,3,0,0.012611729026205807,0.015069321320502168,0,0
5310,3,0,0.0030277901999432827,0.004004205001576989,0,0
5311,1,0,0.14628498496417972,0.1487256333158235,0,0
5312,3,0,0.05004644304644016,0.05446959520858918,0,0
5313,5,0,0.6120157670474037,0.6021513156606678,1,1
5314,3,0,0.21194895956454687,0.21369107740941,0,0
5315,1,0,0.17827095685562844,0.1815872368587103,0,0
5316,2,0,0.009112180061433264,0.010871186241175165,0,0
5317,2,0,0.0108865963579585,0.01281104329467373,0,0
5318,3,0,0.0648316538459964,0.06996283113549047,0,0
5319,4,0,0.14614487204789528,0.14922160277259627,0,0
5320,1,0,0.14881150770706036,0.1529730938523427,0,0
5321,2,0,0.016206996258629567,0.018832999816510182,0,0
5322,1,0,0.22530469546566517,0.2292280886607426,0,0
5323,5,0,0.0045842505454024764,0.00572973679879116,0,0
5324,2,0,0.008151145399402112,0.009766386494028735,0,0
5325,5,0,0.01229921425929847,0.014408322707904334,0,0
5326,1,1,0.525393700819915,0.521225826397214,1,1
5327,2,0,0.014141007646369995,0.01638336704711487,0,0
5328,3,1,0.7271610373538705,0.7172270912497594,1,1
5329,4,0,0.011533455914039047,0.013068009974754356,0,0
5330,1,0,0.026702802217054695,0.030334688664824527,0,0
5331,5,0,0.5871788872689914,0.5817852899207574,1,1
5332,4,0,0.32795028620495703,0.3252028197499618,0,0
5333,5,0,0.08875316286047064,0.0950821291831327,0,0
5334,4,0,0.27973468240226596,0.2809668735316865,0,0
5335,5,0,0.10450449735743518,0.1146380023150628,0,0
5336,1,0,0.0713536084091966,0.07675921068547241,0,0
5337,1,0,0.01576294160078545,0.018675749820558814,0,0
5338,4,0,0.4484707926046051,0.4439875126248154,1,1
5339,3,0,0.26992848127698105,0.2686814614788383,0,0
5340,5,0,0.008297138345814197,0.010163748666790522,0,0
5341,2,1,0.055577890372078734,0.060283746174461375,0,0
5342,5,0,0.08537934130343625,0.09235792714432071,0,0
5343,3,0,0.14019452283964273,0.14493120414709298,0,0
5344,3,0,0.08996323978701508,0.09613373544802548,0,0
5345,2,0,0.0720689025066955,0.07657179047282149,0,0
5346,3,0,0.036002451210968546,0.039994584206314576,0,0
5347,1,0,0.10185123333013783,0.10884795361780156,0,0
5348,5,0,0.04240596229413611,0.04600830492424117,0,0
5349,2,0,0.12886169975605194,0.1338052048084157,0,0
5350,5,0,0.4847055869205607,0.48628233162730145,1,1
5351,1,0,0.08330543478465767,0.08989542138800938,0,0
5352,2,0,0.005382919841871493,0.006557150111882355,0,0
5353,3,0,0.677432777199998,0.6677921559650526,1,1
5354,4,0,0.16195149747484358,0.1664251269082937,0,0
5355,3,0,0.17322546419571358,0.17800928125525642,0,0
5356,3,0,0.004810772988078234,0.006256699924820734,0,0
5357,2,0,0.22364849088563452,0.22600471934747618,0,0
5358,2,0,0.5022262590363118,0.4974355793603544,1,1
5359,5,1,0.730546279482276,0.7190985246742732,1,1
5360,5,0,0.2587317482377906,0.2566632216529643,0,0
5361,3,0,0.2298184102670666,0.23379052107469608,0,0
5362,2,0,0.19877855571135875,0.20188259380106405,0,0
5363,4,0,0.005928277586537674,0.007049185959643831,0,0
5364,1,1,0.6878075773497103,0.6779922475302735,1,1
5365,3,0,0.2445594292357633,0.24596487999926797,0,0
5366,4,0,0.022032552175855213,0.024927496158608058,0,0
5367,4,0,0.43219663602896835,0.4270727365722503,1,1
5368,4,0,0.40741638554740334,0.4049396005928979,1,1
5369,2,0,0.29197470214533566,0.29083865184799107,0,0
5370,3,0,0.6516965205161273,0.6435717120719922,1,1
5371,4,0,0.736904626431589,0.7275211508287907,1,1
5372,4,1,0.6691202772857937,0.6607557909027065,1,1
5373,2,1,0.41290310661735063,0.4067044131810441,1,1
5374,5,0,0.03014404380884189,0.03357810301177082,0,0
5375,2,0,0.0325903900067075,0.0361948025226448,0,0
5376,5,0,0.13288504379572966,0.1337622707088359,0,0
5377,5,0,0.007593643943769821,0.009028913748174378,0,0
5378,4,1,0.012161396989730323,0.013868043697793004,0,0
5379,4,0,0.05132300323930623,0.0551968860311143,0,0
5380,4,1,0.6564007250896114,0.6482764456717562,1,1
5381,5,0,0.5388161686588004,0.5301701592694621,1,1
5382,3,0,0.0636286460838679,0.06733894579359481,0,0
5383,2,0,0.015603543831837405,0.017822859336974254,0,0
5384,1,0,0.11131309171356864,0.11662322815178236,0,0
5385,5,1,0.220919356118216,0.22162972570203981,0,0
5386,4,0,0.008044670737600493,0.00937615072058286,0,0
5387,1,0,0.001724499120997527,0.002411574187596434,0,0
5388,3,1,0.21336910306187293,0.2174725474531424,0,0
5389,2,1,0.6991871046460915,0.6903854225950271,1,1
5390,3,0,0.023268047691867997,0.026745016006771434,0,0
5391,3,0,0.2963142652998774,0.29782910262201867,0,0
5392,2,0,0.07557956128040356,0.08065152370112869,0,0
5393,5,1,0.4573155669947822,0.45234061904577827,1,1
5394,5,1,0.7383782766487438,0.7291148525264142,1,1
5395,3,0,0.013449264109902043,0.015690078986170947,0,0
5396,1,0,0.0035892908047681273,0.004703169364350441,0,0
5397,4,0,0.02836077004715369,0.032071632028298665,0,0
5398,3,0,0.11047395666395861,0.1152451382949429,0,0
5399,2,0,0.3701232475376015,0.3681331871581619,0,0
5400,4,0,0.5355495712967133,0.5274532828536469,1,1
5401,3,0,0.08025725316488512,0.08651155687900436,0,0
5402,5,0,0.15515347911847005,0.1609434679779283,0,0
5403,3,1,0.3815067712941507,0.37899937845733184,0,0
5404,5,0,0.24210909212758527,0.24351976484890608,0,0
5405,2,1,0.17054568901308115,0.1757076703234708,0,0
5406,4,0,0.021856117599250706,0.024726825442143364,0,0
5407,4,0,0.004685836435431517,0.005658011468701476,0,0
5408,3,0,0.047418008448526665,0.05184457180844354,0,0
5409,3,0,0.03682101055262867,0.041029945896373564,0,0
5410,3,0,0.04277872184671864,0.04572882380416314,0,0
5411,4,0,0.009528154850095703,0.011080158242016651,0,0
5412,3,0,0.07730028025994841,0.08351460531554826,0,0
5413,5,1,0.06921704479077216,0.07763328936179029,0,0
5414,3,1,0.6145925654830762,0.6042962977692966,1,1
5415,3,0,0.043195604364030596,0.04795562494865233,0,0
5416,4,0,0.018238471835412187,0.020499074152576197,0,0
5417,2,0,0.0024460400108906742,0.00313097190672598,0,0
5418,2,0,0.10475236131832666,0.11067924763394339,0,0
5419,5,0,0.22794342144326468,0.2279215587689877,0,0
5420,5,1,0.5960410738295808,0.5889435739031107,1,1
5421,5,0,0.33128549490308873,0.328199578497466,0,0
5422,5,0,0.04065583288625139,0.04595109903133338,0,0
5423,1,0,0.11702368979023045,0.12103396715430585,0,0
5424,2,1,0.21650347101374798,0.21982542501558822,0,0
5425,1,0,0.04433903195772488,0.0485998462618906,0,0
5426,2,1,0.23426143265616256,0.23737085247300724,0,0
5427,1,0,0.003685194084023632,0.004853823884762252,0,0
5428,2,1,0.4737094861859965,0.4706401480227084,1,1
5429,5,1,0.01759985743094269,0.02050410821189334,0,0
5430,3,0,0.05836633633665588,0.06224755937756622,0,0
5431,4,0,0.011524873872263457,0.013326277995555885,0,0
5432,1,0,0.19100985246835359,0.19373720278337742,0,0
5433,5,1,0.2773130187591159,0.27359967509851596,0,0
5434,2,0,0.4039948161116332,0.40233703491956085,1,1
5435,2,0,0.5307002484701464,0.5256114515942906,1,1
5436,5,0,0.06888520706311219,0.07212969301014023,0,0
5437,3,1,0.19825533780343663,0.20390119581334018,0,0
5438,3,0,0.3513023140917236,0.34780859441707257,0,0
5439,5,0,0.5291230473227271,0.5233991544554946,1,1
5440,5,0,0.1021733990560862,0.10553914122073582,0,0
5441,4,0,0.4718716750546522,0.4684785701119239,1,1
5442,2,0,0.13073843099572838,0.13455798754576095,0,0
5443,1,0,0.007138854649779822,0.00892958118522401,0,0
5444,3,0,0.06581939823927659,0.07142668608206777,0,0
5445,5,0,0.1585118349374021,0.1631927472746127,0,0
5446,1,1,0.7032741222270736,0.6923349125425708,1,1
5447,2,1,0.40973665464253933,0.40880021747507234,1,1
5448,3,1,0.7225520416208296,0.710414499397209,1,1
5449,3,0,0.1473515470116632,0.15208724238352314,0,0
5450,1,1,0.012577201567301794,0.014982289901971929,0,0
5451,1,0,0.25092682550693207,0.2500751360716947,0,0
5452,2,0,0.005125626553588319,0.006295632979522436,0,0
5453,2,0,0.003790606450108836,0.00475600326088287,0,0
5454,3,0,0.07916964733368395,0.08517501555111048,0,0
5455,5,1,0.4119854589940741,0.409837434766399,1,1
5456,4,0,0.2656362795797708,0.2662674944002611,0,0
5457,4,1,0.5735735378316563,0.5669312396330861,1,1
5458,5,1,0.4105290830474901,0.40717529647880235,1,1
5459,1,1,0.18029360580730913,0.18456308893460188,0,0
5460,1,0,0.5605730166669645,0.5553653185768466,1,1
5461,5,0,0.21125079227920154,0.21165960897892075,0,0
5462,1,0,0.05058359470150222,0.05460499589116404,0,0
5463,4,0,0.03871710912695632,0.04212604974994387,0,0
5464,5,0,0.01675861204299709,0.019295571497402405,0,0
5465,3,0,0.0032285799805832687,0.0042257054588661445,0,0
5466,5,0,0.16338966338673472,0.1723041556557526,0,0
5467,1,0,0.14039862678021886,0.14457811714235386,0,0
5468,1,1,0.6865607057001729,0.6754822214773426,1,1
5469,3,0,0.711770961660964,0.7026158906771218,1,1
5470,1,1,0.6278820725124353,0.6216927656344724,1,1
5471,1,1,0.7607150130744983,0.7509462830643228,1,1
5472,5,0,0.24549469440911498,0.24776961603266656,0,0
5473,3,0,0.07912257284066493,0.0849505719268846,0,0
5474,1,1,0.39454326820827923,0.39087303174208776,0,0
5475,4,0,0.41312101728025447,0.41177829086944906,1,1
5476,4,0,0.20217039973892872,0.20613524565381686,0,0
5477,2,0,0.46937576423801486,0.4649000842705169,1,1
5478,1,0,0.31901138099139825,0.3165928512702854,0,0
5479,3,0,0.006127033254865114,0.007415798261869916,0,0
5480,4,0,0.10382454506149066,0.10804981321001357,0,0
5481,1,0,0.06170220634077524,0.06684422704588687,0,0
5482,1,1,0.3533887114358228,0.3524762506278215,0,0
5483,1,0,0.1780976089645312,0.18138249946540969,0,0
5484,3,0,0.003971485806726493,0.005059063164544967,0,0
5485,3,0,0.2979284340861509,0.29615233535413565,0,0
5486,2,0,0.040939839075069054,0.044483733083254,0,0
5487,2,1,0.4942094487769854,0.48445794453851593,1,1
5488,2,1,0.5964738029414345,0.5901741567178869,1,1
5489,2,1,0.771924048051398,0.7614670412515713,1,1
5490,5,0,0.04381544332916498,0.04732815667302047,0,0
5491,5,1,0.5517080405524718,0.5411629511642608,1,1
5492,1,0,0.06510362326166384,0.07087071922718527,0,0
5493,3,1,0.8322741264287142,0.8223390023895785,1,1
5494,1,0,0.0017481740263517883,0.0024029321885646383,0,0
5495,4,1,0.7125289853862868,0.7040058082275976,1,1
5496,3,1,0.030012416061603674,0.03356074101979549,0,0
5497,1,0,0.30759163794871014,0.306154851700187,0,0
5498,1,0,0.2652114998754002,0.26407868807309315,0,0
5499,2,0,0.06056947860623117,0.06521853376161323,0,0
5500,4,0,0.014483122546965415,0.016406864738169012,0,0
5501,4,0,0.13320433673707963,0.13742416346146913,0,0
5502,2,0,0.0036501455780015833,0.004557540376826532,0,0
5503,1,0,0.16202170683232744,0.16498892653121697,0,0
5504,3,1,0.5886195839399226,0.5783695078781335,1,1
5505,3,1,0.7687572681351761,0.7584950747057105,1,1
5506,3,0,0.5180592184790013,0.5155887271404389,1,1
5507,3,0,0.0018170362816281123,0.002487939705869378,0,0
5508,4,0,0.19454416775965416,0.19778186114439614,0,0
5509,1,0,0.09000853969620033,0.09465712537608299,0,0
5510,1,0,0.27401198257820936,0.2726472547971802,0,0
5511,2,1,0.6708118783094551,0.6593486690122949,1,1
5512,5,1,0.5633102350517846,0.562485667199086,1,1
5513,1,1,0.7138321861105436,0.7050671569327055,1,1
5514,3,0,0.013481076702645976,0.01592206767151067,0,0
5515,3,0,0.6915935603803101,0.6818076629595671,1,1
5516,1,0,0.08746335295636529,0.09359973103106997,0,0
5517,5,0,0.14960329777076445,0.15344024202816028,0,0
5518,1,1,0.18691070421011652,0.19035331217956564,0,0
5519,3,1,0.7695819703350824,0.7592747405696707,1,1
5520,2,0,0.021458546250615305,0.024339072209918863,0,0
5521,1,1,0.38029594639240694,0.3779064113814359,0,0
5522,5,0,0.08774010475626105,0.09147533658064326,0,0
5523,3,0,0.2679585646099686,0.27080387439534165,0,0
5524,4,1,0.4099814962617471,0.4057907849462241,1,1
5525,2,0,0.20764669573310005,0.20919281665129835,0,0
5526,5,0,0.1431996611420839,0.15261450884689992,0,0
5527,2,0,0.026167651001553917,0.029367608040069833,0,0
5528,2,0,0.09016220228666287,0.0960624279643257,0,0
5529,5,0,0.41739474496519,0.41716220891323363,1,1
5530,1,0,0.015801494429575784,0.01881327843720144,0,0
5531,5,1,0.24460461562596214,0.24436610224007813,0,0
5532,4,0,0.29726272777491813,0.2980032394191686,0,0
5533,1,0,0.05942412209593912,0.06373843298604853,0,0
5534,2,0,0.004780284806682631,0.005914848623774281,0,0
5535,4,0,0.7558547075032608,0.746735329004829,1,1
5536,3,0,0.11236827272916233,0.11525152478496152,0,0
5537,4,0,0.1283858849113422,0.13216298527341408,0,0
5538,5,0,0.03528024761942135,0.03903215882146693,0,0
5539,2,1,0.2243177812320625,0.22882541283579597,0,0
5540,2,0,0.305845482332229,0.3040080844871751,0,0
5541,5,0,0.01368071012868306,0.015771271288480403,0,0
5542,5,0,0.27957413179064206,0.2787637291229622,0,0
5543,5,0,0.49837066855811424,0.4968525082017724,1,1
5544,2,0,0.03984252403773044,0.04477773221063387,0,0
5545,5,1,0.7256564950509801,0.7181995848446272,1,1
5546,2,1,0.22561802320850147,0.2282585161863188,0,0
5547,5,0,0.17621932294469358,0.18160567882688286,0,0
5548,4,0,0.03668715025341928,0.04022799286537655,0,0
5549,1,0,0.05170499392332085,0.055976179454898925,0,0
5550,5,1,0.6748324264327431,0.6667929611897806,1,1
5551,1,0,0.09867571350846085,0.10355591628172348,0,0
5552,1,0,0.4152872048955469,0.41123987009385,1,1
5553,5,1,0.72637308606089,0.7182500133818672,1,1
5554,5,0,0.07188297533777101,0.07689982922236205,0,0
5555,3,0,0.07916456980579947,0.08313989648933087,0,0
5556,1,1,0.6522378991774669,0.6423952715798613,1,1
5557,3,0,0.229356216201701,0.23322459887607092,0,0
5558,1,1,0.34762668350397785,0.3402596452795986,0,0
5559,4,0,0.24929290892462716,0.25062206116448776,0,0
5560,3,1,0.06334923300889816,0.06747892154108277,0,0
5561,3,0,0.08235700418763879,0.08778935560126294,0,0
5562,2,0,0.14119330058327034,0.14526490086789412,0,0
5563,4,0,0.08130154080132528,0.08576610682167154,0,0
5564,1,0,0.2560150820506217,0.2576374887003329,0,0
5565,1,0,0.00669848102695129,0.008455141940048589,0,0
5566,1,1,0.41557421232171826,0.4103195046287652,1,1
5567,3,0,0.13188396903449476,0.13790296236584143,0,0
5568,2,0,0.3963044701296344,0.39478410005095077,0,0
5569,1,0,0.5600658344759033,0.5579030763639976,1,1
5570,5,0,0.040464679319178624,0.04358053367257379,0,0
5571,5,0,0.2856491873037519,0.2931235877225317,0,0
5572,4,0,0.4776983634078894,0.47257808469251306,1,1
5573,4,1,0.49890702094763006,0.49505842504624126,1,1
5574,3,1,0.5106499204907631,0.5061966693185471,1,1
5575,5,0,0.628651209658731,0.6301282980030782,1,1
5576,2,0,0.0891505812319801,0.09461316460887939,0,0
5577,3,0,0.12041173997361915,0.1244721766672557,0,0
5578,4,0,0.04891542007836335,0.05308070169326231,0,0
5579,4,1,0.5188426059895012,0.5116287079663272,1,1
5580,2,1,0.1986895283890751,0.20196736371063265,0,0
5581,4,1,0.5008245554661225,0.4948489871199496,1,1
5582,2,0,0.13123615951887174,0.13591578036361213,0,0
5583,2,0,0.3190281151478048,0.3180370508985809,0,0
5584,5,0,0.01352506859348477,0.015308754461477999,0,0
5585,3,0,0.18657719357576602,0.19169715165361095,0,0
5586,4,0,0.011916942181434674,0.013668699286016195,0,0
5587,2,0,0.45094037782651214,0.44351134477454923,1,1
5588,4,0,0.010018446962582441,0.011609428193846359,0,0
5589,5,0,0.28108404978500195,0.28535793058075043,0,0
5590,1,0,0.151474006150555,0.15574478894593008,0,0
5591,4,0,0.07933800290778169,0.08377437603424862,0,0
5592,5,1,0.42898853897463024,0.4328771865588191,1,1
5593,2,0,0.30578961936315346,0.30691485211959,0,0
5594,5,0,0.23826650098942245,0.24528370687983675,0,0
5595,1,0,0.1524165179443044,0.15718969693674895,0,0
5596,2,0,0.4408293105382619,0.4368510895101079,1,1
5597,2,1,0.7109854753405723,0.698479570723579,1,1
5598,1,0,0.11473112425355389,0.12004587576858242,0,0
5599,2,1,0.4041576847976869,0.4000329164200414,1,1
5600,5,0,0.026760120381403636,0.03011395325874186,0,0
5601,1,1,0.05813081453234367,0.06317684963230341,0,0
5602,2,0,0.450226379666757,0.4471651892555751,1,1
5603,3,0,0.6926591087679433,0.6832371026811557,1,1
5604,3,0,0.004848313571784646,0.006343005062326613,0,0
5605,4,1,0.35500896274996274,0.35491200676645895,0,0
5606,4,0,0.2730364832672562,0.27468769881996086,0,0
5607,5,0,0.41802605610610505,0.4146167781243352,1,1
5608,5,0,0.03591502997597063,0.03990082287025969,0,0
5609,3,1,0.44807191220522974,0.44247594751286295,1,1
5610,3,0,0.012165424853482184,0.014375726344892537,0,0
5611,5,1,0.608251416072439,0.5978236930650386,1,1
5612,2,1,0.7600265950985393,0.7493851476983668,1,1
5613,5,1,0.2346249740410131,0.23826198439446866,0,0
5614,1,0,0.03154205938391776,0.03557202671004303,0,0
5615,3,0,0.4422829266121257,0.43795412475896933,1,1
5616,2,0,0.011193793652556855,0.013212245275245612,0,0
5617,1,0,0.1754836261374795,0.17912747342410953,0,0
5618,4,0,0.2212925200412661,0.22238629936324655,0,0
5619,4,0,0.282377230526555,0.28317069680558105,0,0
5620,4,0,0.5158049699694781,0.509361774236867,1,1
5621,1,1,0.38712167378770124,0.3828375525924814,0,0
5622,3,0,0.008116799036086938,0.00977489743035142,0,0
5623,5,0,0.6943195306581724,0.685920041514114,1,1
5624,1,0,0.22662198024918073,0.2295254204747279,0,0
5625,1,0,0.030647891980948208,0.03488416906674369,0,0
5626,4,0,0.32759582019594863,0.32802080274941914,0,0
5627,4,1,0.20707855014464888,0.21035729250694518,0,0
5628,5,0,0.5585166693891574,0.5541978367775143,1,1
5629,3,0,0.0020647256196488794,0.0028748418057301297,0,0
5630,1,0,0.11895699457204509,0.12479605789415386,0,0
5631,3,0,0.4139990133013365,0.4102682528949706,1,1
5632,3,1,0.6534080985774794,0.6451179792643031,1,1
5633,1,0,0.04600474507059947,0.05009106963746386,0,0
