row_index,customerID,churn,split
0,7590-VHVEG,0,development
1,5575-GNVDE,0,development
2,3668-QPYBK,1,development
3,7795-CFOCW,0,development
4,9237-HQITU,1,development
5,9305-CDSKC,1,development
6,1452-KIOVK,0,development
7,6713-OKOMC,0,development
8,7892-POOKP,1,development
9,6388-TABGU,0,development
10,9763-GRSKD,0,development
11,7469-LKBCI,0,development
12,8091-TTVAX,0,development
13,0280-XJGEX,1,development
14,5129-JLPIS,0,development
15,3655-SNQYZ,0,development
16,8191-XWSZG,0,development
17,9959-WOFKT,0,development
18,4190-MFLUW,1,development
19,4183-MYFRB,0,development
20,8779-QRDMV,1,development
21,1680-VDCWW,0,development
22,1066-JKSGK,1,development
23,3638-WEABW,0,holdout
24,6322-HRPFA,0,development
25,6865-JZNKO,0,holdout
26,6467-CHFZW,1,development
27,8665-UTDHZ,1,development
28,5248-YGIJN,0,development
29,8773-HHUOZ,1,development
30,3841-NFECX,0,holdout
31,4929-XIHVW,0,development
32,6827-IEAUQ,0,development
33,7310-EGVHZ,0,holdout
34,3413-BMNZE,0,development
35,6234-RAAPL,0,holdout
36,6047-YHPVI,1,development
37,6572-ADKRS,0,development
38,5380-WJKOV,1,development
39,8168-UQWWF,1,development
40,8865-TNMNX,0,development
41,9489-DEDVP,0,development
42,9867-JCZSP,0,holdout
43,4671-VJLCL,0,holdout
44,4080-IIARD,0,development
45,3714-NTNFO,0,development
46,5948-UJZLF,0,development
47,7760-OYPDY,1,development
48,7639-LIAYI,0,development
49,2954-PIBKO,0,development
50,8012-SOUDQ,0,development
51,9420-LOJKX,1,holdout
52,6575-SUVOI,0,holdout
53,7495-OOKFY,1,development
54,4667-QONEA,0,holdout
55,1658-BYGOY,1,development
56,8769-KKTPH,0,development
57,5067-XJQFU,0,development
58,3957-SQXML,0,development
59,5954-BDFSG,0,development
60,0434-CSFON,0,development
61,1215-FIGMP,0,holdout
62,0526-SXDJP,0,development
63,0557-ASKVU,0,development
64,5698-BQJOH,1,development
65,5122-CYFXA,0,development
66,8627-ZYGSZ,0,development
67,3410-YOQBQ,0,development
68,3170-NMYVV,0,development
69,7410-OIEDU,0,development
70,2273-QCKXA,0,development
71,0731-EBJQB,0,development
72,1891-QRQSA,0,development
73,8028-PNXHQ,0,holdout
74,5630-AHZIL,0,holdout
75,2673-CXQEU,0,development
76,6416-JNVRK,0,development
77,5590-ZSKRV,0,holdout
78,0191-ZHSKZ,0,development
79,3887-PBQAO,0,development
80,5919-TMRGD,1,development
81,8108-UXRQN,0,development
82,9191-MYQKX,1,development
83,9919-YLNNG,0,development
84,0318-ZOPWS,0,development
85,4445-ZJNMU,0,development
86,4808-YNLEU,0,development
87,1862-QRWPE,0,development
88,2796-NNUFI,0,development
89,3016-KSVCP,0,development
90,4767-HZZHQ,0,development
91,2424-WVHPL,0,holdout
92,7233-PAHHL,0,holdout
93,6067-NGCEU,0,development
94,9848-JQJTX,0,development
95,8637-XJIVR,1,development
96,9803-FTJCG,0,development
97,0278-YXOOG,1,development
98,3212-KXOCR,0,development
99,4598-XLKNJ,1,development
100,6380-ARCEH,0,development
101,3679-XASPY,0,development
102,7123-WQUHX,0,development
103,5386-THSLQ,0,holdout
104,3192-NQECA,1,development
105,6180-YBIQI,0,development
106,6728-DKUCO,0,development
107,9750-BOOHV,0,development
108,8597-CWYHH,0,development
109,2848-YXSMW,0,development
110,0486-HECZI,1,development
111,4549-ZDQYY,0,development
112,5712-AHQNN,0,holdout
113,4846-WHAFZ,1,development
114,5256-SKJGO,0,development
115,3071-VBYPO,0,development
116,9560-BBZXK,0,development
117,5299-RULOA,1,development
118,8402-OOOHJ,0,development
119,9445-ZUEQE,0,development
120,1091-SOZGA,0,holdout
121,2928-HLDBA,0,holdout
122,0404-SWRVG,1,development
123,6497-TILVL,0,development
124,7219-TLZHO,0,holdout
125,4622-YNKIJ,0,development
126,4412-YLTKF,1,holdout
127,6734-PSBAW,0,development
128,3930-ZGWVE,0,development
129,2639-UGMAZ,0,development
130,2876-GZYZC,0,holdout
131,6207-WIOLX,1,development
132,8587-XYZSF,0,development
133,3091-FYHKI,1,development
134,2372-HWUHI,1,development
135,7799-LGRDP,0,holdout
136,7850-VWJUU,0,holdout
137,3774-VBNXY,0,development
138,6217-KDYWC,0,development
139,0390-DCFDQ,1,development
140,3146-MSEGF,0,development
141,4080-OGPJL,1,development
142,1095-WGNGG,0,development
143,2636-SJDOU,0,development
144,1131-QQZEB,0,development
145,5716-EZXZN,0,holdout
146,6837-BJYDQ,0,development
147,2135-RXIHG,1,development
148,6440-DKQGE,0,development
149,3466-BYAVD,0,development
150,3780-YVMFA,0,development
151,3874-EQOEP,1,holdout
152,1679-JRFBR,0,holdout
153,9073-ZZIAY,0,development
154,3077-RSNTJ,0,development
155,6551-GNYDG,0,development
156,9167-APMXZ,0,development
157,2749-CTKAJ,0,holdout
158,6371-NZYEG,0,development
159,7554-NEWDD,0,development
160,8992-VONJD,0,holdout
161,0867-MKZVY,1,development
162,4482-EWFMI,0,development
163,4648-YPBTM,0,development
164,2907-ILJBN,0,development
165,6345-FZOQH,0,development
166,3376-BMGFE,1,development
167,5997-OPVFA,0,development
168,3445-HXXGF,1,development
169,1159-WFSGR,0,holdout
170,7654-YWJUF,0,development
171,1875-QIVME,1,holdout
172,6727-IOTLZ,0,development
173,0691-JVSYA,1,development
174,5918-VUKWP,0,development
175,1744-JHKYS,0,development
176,2656-FMOKZ,1,development
177,2070-FNEXE,1,development
178,5947-SGKCL,0,holdout
179,3712-PKXZA,0,development
180,6317-YPKDH,1,holdout
181,6582-OIVSP,0,development
182,9367-WXLCH,1,development
183,5524-KHNJP,0,development
184,1918-ZBFQJ,1,development
185,1024-GUALD,1,development
186,4827-USJHP,0,development
187,8167-GJLRN,0,development
188,0956-SYCWG,0,development
189,8017-UVSZU,0,holdout
190,7100-FQPRV,0,development
191,2472-OVKUP,1,development
192,2984-RGEYA,0,development
193,9680-NIAUV,0,holdout
194,2146-EGVDT,0,development
195,2604-IJPDU,0,holdout
196,9178-JHUVJ,0,development
197,6168-YBYNP,0,development
198,7255-SSFBC,0,development
199,3645-DEYGF,0,development
200,9323-HGFWY,0,development
201,8544-GOQSH,0,development
202,3363-DTIVD,0,development
203,7018-WBJNK,0,holdout
204,9142-KZXOP,0,development
205,7674-YTAFD,0,holdout
206,6348-SNFUS,0,development
207,1285-OKIPP,1,development
208,7825-ECJRF,1,development
209,1347-KTTTA,0,development
210,7841-TZDMQ,1,development
211,4195-NZGTA,0,holdout
212,7157-SMCFK,0,holdout
213,4709-LKHYG,0,development
214,2504-DSHIH,0,development
215,0699-NDKJM,0,development
216,9286-BHDQG,0,development
217,0230-WEQUW,0,development
218,2040-LDIWQ,0,development
219,6496-JDSSB,0,development
220,9408-SSNVZ,1,development
221,4443-EMBNA,0,development
222,6469-MRVET,0,holdout
223,0742-MOABM,1,development
224,5961-VUSRV,0,development
225,6778-JFCMK,0,development
226,6341-JVQGF,0,development
227,2232-DMLXU,1,development
228,4811-JBUVU,0,development
229,0945-TSONX,0,development
230,2651-ZCBXV,0,development
231,3316-UWXUY,0,development
232,8937-RDTHP,1,development
233,7083-MIOPC,0,development
234,1984-GPTEH,0,development
235,1251-KRREG,1,development
236,0621-JFHOL,0,development
237,9903-LYSAB,0,development
238,0094-OIFMO,1,development
239,9227-UAQFT,0,holdout
240,7301-ABVAD,0,development
241,6614-FHDBO,0,development
242,7576-ASEJU,0,development
243,9058-HRZSV,0,development
244,4522-AKYLR,0,development
245,0221-WMXNQ,0,holdout
246,0303-UNCIP,0,holdout
247,9947-OTFQU,1,holdout
248,0322-YINQP,1,development
249,0959-WHOKV,0,holdout
250,4075-JFPGR,0,development
251,4629-NRXKX,1,development
252,9514-JDSKI,1,development
253,3282-ZISZV,0,development
254,3675-YDUPJ,0,holdout
255,4111-BNXIF,0,development
256,7017-VFHAY,0,development
257,6655-LHBYW,0,development
258,4959-JOSRX,1,development
259,5046-NUHWD,0,development
260,7273-TEFQD,1,development
261,3606-TWKGI,1,holdout
262,7529-ZDFXI,0,development
263,7605-BDWDC,0,development
264,1950-KSVVJ,0,development
265,0123-CRBRT,0,development
266,6292-TOSSS,0,holdout
267,3197-ARFOY,0,development
268,6323-AYBRX,1,development
269,7014-ZZXAW,0,development
270,4385-GZQXV,1,holdout
271,7633-MVPUY,0,development
272,6366-ZGQGL,1,holdout
273,4716-HHKQH,0,development
274,5940-AHUHD,1,development
275,6432-TWQLB,1,development
276,4484-GLZOU,1,development
277,3179-GBRWV,0,development
278,8645-KWHJO,0,development
279,4130-MZLCC,0,development
280,0314-TKOSI,0,development
281,8229-MYEJZ,0,development
282,2080-SRCDE,0,development
283,9577-WJVCQ,0,development
284,9512-UIBFX,1,holdout
285,6202-DYYFX,0,development
286,3808-HFKDE,0,development
287,5583-SXDAG,1,development
288,3488-PGMQJ,1,holdout
289,3580-REOAC,1,development
290,7534-BFESC,1,development
291,3727-OWVYD,0,development
292,2294-SALNE,0,development
293,4847-TAJYI,0,development
294,1563-IWQEX,0,development
295,8203-XJZRC,0,development
296,6556-DBKZF,0,development
297,6851-WEFYX,0,development
298,2985-JUUBZ,0,development
299,6390-DSAZX,1,development
300,0895-LMRSF,0,development
301,8098-LLAZX,1,development
302,8266-VBFQL,0,development
303,8181-YHCMF,0,holdout
304,2240-HSJQD,0,development
305,1248-DYXUB,0,holdout
306,0265-EDXBD,1,development
307,4115-BNPJY,0,development
308,3167-SNQPL,0,development
309,4091-TVOCN,0,holdout
310,1098-TDVUQ,0,development
311,7277-OZCGZ,0,development
312,1557-EMYVT,0,development
313,2799-ARNLO,0,development
314,7563-BIUPC,1,development
315,5027-YOCXN,0,development
316,3973-SKMLN,0,development
317,2321-OMBXY,1,holdout
318,2840-XANRC,1,holdout
319,6745-JEFZB,0,development
320,5020-ZSTTY,1,development
321,9880-TDQAC,0,development
322,8705-WZCYL,0,development
323,7102-JJVTX,0,development
324,8626-PTQGE,0,development
325,4983-CLMLV,0,development
326,5701-YVSVF,0,development
327,5804-LEPIM,1,development
328,5697-GOMBF,0,development
329,2739-CACDQ,0,development
330,9385-EHGDO,0,development
331,9498-FIMXL,0,development
332,2379-GYFLQ,0,development
333,0122-OAHPZ,1,development
334,2868-SNELZ,1,development
335,4322-RCYMT,1,development
336,6680-NENYN,1,holdout
337,2088-IEBAU,0,development
338,7982-VCELR,0,development
339,1343-EHPYB,1,development
340,6035-BXTTY,0,holdout
341,6885-PKOAM,0,development
342,7520-HQWJU,0,development
343,9639-BUJXT,0,development
344,5924-SNGKP,0,holdout
345,0021-IKXGC,0,development
346,2034-GDRCN,1,development
347,8966-SNIZF,0,development
348,6243-OZGFH,0,development
349,4654-DLAMQ,0,development
350,0513-RBGPE,0,development
351,5160-UXJED,0,holdout
352,4115-NZRKS,0,development
353,0219-YTZUE,1,development
354,0623-IIHUG,1,development
355,4572-DVCGN,1,holdout
356,3351-NGXYI,0,development
357,8984-EYLLL,0,development
358,9057-MSWCO,1,development
359,9833-TGFHX,0,development
360,9294-TDIPC,0,development
361,5229-DTFYB,0,holdout
362,0104-PPXDV,0,development
363,5176-LMJXE,0,development
364,3583-KRKMD,0,development
365,1010-DIAUQ,1,development
366,9069-LGEUL,0,development
367,7302-ZHMHP,0,development
368,9571-EDEBV,0,development
369,3520-FJGCV,0,development
370,6563-VRERX,0,development
371,0259-GBZSH,1,development
372,6122-EFVKN,0,development
373,2805-EDJPQ,0,development
374,6862-CQUMB,0,development
375,7156-MXBJE,0,development
376,6158-HDPXZ,0,holdout
377,9601-BRXPO,1,development
378,2863-IMQDR,0,holdout
379,5686-CMAWK,0,holdout
380,5651-CRHKQ,0,development
381,6905-NIQIN,1,development
382,8204-YJCLA,0,development
383,5167-ZFFMM,1,development
384,6583-SZVGP,0,development
385,4895-TMWIR,1,holdout
386,0533-BNWKF,1,development
387,1708-PBBOA,0,holdout
388,8782-LKFPK,0,development
389,5522-JBWMO,0,development
390,3597-MVHJT,0,development
391,9774-NRNAU,0,holdout
392,0224-RLWWD,0,development
393,9967-ATRFS,0,development
394,3951-NJCVI,0,development
395,2977-CEBSX,0,development
396,0177-PXBAT,0,holdout
397,6599-CEBNN,1,development
398,2519-ERQOJ,0,development
399,5876-QMYLD,0,development
400,2277-AXSDC,0,development
401,9442-JTWDL,0,development
402,0979-PHULV,1,development
403,3067-SVMTC,0,development
404,5495-GPSRW,0,development
405,7606-BPHHN,0,development
406,4742-DRORA,0,development
407,0111-KLBQG,0,development
408,4800-VHZKI,1,holdout
409,7989-CHGTL,1,development
410,0334-GDDSO,1,development
411,4163-NCJAK,0,holdout
412,5233-AOZUF,0,holdout
413,5973-EJGDP,0,development
414,1996-DBMUS,0,development
415,7916-VCCPB,0,development
416,4686-GEFRM,0,development
417,5249-QYHEX,0,development
418,0578-SKVMF,1,development
419,5564-NEMQO,1,development
420,2233-FAGXV,0,holdout
421,5605-IYGFG,0,development
422,7663-ZTEGJ,0,development
423,3935-TBRZZ,0,development
424,8111-BKVDS,0,development
425,2055-SIFSS,0,development
426,2806-MLNTI,0,development
427,8734-DKSTZ,0,development
428,4360-PNRQB,0,development
429,6152-ONASV,0,development
430,9063-ZGTUY,1,holdout
431,7781-HVGMK,0,development
432,2181-UAESM,0,development
433,2957-LOLHO,1,development
434,6048-NJXHX,0,development
435,2320-SLKMB,0,development
436,4980-URKXC,0,holdout
437,4376-KFVRS,0,development
438,5886-VLQVU,0,development
439,3577-AMVUX,0,development
440,0771-WLCLA,0,development
441,5628-RKIFK,0,development
442,0206-TBWLC,0,holdout
443,2937-FTHUR,0,development
444,1910-FMXJM,0,development
445,7752-XUSCI,1,development
446,4110-PFEUZ,1,holdout
447,0732-OCQOC,0,holdout
448,5168-MSWXT,0,development
449,1090-ESELR,0,holdout
450,8592-PLTMQ,0,development
451,5760-WRAHC,0,holdout
452,8847-GEOOQ,0,development
453,0256-LTHVJ,1,development
454,4785-FCIFB,0,holdout
455,8313-NDOIA,0,development
456,5149-CUZUJ,0,development
457,0942-KOWSM,0,development
458,4237-CLSMM,0,development
459,1452-VOQCH,0,development
460,4719-UMSIY,0,development
461,6614-VBEGU,0,development
462,0880-TKATG,1,development
463,3811-VBYBZ,1,development
464,1480-BKXGA,0,development
465,2996-XAUVF,0,development
466,9076-AXYIK,0,development
467,5968-XQIVE,0,development
468,8896-RAZCR,0,development
469,4640-UHDOS,1,development
470,4933-IKULF,0,development
471,3583-EKAPL,1,holdout
472,1304-BCCFO,0,development
473,4104-PVRPS,0,development
474,9399-APLBT,1,development
475,2359-KMGLI,1,development
476,3780-DDGSE,0,development
477,4431-EDMIQ,0,development
478,0306-JAELE,1,development
479,6227-HWPWX,1,development
480,0486-LGCCH,0,development
481,0447-BEMNG,1,development
482,4612-SSVHJ,0,development
483,5168-MQQCA,0,development
484,5949-XIKAE,1,development
485,7971-HLVXI,0,development
486,9094-AZPHK,0,development
487,3649-JPUGY,0,development
488,4472-LVYGI,0,development
489,8372-JUXUI,1,development
490,3552-CTCYF,0,development
491,6778-YSNIH,0,development
492,0388-EOPEX,1,development
493,5756-OZRIO,0,holdout
494,6579-JPICP,0,development
495,8205-OTCHB,1,development
496,4134-BSXLX,0,holdout
497,0505-SPOOW,0,development
498,6235-VDHOM,1,development
499,7783-YKGDV,1,development
500,4374-YMUSQ,0,development
501,4513-CXYIX,0,development
502,3957-HHLMR,0,holdout
503,7803-XOCCZ,0,development
504,5736-YEJAX,0,development
505,5609-CEBID,1,development
506,8981-FJGLA,0,holdout
507,7218-HKQFK,1,development
508,4636-QRJKY,1,development
509,1135-LMECX,0,development
510,4332-MUOEZ,0,development
511,8535-SFUTN,0,holdout
512,5956-VKDTT,1,development
513,8677-HDZEE,0,development
514,2475-MROZF,0,holdout
515,9412-GHEEC,1,development
516,3482-ABPKK,0,development
517,6705-LXORM,0,development
518,0257-ZESQC,1,holdout
519,7531-GQHME,0,development
520,5174-ITUMV,0,development
521,4109-CYRBD,0,holdout
522,0913-XWSCN,0,development
523,6825-UYPFK,1,holdout
524,8397-MVTAZ,1,holdout
525,0750-EBAIU,0,development
526,8606-CIQUL,0,development
527,3571-DPYUH,0,development
528,7601-GNDYK,0,development
529,0356-OBMAC,0,development
530,8067-NIOYM,0,development
531,1403-GYAFU,0,development
532,4234-XTNEA,0,development
533,1297-VQDRP,0,development
534,9282-IZGQK,1,development
535,5348-CAGXB,0,development
536,0621-HJWXJ,0,holdout
537,5844-QVTAT,0,development
538,8905-IAZPF,0,holdout
539,5394-MEITZ,0,holdout
540,6859-QNXIQ,0,development
541,2782-LFZVW,0,development
542,2866-IKBTM,0,development
543,1342-JPNKI,1,development
544,2817-NTQDO,1,development
545,7129-AZJDE,0,development
546,6986-IJDHX,1,development
547,2560-PPCHE,0,development
548,4676-MQUEA,0,development
549,8138-EALND,0,development
550,3580-HYCSP,0,development
551,1352-HNSAW,0,development
552,2075-PUEPR,0,development
553,1982-FEBTD,0,development
554,5301-GAUUY,1,development
555,5791-KAJFD,0,holdout
556,2654-VBVPB,0,development
557,1154-HYWWO,0,development
558,2501-XWWTZ,0,holdout
559,3716-UVSPD,0,development
560,6815-ABQFQ,0,development
561,7343-EOBEU,0,development
562,3701-SFMUH,0,development
563,6103-LIANB,0,development
564,7319-VENRZ,0,development
565,5846-NEQVZ,0,development
566,6967-QIQRV,0,development
567,5781-RFZRP,0,holdout
568,0939-YAPAF,1,holdout
569,0308-IVGOK,0,development
570,7293-LSCDV,0,development
571,7025-WCBNE,0,development
572,5756-JYOJT,0,development
573,4710-FDUIZ,1,development
574,6030-REHUX,0,development
575,9548-LIGTA,0,holdout
576,5150-LJNSR,0,development
577,8270-RKSAP,0,holdout
578,6522-YRBXD,0,development
579,2640-LYMOV,0,development
580,1218-VKFPE,1,development
581,3627-FHKBK,1,development
582,2865-TCHJW,1,development
583,1423-BMPBQ,0,holdout
584,2393-DIVAI,0,development
585,5192-EBGOV,1,development
586,4568-KNYWR,0,development
587,8752-IMQOS,0,development
588,0742-LAFQK,0,holdout
589,0795-LAFGP,0,holdout
590,0619-OLYUR,0,holdout
591,5512-IDZEI,0,development
592,0459-SPZHJ,0,development
593,0215-BQKGS,0,development
594,9244-ZVAPM,0,development
595,0719-SYFRB,1,development
596,8208-EUMTE,0,development
597,5172-MIGPM,0,development
598,1710-RCXUS,0,development
599,0374-FIUCA,0,development
600,5839-SUYVZ,0,development
601,5173-ZXXXL,0,development
602,1096-ADRUX,0,development
603,2001-MCUUW,0,development
604,2731-GJRDG,0,development
605,4723-BEGSG,0,development
606,6516-NKQBO,0,development
607,8672-OAUPW,0,development
608,8207-DMRVL,0,holdout
609,3419-SNJJD,1,holdout
610,6543-CPZMK,1,development
611,4765-OXPPD,1,development
612,2804-ETQDK,0,development
613,6689-VRRTK,0,development
614,7138-GIRSH,0,development
615,9396-ZSFLL,0,development
616,6464-KEXXH,0,development
617,7134-MJPDY,0,development
618,5240-CAOYT,0,development
619,4059-IIEBK,0,development
620,4881-JVQOD,0,development
621,0516-UXRMT,0,holdout
622,4851-BQDNX,0,development
623,5148-HKFIR,0,holdout
624,1009-IRMNA,1,development
625,3003-CMDUU,0,development
626,5016-IBERQ,0,development
627,6797-UCJHZ,0,development
628,2469-DTSGX,0,development
629,4554-YGZIH,1,development
630,5099-BAILX,1,holdout
631,9931-KGHOA,0,holdout
632,1775-KWJKQ,0,development
633,7665-VIGUD,0,development
634,9411-TPQQV,0,development
635,7207-RMRDB,1,development
636,7954-MLBUN,0,development
637,2077-DDHJK,0,holdout
638,4913-EHYUI,1,development
639,0195-IESCP,1,development
640,9574-BOSMD,0,holdout
641,4580-TMHJU,1,development
642,0970-ETWGE,1,development
643,4908-XAXAY,0,development
644,8404-VLQFB,0,development
645,1626-ERCMM,1,holdout
646,0887-HJGAR,1,development
647,2391-IPLOP,0,holdout
648,5644-PDMZC,1,development
649,3509-GWQGF,0,development
650,9576-ANLXO,1,development
651,2024-BASKD,1,development
652,5845-BZZIB,0,development
653,1140-UKVZG,0,development
654,4160-AMJTL,1,development
655,5183-SNMJQ,0,development
656,8100-PNJMH,0,development
657,7838-LAZFO,0,development
658,4464-JCOLN,1,development
659,2085-JVGAD,0,development
660,5650-VDUDS,1,holdout
661,8095-WANWK,0,holdout
662,3030-ZKIWL,0,development
663,9565-FLVCG,0,holdout
664,8755-OGKNA,0,development
665,2800-VEQXM,0,holdout
666,7538-GWHML,1,holdout
667,5533-RJFTJ,0,development
668,3859-CVCET,1,development
669,0214-JHPFW,0,development
670,5642-MHDQT,0,development
671,3088-FVYWK,0,development
672,3276-HDUEG,1,development
673,9092-GDZKO,0,holdout
674,0823-HSCDJ,1,holdout
675,3729-OWRVL,0,holdout
676,2324-AALNO,0,development
677,0822-GAVAP,1,holdout
678,5760-IFJOZ,0,development
679,2826-UWHIS,0,holdout
680,1448-PWKYE,1,holdout
681,7501-IWUNG,0,development
682,4957-TREIR,0,holdout
683,7251-LJBQN,0,development
684,8040-MNRTF,0,development
685,1536-HBSWP,0,development
686,5313-FPXWG,0,development
687,0067-DKWBL,1,development
688,0946-FKYTX,0,development
689,5076-YVXCM,0,holdout
690,8262-COGGB,0,development
691,6663-JOCQO,0,development
692,9620-QJREV,0,development
693,2276-YDAVZ,1,development
694,2682-KEVRP,0,development
695,2480-JZOSN,0,development
696,0078-XZMHT,0,holdout
697,5896-NPFWW,1,development
698,9978-HYCIN,0,development
699,8338-QIUNR,0,development
700,1525-LNLOJ,0,development
701,9450-TRJUU,0,development
702,1766-GKNMI,0,holdout
703,6942-LBFDP,0,holdout
704,1456-TWCGB,0,holdout
705,7133-VBDCG,1,holdout
706,7596-ZYWBB,0,development
707,8329-UTMVM,0,holdout
708,3014-WJKSM,0,development
709,3347-YJZZE,0,development
710,1029-QFBEN,1,development
711,7929-DMBCV,0,development
712,9661-JALZV,0,holdout
713,5433-KYGHE,0,development
714,4312-KFRXN,0,holdout
715,5575-TPIZQ,0,development
716,0114-IGABW,0,holdout
717,9944-AEXBM,0,holdout
718,1853-ARAAQ,0,development
719,6952-OMNWB,0,development
720,4697-LUPSU,0,holdout
721,8434-VGEQQ,0,development
722,4952-YSOGZ,1,development
723,1589-AGTLK,1,holdout
724,5244-IRFIH,1,development
725,6549-YMFAW,0,development
726,4950-HKQTE,0,holdout
727,6786-OBWQR,0,development
728,2684-EIWEO,1,development
729,2753-JMMCV,0,development
730,6439-GTPCA,1,development
731,6621-YOBKI,0,development
732,1216-JWVUX,0,holdout
733,7564-GHCVB,0,holdout
734,1173-NOEYG,0,development
735,7595-EHCDL,0,holdout
736,6647-ZEDXT,0,development
737,2521-NPUZR,0,development
738,1307-TVUFB,0,development
739,7503-MIOGA,0,development
740,4381-MHQDC,0,development
741,6923-JHPMP,0,development
742,5138-WVKYJ,1,development
743,4018-PPNDW,0,development
744,1635-FJFCC,0,development
745,2499-AJYUA,0,development
746,6919-ELBGL,0,development
747,3966-HRMZA,0,development
748,6425-JWTDV,0,development
749,8405-IGQFX,0,development
750,8224-IVVPA,0,development
751,9477-LGWQI,0,development
752,1410-RSCMR,0,development
753,3115-CZMZD,0,development
754,0139-IVFJG,0,development
755,6683-VLCTZ,1,development
756,5730-DBDSI,0,development
757,0030-FNXPP,0,holdout
758,2189-WWOEW,1,development
759,5684-FJVYR,0,development
760,4013-GUXND,0,holdout
761,1894-IGFSG,1,development
762,7379-POKDZ,1,holdout
763,1266-NZYUI,0,development
764,7969-FFOWG,0,development
765,4718-DHSMV,0,development
766,5175-WLYXL,0,development
767,7817-OMJNA,0,development
768,8728-SKJLR,0,development
769,3137-NYQQI,0,development
770,7706-DZNKK,0,holdout
771,0236-HFWSV,1,development
772,3900-AQPHZ,1,holdout
773,5842-POCOP,1,holdout
774,2037-XJFUP,1,development
775,8823-RLPWL,0,development
776,9505-SQFSW,0,development
777,7314-OXENN,1,development
778,3758-CKOQL,0,development
779,0322-CHQRU,1,development
780,5676-CFLYY,0,development
781,7521-AFHAB,0,holdout
782,0285-INHLN,0,development
783,4678-DVQEO,1,development
784,5125-CNDSP,0,development
785,0691-IFBQW,1,holdout
786,4992-LTJNE,0,holdout
787,2202-OUTMO,0,holdout
788,0810-BDHAW,0,holdout
789,0229-LFJAF,0,development
790,7131-ZQZNK,0,development
791,3442-ZHHCC,0,holdout
792,5726-CVNYA,0,holdout
793,9871-ELEYA,0,holdout
794,4257-GAESD,0,development
795,5173-WXOQV,0,holdout
796,2040-OBMLJ,0,development
797,6286-ZHAOK,0,development
798,3807-XHCJH,0,development
799,3009-JWMPU,1,holdout
800,5671-RQRLP,0,development
801,1450-GALXR,1,development
802,8859-AXJZP,0,development
803,3174-AKMAS,0,development
804,3138-BKYAV,1,development
805,9926-PJHDQ,0,development
806,7382-DFJTU,0,development
807,2798-NYLMZ,0,development
808,4289-DTDKW,1,development
809,1820-TQVEV,1,development
810,2239-JALAW,1,development
811,4853-RULSV,1,development
812,8098-TDCBU,0,development
813,3551-GAEGL,0,development
814,4785-NKHCX,0,development
815,3196-NVXLZ,0,development
816,6275-YDUVO,1,development
817,0036-IHMOT,0,development
818,0115-TFERT,1,development
819,4178-EGMON,0,development
820,4220-TINQT,0,development
821,5318-YKDPV,0,development
822,7975-TZMLR,0,development
823,0295-QVKPB,0,holdout
824,4335-BSMJS,0,holdout
825,2311-QYMUQ,1,development
826,3643-AHCFP,1,development
827,9146-JRIOX,0,development
828,3104-OWCGK,1,development
829,5337-IIWKZ,0,development
830,9101-BWFSS,1,development
831,9650-VBUOG,0,holdout
832,3487-EARAT,0,development
833,2672-TGEFF,0,development
834,9231-ZJYAM,1,development
835,4250-WAROZ,0,development
836,8184-WMOFI,0,development
837,6982-SSHFK,1,development
838,6092-QZVPP,0,development
839,4625-LAMOB,0,development
840,0727-BMPLR,1,development
841,0392-BZIUW,0,development
842,1038-ZAGBI,1,development
843,6549-NNDYT,0,holdout
844,3027-ZTDHO,1,development
845,0422-OHQHQ,0,development
846,6916-HIJSE,0,development
847,2316-ESMLS,0,development
848,9778-OGKQZ,0,development
849,7408-OFWXJ,0,development
850,6007-TCTST,0,holdout
851,2252-NKNSI,0,development
852,8713-IGZSO,0,development
853,7905-TVXTA,0,holdout
854,7695-PKLCZ,0,holdout
855,2382-BCKQJ,1,development
856,8374-UULRV,0,development
857,2207-NHRJK,1,development
858,3224-DFQNQ,0,development
859,5275-PMFUT,0,development
860,4795-UXVCJ,0,holdout
861,9777-IQHWP,0,development
862,0947-MUGVO,1,development
863,9944-HKVVB,1,development
864,4124-MMETB,1,development
865,3671-SHRSP,1,development
866,0979-MOZQI,0,development
867,2732-ISEZX,0,development
868,3313-QKNKB,1,holdout
869,0323-XWWTN,0,holdout
870,1937-OTUKY,0,development
871,1573-LGXBA,0,development
872,1764-VUUMT,0,development
873,5073-WXOYN,1,development
874,4713-ZBURT,0,development
875,3050-GBUSH,0,development
876,0207-MDKNV,1,holdout
877,7876-AEHIG,0,development
878,7945-HLKEA,0,holdout
879,9342-VNIMQ,0,development
880,9851-KIELU,1,development
881,3523-BRGUW,0,development
882,3908-BLSYF,1,development
883,3199-NPKCN,0,development
884,5170-PTRKA,0,development
885,4661-NJEUX,0,development
886,2123-AGEEN,0,development
887,1258-YMZNM,0,development
888,0048-LUMLS,0,holdout
889,7549-MYGPK,1,holdout
890,5898-IGSLP,0,development
891,3804-RVTGV,1,development
892,6259-WJQLC,0,development
893,9227-LUNBG,1,development
894,7997-EASSD,0,development
895,0730-KOAVE,0,holdout
896,8975-SKGRX,0,development
897,0678-RLHVP,0,development
898,4315-MURBD,1,development
899,2267-FPIMA,0,development
900,1051-GEJLJ,0,development
901,9734-YWGEX,1,development
902,2719-BDAQO,1,development
903,5285-MVEHD,0,development
904,0379-DJQHR,0,development
905,0781-LKXBR,1,holdout
906,5543-QDCRY,0,development
907,0297-RBCSG,0,development
908,4694-PHWFW,0,development
909,0835-JKADZ,0,development
910,1907-UBQFC,1,development
911,7508-SMHXL,0,development
912,3865-YIOTT,0,development
913,5993-BQHEA,0,development
914,6024-RUGGH,0,holdout
915,6513-EECDB,1,development
916,3956-CJUST,0,development
917,4079-WWQQQ,0,development
918,6103-BOCOU,0,holdout
919,5149-TGWDZ,0,development
920,7471-WNSUF,0,development
921,8942-DBMHZ,0,development
922,4301-VVZKA,0,holdout
923,9199-PWQVC,0,holdout
924,4824-GUCBY,0,holdout
925,5393-HJZSM,0,development
926,7074-IEVOJ,1,development
927,9625-QSTYE,1,development
928,0862-PRCBS,0,development
929,8812-ZRHFP,0,development
930,5146-CBVOE,0,development
931,0454-OKRCT,0,holdout
932,5787-KXGIY,0,development
933,4750-ZRXIU,1,development
934,4198-VFOEA,0,holdout
935,6630-UJZMY,0,holdout
936,5709-LVOEQ,0,holdout
937,6400-BWQKW,1,development
938,2692-AQCPF,0,development
939,0347-UBKUZ,0,holdout
940,0835-DUUIQ,0,development
941,0811-GSDTP,0,development
942,7567-ECMCM,0,development
943,6115-ZTBFQ,0,development
944,6353-BRMMA,0,development
945,6680-WKXRZ,1,holdout
946,6231-WFGFH,0,development
947,9904-EHEVJ,0,development
948,7028-DVOIQ,1,development
949,6169-PPETC,0,development
950,4208-UFFGW,1,holdout
951,8584-KMVXD,0,development
952,8467-WYNSR,0,holdout
953,0851-DFJKB,0,holdout
954,5382-SOYZL,0,development
955,9448-REEVD,1,development
956,3261-CQXOL,0,development
957,8388-FYNPZ,0,development
958,4002-BQWPQ,0,development
959,5651-YLPRD,0,development
960,2826-DXLQO,0,development
961,4378-BZYFP,0,development
962,9489-UTFKA,0,holdout
963,4849-PYRLQ,0,development
964,9117-SHLZX,1,development
965,9889-TMAHG,1,development
966,4541-RMRLG,1,development
967,7764-BDPEE,0,development
968,3429-IFLEM,0,development
969,3158-MOERK,1,development
970,7294-TMAOP,1,development
971,5002-GCQFH,0,development
972,0556-FJEGU,0,development
973,8919-FYFQZ,1,development
974,0604-THJFP,0,development
975,2834-JRTUA,1,development
976,5875-YPQFJ,1,development
977,5879-SESNB,0,holdout
978,6646-QVXLR,1,development
979,6461-PPAXN,0,development
980,3318-ISQFQ,0,holdout
981,1106-HRLKZ,0,development
982,2483-XSSMZ,0,development
983,8603-IJWDN,1,development
984,8165-ZJRNM,0,holdout
985,9369-XFEHK,1,development
986,2604-XVDAM,0,development
987,3717-OFRTN,0,development
988,9046-JBFWA,0,development
989,3280-NMUVX,0,development
990,1206-EHBDD,0,development
991,8361-LBRDI,0,development
992,4883-KCPZJ,0,development
993,9108-EQPNQ,0,development
994,7277-KAMWT,0,development
995,3842-IYKUE,1,development
996,6641-XRPSU,1,holdout
997,1374-DMZUI,1,development
998,2545-LXYVJ,0,development
999,3234-VKACU,0,development
1000,8357-EQXFO,1,development
1001,1989-PRJHP,1,holdout
1002,8120-JDCAM,0,development
1003,8917-FAEMR,0,development
1004,7047-YXDMZ,0,development
1005,2858-EIMXH,0,development
1006,9524-EGPJC,1,development
1007,6993-OHLXR,1,development
1008,8818-XYFCQ,1,development
1009,6419-ZTTLE,0,holdout
1010,0929-HYQEW,0,development
1011,6614-YOLAC,0,development
1012,7426-RHZGU,0,development
1013,4065-JJAVA,0,development
1014,4695-VADHF,1,development
1015,3863-IUBJR,1,development
1016,7649-SIJJF,0,development
1017,9361-YNQWJ,0,holdout
1018,3748-FVMZZ,0,holdout
1019,9391-TTOYH,0,development
1020,1452-XRSJV,0,development
1021,3422-WJOYD,0,development
1022,8242-SOQUO,0,development
1023,7460-ITWWP,0,development
1024,7147-AYBAA,0,development
1025,7868-TMWMZ,0,holdout
1026,4822-RVYBB,1,development
1027,6732-FZUGP,0,holdout
1028,8436-BJUMM,1,development
1029,4184-TJFAN,1,development
1030,8329-GWVPJ,0,holdout
1031,1352-VHKAJ,0,development
1032,4145-UQXUQ,1,development
1033,2632-TACXW,0,development
1034,8146-QQKZH,0,development
1035,1767-CJKBA,0,holdout
1036,6445-TNRXS,0,development
1037,4581-LNWUM,0,development
1038,4869-EPIUS,0,development
1039,9948-YPTDG,1,development
1040,1236-WFCDV,1,development
1041,1915-OAKWD,0,holdout
1042,7296-PIXQY,0,development
1043,4883-QICIH,1,development
1044,3354-OADJP,0,development
1045,3524-WQDSG,0,development
1046,0810-DHDBD,0,development
1047,4026-SKKHW,0,development
1048,2829-HYVZP,0,development
1049,8329-IBCTI,1,development
1050,1271-SJBGZ,1,development
1051,3845-JHAMY,0,development
1052,7013-PSXHK,0,holdout
1053,5669-SRAIP,1,development
1054,5981-ITEMU,1,development
1055,3486-NPGST,0,development
1056,6941-PMGEP,1,development
1057,1624-WOIWJ,1,development
1058,2074-GKOWZ,1,holdout
1059,0376-YMCJC,1,development
1060,6100-FJZDG,0,development
1061,4829-ZLJTK,0,development
1062,1730-VFMWO,0,development
1063,7143-BQIBA,0,holdout
1064,3800-LYTRK,0,holdout
1065,0634-SZPQA,1,development
1066,9646-NMHXE,0,development
1067,7030-NJVDP,0,development
1068,5536-RTPWK,1,development
1069,8883-GRDWQ,0,development
1070,6166-ILMNY,1,development
1071,3097-NNSPB,1,development
1072,7771-ZONAT,0,holdout
1073,0655-RBDUG,1,development
1074,2111-DWYHN,0,development
1075,4194-WHFCB,0,development
1076,4121-AGSIN,0,development
1077,4361-BKAXE,1,holdout
1078,9845-PEEKO,0,holdout
1079,0455-XFASS,0,development
1080,0301-KOBTQ,0,development
1081,1751-NCDLI,0,development
1082,4367-NUYAO,0,holdout
1083,9878-TNQGW,1,holdout
1084,9170-ARBTB,0,development
1085,4441-NIHPT,1,development
1086,8999-BOHSE,1,development
1087,7241-AJHFS,0,development
1088,7029-RPUAV,1,development
1089,4546-FOKWR,0,holdout
1090,9036-CSKBW,0,holdout
1091,5832-TRLPB,0,holdout
1092,8590-YFFQO,0,development
1093,8659-IOOPU,0,development
1094,1338-CECEE,0,development
1095,7439-DKZTW,0,development
1096,4646-QZXTF,0,holdout
1097,4607-CHPCA,1,holdout
1098,9742-XOKTS,0,development
1099,6921-OZMFH,0,development
1100,9578-FOMUK,0,development
1101,4712-UYOOI,0,holdout
1102,8824-RWFXJ,1,development
1103,7722-CVFXN,0,holdout
1104,8717-VCTXJ,0,development
1105,7363-QTBIW,0,holdout
1106,4159-NAAIX,0,development
1107,0971-QIFJK,0,development
1108,9397-TZSHA,0,holdout
1109,3391-JSQEW,0,development
1110,0343-QLUZP,0,holdout
1111,9763-PDTKK,1,development
1112,2176-LVPNX,0,development
1113,7627-JKIAZ,1,development
1114,3312-UUMZW,0,development
1115,1271-UODNO,0,development
1116,8461-EFQYM,0,development
1117,6900-RBKER,0,development
1118,6891-JPYFF,0,development
1119,1459-QNFQT,0,development
1120,1047-NNCBF,0,holdout
1121,3696-XRIEN,0,development
1122,4081-DYXAV,1,development
1123,0074-HDKDG,0,development
1124,8791-GFXLZ,0,holdout
1125,8111-SLLHI,1,development
1126,0927-LCSMG,1,development
1127,9330-DHBFL,0,development
1128,0098-BOWSO,0,development
1129,3452-ABWRL,0,holdout
1130,5859-HZYLF,0,holdout
1131,8257-RZAHR,1,development
1132,5293-WXJAK,1,development
1133,3156-QLHBO,0,development
1134,2208-NQBCT,0,development
1135,1779-PWPMG,0,development
1136,6621-NRZAK,0,development
1137,0831-JNISG,0,holdout
1138,0774-IFUVM,0,holdout
1139,3082-WQRVY,0,development
1140,9553-DLCLU,0,development
1141,1641-BYBTK,0,development
1142,2460-NGXBJ,0,development
1143,2446-ZKVAF,0,development
1144,0841-NULXI,1,development
1145,3522-CDKHF,0,development
1146,1430-SFQSA,0,holdout
1147,0411-EZJZE,0,holdout
1148,7851-WZEKY,1,development
1149,8844-TONUD,1,development
1150,8807-ARQET,0,development
1151,8992-CEUEN,0,holdout
1152,4320-QMLLA,0,development
1153,8777-PVYGU,0,development
1154,8292-ITGYJ,0,holdout
1155,6870-ZWMNX,0,development
1156,0621-CXBKL,0,holdout
1157,5268-DSMNQ,0,development
1158,5334-JLAXU,0,holdout
1159,4086-YQSNZ,1,development
1160,6242-MBHPK,0,development
1161,5868-CZJDR,1,development
1162,9359-UGBTK,0,development
1163,0135-NMXAP,1,development
1164,4782-OSFXZ,0,development
1165,6479-OAUSD,0,holdout
1166,7129-ACFOG,0,development
1167,4189-NAKJS,0,development
1168,5562-BETPV,0,holdout
1169,1282-IHQAC,0,development
1170,9127-FHJBZ,0,development
1171,6270-OMFIW,1,development
1172,1641-RQDAY,0,development
1173,0107-WESLM,1,development
1174,6994-ORCWG,0,holdout
1175,1346-UFHAX,0,development
1176,3992-YWPKO,1,development
1177,2933-XEUJM,0,development
1178,0125-LZQXK,1,holdout
1179,5461-QKNTN,0,development
1180,4835-YSJMR,0,development
1181,8399-YNDCH,1,development
1182,3164-YAXFY,0,development
1183,0887-WBJVH,0,development
1184,4660-IRIBM,0,development
1185,5673-FSSMF,1,development
1186,7670-ZBPOQ,0,development
1187,8089-UZWLX,0,holdout
1188,0080-OROZO,0,development
1189,3916-NRPAP,0,holdout
1190,6807-SIWJI,0,development
1191,8221-HVAYI,0,development
1192,1579-KLYDT,1,development
1193,5232-NXPAY,0,development
1194,8967-SZQAS,0,development
1195,4468-KAZHE,0,development
1196,0455-ENTCR,0,holdout
1197,8944-AILEF,0,development
1198,5542-NKVRU,0,development
1199,7126-RBHSD,0,development
1200,5370-IIVVL,0,development
1201,6789-HJBWG,0,holdout
1202,3927-NLNRY,1,development
1203,9087-EYCPR,0,development
1204,6791-YBNAK,0,development
1205,6358-LYNGM,1,development
1206,6077-BDPXA,0,development
1207,0013-MHZWF,0,development
1208,5494-HECPR,1,development
1209,8268-YDIXR,0,development
1210,9824-BEMCV,1,development
1211,1373-ORVIZ,1,development
1212,4291-SHSBH,0,holdout
1213,6980-IMXXE,0,development
1214,9866-QEVEE,1,development
1215,9897-KXHCM,1,holdout
1216,0040-HALCW,0,development
1217,0784-GTUUK,0,holdout
1218,7979-CORPM,1,development
1219,2294-DMMUS,0,holdout
1220,0872-JCPIB,0,holdout
1221,3055-MJDSB,0,development
1222,9091-WTUUY,0,development
1223,1618-CFHME,1,development
1224,3165-HDOEW,1,development
1225,6581-NQCBA,1,development
1226,7115-IRDHS,0,development
1227,8496-DMZUK,0,development
1228,2040-VZIKE,0,development
1229,9068-VPWQQ,0,development
1230,0178-SZBHO,0,development
1231,0384-RVBPI,0,development
1232,1689-MRZQR,1,development
1233,1299-AURJA,0,development
1234,4525-VZCZG,0,development
1235,1543-LLLFT,0,development
1236,5835-BEQEU,1,development
1237,2788-CJQAQ,0,development
1238,5565-FILXA,1,holdout
1239,0319-QZTCO,0,holdout
1240,2120-SMPEX,0,development
1241,0096-FCPUF,0,development
1242,0668-OGMHD,0,development
1243,5552-ZNFSJ,1,development
1244,2223-KAGMX,1,development
1245,6507-ZJSUR,0,development
1246,9408-HRXRK,0,development
1247,5593-SUAOO,0,development
1248,7321-PKUYW,1,development
1249,2833-SLKDQ,1,development
1250,6766-HFKLA,0,development
1251,7595-EUIVN,1,development
1252,7617-EYGLW,0,development
1253,2026-TGDHM,1,development
1254,9220-ZNKJI,0,development
1255,4030-VPZBD,1,development
1256,2226-ICFDO,0,development
1257,0723-VSOBE,0,development
1258,5529-GIBVH,0,holdout
1259,4187-CINZD,1,development
1260,9992-UJOEL,0,development
1261,4741-WWJQZ,0,development
1262,6625-UTXEW,0,development
1263,6818-WOBHJ,1,development
1264,6244-BESBM,0,holdout
1265,1004-NOZNR,0,development
1266,1251-STYSZ,0,development
1267,2612-PHGOX,0,development
1268,2408-TZMJL,1,development
1269,8480-PPONV,0,development
1270,8780-IHCRN,0,development
1271,4598-ZADCK,0,development
1272,1257-SXUXQ,0,development
1273,9681-KYGYB,0,development
1274,7182-OVLBJ,0,development
1275,5095-ETBRJ,0,development
1276,7005-CYUIL,0,development
1277,4821-WQOYN,0,holdout
1278,4730-AWNAU,0,development
1279,3452-FLHYD,0,development
1280,2388-LAESQ,0,development
1281,9531-NSBMR,0,development
1282,6260-ONULR,0,development
1283,4389-UEFCZ,0,holdout
1284,8711-LOBKY,0,development
1285,9134-CEQMF,1,holdout
1286,8985-OOPOS,0,development
1287,8800-ZKRFW,0,development
1288,2616-FLVQC,0,development
1289,9968-FFVVH,0,holdout
1290,3108-PCCGG,0,holdout
1291,7993-PYKOF,1,development
1292,8390-FESFV,0,holdout
1293,3022-BEXHZ,0,development
1294,5027-XWQHA,1,holdout
1295,6248-TKCQV,0,development
1296,6729-GDNGC,0,development
1297,6198-ZFIOJ,0,development
1298,5989-OMNJE,0,holdout
1299,4566-QVRRW,1,development
1300,1291-CUOCY,0,development
1301,9795-SHUHB,0,development
1302,3230-IUALN,0,development
1303,0042-RLHYP,0,holdout
1304,8519-IMDHU,1,development
1305,4945-RVMTE,0,development
1306,0201-OAMXR,1,development
1307,1866-NXPSP,0,holdout
1308,3372-KWFBM,1,holdout
1309,7831-QGOXH,1,holdout
1310,6393-WRYZE,1,development
1311,3941-XTSKM,0,development
1312,1661-CZBAU,0,holdout
1313,6599-RCLCJ,1,development
1314,9831-BPFRI,1,development
1315,5158-RIVOP,0,development
1316,9788-YTFGE,0,holdout
1317,9277-JOOMO,0,development
1318,1907-YLNYW,0,development
1319,1725-MIMXW,1,development
1320,8947-YRTDV,0,development
1321,3161-ONRWK,0,holdout
1322,0114-RSRRW,0,development
1323,4565-NLZBV,0,development
1324,0031-PVLZI,1,development
1325,7206-GZCDC,1,development
1326,6682-VCIXC,0,development
1327,4791-QRGMF,1,development
1328,6475-VHUIZ,0,development
1329,3910-MRQOY,0,development
1330,0661-WCQNQ,0,development
1331,7537-RBWEA,0,holdout
1332,4656-CAURT,0,development
1333,0121-SNYRK,0,development
1334,1768-ZAIFU,1,development
1335,4671-LXRDQ,1,development
1336,3733-LSYCE,0,development
1337,6265-FRMTQ,0,development
1338,1934-SJVJK,1,development
1339,3838-OZURD,1,holdout
1340,1371-DWPAZ,0,development
1341,9269-CQOOL,1,holdout
1342,2017-CCBLH,0,development
1343,7690-KPNCU,0,development
1344,0536-BGFMZ,0,development
1345,2293-IJWPS,0,development
1346,2845-HSJCY,1,development
1347,5469-NUJUR,0,development
1348,1184-PJVDB,1,development
1349,2625-TRCZQ,0,development
1350,4102-HLENU,0,development
1351,7266-GSSJX,0,development
1352,7722-VJRQD,0,development
1353,7073-QETQY,0,development
1354,9415-DPEWS,1,development
1355,5624-RYAMH,0,development
1356,0196-JTUQI,0,development
1357,7130-YXBRO,0,development
1358,9272-LSVYH,0,development
1359,7943-RQCHR,1,development
1360,3793-MMFUH,1,development
1361,3249-ZPQRG,1,holdout
1362,2568-BRGYX,1,development
1363,3084-DOWLE,0,development
1364,1084-MNSMJ,0,development
1365,7721-JXEAW,1,development
1366,7249-WBIYX,1,holdout
1367,4238-HFHSN,0,development
1368,6250-CGGUN,0,holdout
1369,5478-JJVZK,0,development
1370,7596-IIWYC,0,development
1371,6567-HOOPW,1,holdout
1372,9793-WECQC,0,holdout
1373,4291-HPAXL,0,development
1374,8999-YPYBV,0,holdout
1375,1839-FBNFR,0,development
1376,3164-AALRN,1,development
1377,3071-MVJCD,0,development
1378,1697-BCSHV,0,development
1379,0562-KBDVM,0,development
1380,1131-SUEKT,0,development
1381,3717-OEAUQ,0,development
1382,4538-WNTMJ,0,development
1383,3334-CTHOL,1,holdout
1384,4704-ERYFC,1,holdout
1385,9432-RUVSL,0,development
1386,8060-HIWJJ,0,development
1387,7684-XSZIY,0,development
1388,9089-UOWJG,0,development
1389,8621-MNIHH,1,development
1390,8039-ACLPL,0,development
1391,9885-AIBVB,0,development
1392,1934-MKPXS,0,development
1393,2592-YKDIF,0,development
1394,2272-JKMSI,0,development
1395,0471-LVHGK,1,development
1396,9518-RWHZL,1,development
1397,8714-CTZJW,0,development
1398,3569-EDBPQ,0,development
1399,3131-NWVFJ,0,development
1400,7521-YXVZY,0,development
1401,5419-CONWX,1,development
1402,6240-EURKS,1,development
1403,2373-NTKOD,0,development
1404,1970-KKFWL,0,holdout
1405,6960-HVYXR,1,development
1406,9337-SRRNI,0,development
1407,0895-UADGO,0,development
1408,5678-VFNEQ,0,development
1409,5977-CKHON,0,development
1410,7024-OHCCK,1,holdout
1411,2692-BUCFV,0,development
1412,7861-UVUFT,1,development
1413,1830-GGFNM,0,development
1414,5302-BDJNT,0,development
1415,5223-UZAVK,0,development
1416,4859-ZSRDZ,0,development
1417,5651-WYIPH,0,holdout
1418,9350-VLHMB,0,holdout
1419,3498-LZGQZ,0,development
1420,8785-CJSHH,0,development
1421,5357-TZHPP,1,development
1422,3870-SPZSI,0,development
1423,0680-DFNNY,1,development
1424,7560-QRBXH,0,development
1425,7077-XJMET,0,development
1426,8752-GHJFU,0,development
1427,6896-SRVYQ,0,holdout
1428,7767-UXAGJ,1,development
1429,4652-ODEVH,0,development
1430,6510-UPNKS,0,development
1431,6718-BDGHG,0,development
1432,9046-DQMTP,0,development
1433,6439-LAJXL,0,development
1434,1571-SAVHK,1,development
1435,9052-VKDUW,0,development
1436,9546-CQJSU,1,development
1437,1666-JZPZT,0,development
1438,5777-KJIRB,0,development
1439,0506-LVNGN,1,development
1440,7677-SJJJK,0,development
1441,2480-EJWYP,0,holdout
1442,3253-HKOKL,0,development
1443,7055-HNEOJ,0,holdout
1444,5514-YQENT,0,development
1445,3211-AAPKX,0,development
1446,8445-DNBAE,0,development
1447,2951-QOQTK,1,development
1448,2958-NHPPS,0,development
1449,6806-YDEUL,0,development
1450,1735-XMJVH,0,development
1451,6890-PFRQX,0,holdout
1452,0222-CNVPT,0,development
1453,5899-OUVKV,0,development
1454,8681-ICONS,0,development
1455,1621-YNCJH,0,development
1456,3473-XIIIT,1,development
1457,6362-QHAFM,0,development
1458,7893-IXHRQ,1,development
1459,3070-BDOQC,0,holdout
1460,2952-QAYZF,1,development
1461,6234-PFPXL,0,development
1462,9824-QCJPK,0,development
1463,4763-PGDPO,1,development
1464,4283-IVYCI,0,development
1465,1866-OBPNR,0,development
1466,8205-MQUGY,0,development
1467,8970-ANWXO,0,development
1468,9480-BQJEI,0,holdout
1469,5394-SVGJV,1,development
1470,6979-TNDEU,0,holdout
1471,9777-WJJPR,0,development
1472,9283-LZQOH,1,development
1473,7079-QRCBC,1,development
1474,9495-SKLKD,0,development
1475,6048-UWKAL,0,development
1476,5067-DGXLL,0,development
1477,5469-CTCWN,1,development
1478,9851-QXEEQ,1,holdout
1479,6281-FKEWS,0,development
1480,8898-KASCD,0,development
1481,9242-TKFSV,0,development
1482,9290-SHCMB,0,development
1483,0743-HNPFG,0,development
1484,2277-BKJKN,0,holdout
1485,9809-IMGCQ,1,development
1486,5208-HFSBT,1,development
1487,5035-PGZXH,0,holdout
1488,8695-WDYEA,0,development
1489,6543-JXSOO,0,development
1490,8016-ZMGMO,0,development
1491,8605-ITULD,0,development
1492,3254-YRILK,1,development
1493,6416-YJTTB,0,development
1494,2667-WYLWJ,1,development
1495,4472-VESGY,0,development
1496,3195-TQDZX,0,development
1497,3128-YOVTD,0,development
1498,0529-ONKER,1,development
1499,1728-CXQBE,0,development
1500,7041-TXQJH,0,development
1501,5014-GSOUQ,0,holdout
1502,5724-BIDBU,0,holdout
1503,0481-SUMCB,0,development
1504,1769-GRUIK,0,development
1505,5240-IJOQT,1,development
1506,8819-WFGGJ,0,development
1507,7427-AUFPY,0,development
1508,2811-POVEX,0,development
1509,1092-GANHU,1,development
1510,7898-PDWQE,0,holdout
1511,9972-EWRJS,0,holdout
1512,9314-IJWSQ,0,development
1513,0661-XEYAN,1,development
1514,5799-JRCZO,0,holdout
1515,1921-KYSAY,0,development
1516,6198-RTPMF,0,development
1517,2924-KHUVI,0,development
1518,1925-GMVBW,0,development
1519,7881-EVUAD,1,development
1520,6184-DYUOB,0,development
1521,9207-ZPANB,0,development
1522,5766-XQXMQ,1,development
1523,9327-QSDED,0,development
1524,1656-DRSMG,0,development
1525,3012-VFFMN,0,holdout
1526,2984-AFWNC,0,holdout
1527,0640-YJTPY,0,development
1528,8096-LOIST,0,development
1529,9764-REAFF,0,holdout
1530,3703-VAVCL,1,development
1531,7107-UBYKY,0,development
1532,4881-GQJTW,0,development
1533,8519-QJGJD,1,development
1534,7876-DNYAP,0,development
1535,7905-NJMXS,0,holdout
1536,2882-WDTBA,0,development
1537,2091-GPPIQ,0,development
1538,6326-MTTXK,1,development
1539,5071-FBJFS,0,development
1540,2796-UUZZO,0,development
1541,2429-AYKKO,0,holdout
1542,9798-OPFEM,0,holdout
1543,0330-IVZHA,1,development
1544,3794-NFNCH,0,development
1545,5193-QLVZB,0,development
1546,7114-AEOZE,0,development
1547,2886-KEFUM,1,development
1548,5522-NYKPB,0,development
1549,4237-RLAQD,1,development
1550,9957-YODKZ,0,development
1551,6518-KZXCB,0,development
1552,2245-ADZFJ,0,holdout
1553,7776-QGYJC,0,development
1554,9313-QOLTZ,0,development
1555,9651-GTSAQ,1,development
1556,3186-BAXNB,1,development
1557,4672-FOTSD,0,holdout
1558,0637-YLETY,1,development
1559,9818-XQCUV,0,development
1560,7338-ERIVA,0,development
1561,1157-BQCUW,1,development
1562,8259-NFJTV,0,development
1563,3223-DWFIO,0,development
1564,2660-EMUBI,1,holdout
1565,6968-GMKPR,0,development
1566,4751-ERMAN,0,development
1567,1436-ZMJAN,0,holdout
1568,3292-PBZEJ,0,development
1569,0799-DDIHE,0,development
1570,3070-FNFZQ,0,development
1571,2812-SFXMJ,0,development
1572,7675-OZCZG,1,development
1573,5014-WUQMG,0,holdout
1574,5312-TSZVC,0,development
1575,2003-CKLOR,1,development
1576,0993-OSGPT,0,development
1577,9254-RBFON,1,development
1578,1205-WNWPJ,1,development
1579,9391-EOYLI,1,development
1580,7108-DGVUU,0,holdout
1581,2782-JEEBU,0,development
1582,5127-BZENZ,0,development
1583,2720-FVBQP,0,development
1584,9906-NHHVC,0,development
1585,4522-XRWWI,0,development
1586,3766-EJLFL,0,development
1587,5939-SXWHM,0,holdout
1588,8152-UOBNY,0,development
1589,7351-KYHQH,0,development
1590,7643-RCHXS,0,development
1591,8246-SHFGA,0,development
1592,8387-MOJJT,1,development
1593,0620-XEFWH,0,holdout
1594,6485-QXWWE,0,development
1595,2761-OCIAX,1,development
1596,7321-VGNKU,0,development
1597,5327-CNLUQ,0,development
1598,7552-KEYGT,0,development
1599,5816-JMLGY,0,development
1600,3068-OMWZA,1,development
1601,2927-QRRQV,0,development
1602,6032-KRXXO,1,development
1603,7459-RRWQZ,1,holdout
1604,6265-SXWBU,0,development
1605,7941-RCJOW,0,development
1606,6374-NTQLP,0,holdout
1607,4154-AQUGT,1,development
1608,2387-KDZQY,0,development
1609,3584-WKTTW,0,development
1610,3399-BMLVW,0,development
1611,1971-DTCZB,0,holdout
1612,3092-IGHWF,1,development
1613,3374-PZLXD,0,development
1614,3813-DHBBB,0,development
1615,2812-REYAT,0,development
1616,6518-PPLMZ,0,development
1617,4939-KYYPY,0,development
1618,8017-LXHFA,1,development
1619,5930-GBIWP,0,development
1620,6022-KOUQO,0,development
1621,6352-TWCAU,1,development
1622,2361-UPSND,0,development
1623,6035-RIIOM,0,holdout
1624,2929-QNSRW,1,holdout
1625,1262-OPMFY,1,development
1626,9504-DSHWM,0,development
1627,5035-BVCXS,0,development
1628,6267-DCFFZ,0,holdout
1629,3533-UVMOM,0,development
1630,2439-LYPMQ,0,development
1631,4248-QPAVC,1,holdout
1632,1899-VXWXM,1,development
1633,1478-VPOAD,0,holdout
1634,9995-HOTOH,0,development
1635,2988-PLAHS,0,development
1636,1371-OJCEK,0,holdout
1637,4999-IEZLT,0,development
1638,8883-ANODQ,0,development
1639,4690-LLKUA,1,holdout
1640,2351-RRBUE,0,holdout
1641,5980-BDHPY,0,development
1642,1498-DQNRX,0,development
1643,9469-WEJBT,0,development
1644,3331-HQDTW,1,development
1645,9490-DFPMD,1,holdout
1646,2581-VKIRT,0,development
1647,5442-XSDCW,1,development
1648,7426-WEIJX,0,development
1649,2851-MMUTZ,0,development
1650,3049-NDXFL,1,holdout
1651,8580-AECUZ,1,holdout
1652,3307-TLCUD,0,development
1653,6625-FLENO,0,development
1654,2967-MXRAV,0,development
1655,7963-GQRMY,1,development
1656,8189-HBVRW,0,development
1657,4163-KIUHY,0,holdout
1658,1228-FZFRV,1,development
1659,3500-NSDOA,0,development
1660,1171-TYKUR,0,holdout
1661,3761-FLYZI,0,development
1662,2058-DCJBE,1,holdout
1663,5364-XYIRR,1,development
1664,4829-AUOAX,1,development
1665,1219-NNDDO,0,development
1666,8388-DMKAE,0,development
1667,4403-BWPAY,0,development
1668,9659-QEQSY,0,development
1669,5405-ZMYXQ,0,development
1670,5047-LHVLY,1,holdout
1671,1442-OKRJE,0,development
1672,4737-AQCPU,0,development
1673,9158-VCTQB,1,holdout
1674,2808-CHTDM,0,development
1675,6311-UEUME,1,development
1676,0793-TWELN,0,development
1677,3283-WCWXT,0,development
1678,1060-ENTOF,0,development
1679,0999-QXNSA,0,development
1680,5451-MHQOF,0,development
1681,4836-WNFNO,0,development
1682,9225-BZLNZ,0,development
1683,0354-VXMJC,0,holdout
1684,4422-QVIJA,0,development
1685,9365-SRSZE,0,holdout
1686,6839-ITVZJ,1,holdout
1687,8332-OSJDW,0,development
1688,4735-BJKOU,0,development
1689,0274-JKUJR,0,development
1690,5740-YHGTW,0,development
1691,8917-SZTTJ,0,development
1692,1696-MZVAU,0,development
1693,7359-WWYJV,0,development
1694,0375-HVGXO,1,development
1695,4906-ZHGPK,0,development
1696,8593-WHYHV,1,development
1697,3795-GWTRD,0,development
1698,1298-PHBTI,0,holdout
1699,6223-DHJGV,0,development
1700,6961-MJKBO,0,development
1701,6097-EQISJ,1,development
1702,4423-YLHDV,1,development
1703,8158-WPEZG,0,development
1704,0107-YHINA,1,development
1705,4918-FYJNT,0,development
1706,0727-BNRLG,0,development
1707,4854-CIDCF,0,development
1708,8640-SDGKB,1,development
1709,3280-MRDOF,0,holdout
1710,6435-SRWBJ,0,development
1711,9964-WBQDJ,0,holdout
1712,6303-KFWSL,0,development
1713,1702-CCFNJ,0,development
1714,8932-CZHRQ,0,holdout
1715,0386-CWRGM,0,development
1716,5515-RUGKN,0,development
1717,0404-AHASP,0,development
1718,7279-NMVJC,0,holdout
1719,2081-VEYEH,0,development
1720,6407-UTSLV,0,development
1721,4116-TZAQJ,1,holdout
1722,9060-HJJRW,0,development
1723,2587-YNLES,0,development
1724,7398-SKNQZ,0,development
1725,5935-FCCNB,0,development
1726,1958-RNRKS,0,development
1727,5136-RGMZO,0,development
1728,8345-MVDYC,0,development
1729,8226-BXGES,0,holdout
1730,3877-JRJIP,1,development
1731,8375-DKEBR,1,development
1732,9705-IOVQQ,0,development
1733,1015-OWJKI,0,development
1734,7511-YMXVQ,1,development
1735,2040-XBAVJ,0,development
1736,7551-JOHTI,1,development
1737,8887-IPQNC,0,development
1738,8646-JCOMS,0,holdout
1739,9804-ICWBG,1,development
1740,1222-KJNZD,0,development
1741,0106-GHRQR,0,development
1742,5318-IXUZF,1,development
1743,3768-VHXQO,0,holdout
1744,8952-WCVCD,0,development
1745,2418-TPEUN,0,development
1746,3963-RYFNS,0,development
1747,3198-VELRD,1,development
1748,8540-ZQGEA,0,development
1749,1320-REHCS,0,holdout
1750,4137-JOPHL,0,development
1751,9436-ZBZCT,1,development
1752,7801-CEDNV,0,holdout
1753,2057-BOYKM,0,development
1754,3658-QQJYD,0,development
1755,1803-BGNBD,0,development
1756,0134-XWXCE,0,development
1757,6950-TWMYB,0,development
1758,5848-FHRFC,0,development
1759,2243-FNMMI,0,development
1760,2511-MORQY,0,holdout
1761,5356-KZCKT,0,development
1762,9470-XCCEM,0,development
1763,6519-CFDBX,0,holdout
1764,3902-MIVLE,0,development
1765,0409-WTMPL,0,development
1766,8763-KIAFH,0,development
1767,3669-WHAFY,0,development
1768,3055-VTCGS,0,development
1769,3144-KMTWZ,0,development
1770,7279-BUYWN,1,holdout
1771,7156-MHUGY,1,development
1772,7198-GLXTC,1,development
1773,2007-QVGAW,0,development
1774,5207-PLSTK,0,development
1775,2307-FYNNL,0,development
1776,5605-XNWEN,0,holdout
1777,2155-AMQRX,0,development
1778,6181-AXXYF,0,development
1779,5091-HFAZW,0,development
1780,0516-VRYBW,1,development
1781,2519-LBNQL,0,holdout
1782,8623-ULFNQ,0,development
1783,8380-PEFPE,1,development
1784,5687-DKDTV,1,development
1785,1568-LJSZU,0,development
1786,7530-HDYDS,1,development
1787,7789-HKSBS,0,development
1788,7416-CKTEP,0,development
1789,2586-CWXVV,0,development
1790,3096-IZETN,1,development
1791,2348-KCJLT,0,development
1792,8401-EMUWF,0,development
1793,4193-IBKSW,0,development
1794,5377-NDTOU,0,development
1795,5922-ABDVO,1,development
1796,2474-LCNUE,0,holdout
1797,0839-QNXME,0,development
1798,3506-OVLKD,0,development
1799,9172-ANCRX,1,development
1800,6650-VJONK,0,development
1801,2178-PMGCJ,0,holdout
1802,7492-TAFJD,0,development
1803,2773-MADBQ,0,holdout
1804,6016-LVTJQ,0,holdout
1805,7860-KSUGX,0,development
1806,8966-KZXXA,0,development
1807,6910-HADCM,1,development
1808,4816-LXZYW,1,development
1809,9606-PBKBQ,1,development
1810,5149-QYTTU,0,holdout
1811,2070-XYMFH,0,development
1812,2085-BOJKI,0,development
1813,0817-HSUSE,0,development
1814,5442-PPTJY,0,holdout
1815,1927-QEWMY,0,development
1816,1663-MHLHE,0,development
1817,5663-QBGIS,0,development
1818,4450-MDZFX,0,development
1819,6701-DHKWQ,0,development
1820,7554-AKDQF,0,development
1821,3536-IQCTX,1,development
1822,4911-BANWH,1,development
1823,8496-EJAUI,1,development
1824,0794-YVSGE,0,development
1825,5423-BHIXO,0,development
1826,6908-VVYHM,0,development
1827,2959-EEXWB,0,development
1828,1839-UMACK,0,holdout
1829,3030-YDNRM,0,development
1830,7321-KKSDU,0,development
1831,3402-XRIUO,0,holdout
1832,3132-TVFDZ,1,development
1833,8286-AFUYI,0,holdout
1834,8080-DDEMJ,1,development
1835,8356-WUAOJ,0,development
1836,6365-MTGZX,1,development
1837,1349-WXNGG,1,development
1838,8058-DMYRU,0,development
1839,9350-ZXYJC,0,development
1840,6990-YNRIO,1,development
1841,8958-JPTRR,0,development
1842,6959-GQEGV,0,development
1843,3173-WSSUE,0,holdout
1844,1265-HVPZB,0,development
1845,4115-UMJFQ,0,development
1846,7369-TRPFD,0,development
1847,1098-KFQEC,0,holdout
1848,7190-XHTWJ,0,development
1849,0621-TWIEM,1,development
1850,3537-RYBHH,0,development
1851,2485-ITVKB,1,holdout
1852,3669-OYSJI,1,development
1853,1612-EOHDH,1,development
1854,6702-OHFWR,1,development
1855,5296-BFCYD,0,development
1856,4510-PYUSH,1,development
1857,9359-JANWS,0,development
1858,7517-SAWMO,1,holdout
1859,4143-HHPMK,1,development
1860,3279-DYZQM,0,holdout
1861,7054-LGEQW,1,development
1862,0523-VNGTF,0,development
1863,9575-IWCAZ,0,development
1864,7105-MXJLL,0,development
1865,7064-FRRSW,0,holdout
1866,7940-UQQUG,0,development
1867,0923-PNFUB,1,development
1868,3961-SXAXY,0,holdout
1869,7010-BRBUU,0,development
1870,3566-HJGPK,0,holdout
1871,3062-ICYZQ,0,development
1872,9938-PRCVK,0,development
1873,0973-KYVNF,0,development
1874,5129-HHMZC,0,development
1875,9637-CDTKZ,0,holdout
1876,3946-JEWRQ,0,development
1877,7873-CVMAW,0,development
1878,0463-WZZKO,0,development
1879,3494-JCHRQ,1,development
1880,6474-FVJLC,1,development
1881,4524-QCSSM,0,development
1882,5832-EXGTT,0,development
1883,8840-DQLGN,1,development
1884,2039-JONDJ,0,holdout
1885,7217-JYHOQ,0,development
1886,6695-FRVEC,0,holdout
1887,4547-LYTDD,1,development
1888,9894-QMIMJ,0,holdout
1889,8069-YQQAJ,0,development
1890,6770-XUAGN,1,development
1891,4193-ORFCL,1,development
1892,1636-NTNCO,0,development
1893,3466-WAESX,0,development
1894,9281-PKKZE,0,development
1895,3638-VBZTA,0,development
1896,7459-IMVYU,0,development
1897,7776-QWNFX,1,development
1898,6689-TCZHQ,1,holdout
1899,8563-OYMQY,0,development
1900,0754-EEBDC,0,development
1901,5777-ZPQNC,0,development
1902,1951-IEYXM,0,development
1903,3318-NMQXL,0,holdout
1904,3143-ILDAL,1,holdout
1905,1022-RKXDR,0,development
1906,2361-FJWNO,0,holdout
1907,2272-UOINI,0,holdout
1908,8232-UTFOZ,0,development
1909,3750-YHRYO,0,development
1910,6637-KYRCV,0,development
1911,5668-MEISB,0,development
1912,0129-QMPDR,0,development
1913,7188-CBBBA,0,development
1914,5356-CSVSQ,0,development
1915,3221-CJMSG,0,development
1916,4720-VSTSI,1,development
1917,3219-JQRSL,0,development
1918,2801-NISEI,0,holdout
1919,3946-MHCZW,1,development
1920,4623-ZKHLY,0,development
1921,6732-VAILE,0,development
1922,8201-AAXCB,0,development
1923,7696-CFTAT,0,development
1924,1845-CSBRZ,0,development
1925,2123-VSCOT,0,development
1926,6651-AZVTJ,1,development
1927,4566-GOLUK,1,development
1928,2484-DGXPZ,1,development
1929,2018-QKYGT,0,development
1930,2792-VPPET,0,development
1931,7409-JURKQ,0,development
1932,3247-MHJKM,0,development
1933,1964-SVLEA,0,holdout
1934,4587-NUKOX,1,development
1935,7297-DVYGA,0,development
1936,2239-CGBUZ,0,development
1937,0854-UYHZD,0,development
1938,7243-LCGGZ,0,development
1939,8267-KFGYD,0,development
1940,4890-VMUAV,0,development
1941,9261-WDCAF,0,development
1942,3764-MNMOI,0,development
1943,7442-YGZFK,0,development
1944,0420-BWTPW,1,holdout
1945,8229-BUJHX,0,holdout
1946,7449-HVPIV,0,development
1947,5504-WSIUR,0,development
1948,8183-ONMXC,1,development
1949,8466-PZBLH,0,development
1950,9614-RMGHA,1,development
1951,8735-IJJEG,0,holdout
1952,0564-MUUQK,0,holdout
1953,5054-IEXZT,1,development
1954,5834-ASPWA,1,development
1955,0701-RFGFI,0,development
1956,0019-EFAEP,0,development
1957,5619-PTMIK,0,development
1958,3737-XBQDD,0,holdout
1959,5882-CMAZQ,0,holdout
1960,5846-QFDFI,0,development
1961,4445-KWOKW,0,development
1962,3511-APPBJ,0,development
1963,7967-HYCDE,0,development
1964,2430-RRYUW,0,development
1965,3948-XHGNA,1,development
1966,3723-BFBGR,0,development
1967,0565-IYCGT,1,holdout
1968,5447-WZAFP,0,development
1969,5110-CHOPY,0,development
1970,5445-UTODQ,1,development
1971,4425-OWHWB,0,development
1972,7892-QVYKW,0,development
1973,9675-ICXCT,0,development
1974,1024-VRZHF,1,holdout
1975,4703-MQYKT,0,development
1976,9497-QCMMS,1,development
1977,5692-ICXLW,0,holdout
1978,0602-DDUML,0,holdout
1979,2208-MPXIO,0,holdout
1980,1960-UYCNN,0,holdout
1981,0348-SDKOL,1,development
1982,3190-FZATL,0,development
1983,7336-RLLRH,0,development
1984,4373-MAVJG,1,holdout
1985,8901-HJXTF,1,development
1986,7710-JSYOA,0,development
1987,5419-KLXBN,1,holdout
1988,3424-NMNBO,1,development
1989,9885-MFVSU,0,development
1990,4514-GFCFI,1,development
1991,0607-MVMGC,0,development
1992,3365-SAIGS,0,development
1993,9828-AOQLM,1,development
1994,8022-BECSI,0,development
1995,8000-REIQB,1,development
1996,9993-LHIEB,0,development
1997,0266-CLZKZ,0,holdout
1998,7615-ESMYF,1,development
1999,3858-VOBET,1,holdout
2000,7020-OZKXZ,0,development
2001,3977-QCRSL,0,development
2002,0017-DINOC,0,development
2003,1447-PJGGA,1,holdout
2004,8565-CLBZW,1,development
2005,9139-WQQDY,1,development
2006,0224-HJAPT,1,holdout
2007,8086-OVPWV,1,development
2008,9430-FRQOC,1,development
2009,7639-OPLNG,0,development
2010,3074-GQWYX,1,development
2011,1492-QGCLU,0,development
2012,6845-RGTYS,1,development
2013,7328-OWMOM,0,development
2014,4418-LZMSV,0,development
2015,5155-AZQPB,0,development
2016,8861-HGGKB,1,development
2017,1087-GRUYI,0,development
2018,7065-YUNRY,1,holdout
2019,7694-VLBWQ,1,development
2020,2546-KZAAT,0,development
2021,0181-RITDD,0,holdout
2022,5989-PGKJB,0,development
2023,4795-KTRTH,1,development
2024,8272-ONJLV,0,development
2025,1488-PBLJN,0,development
2026,0308-GIQJT,0,development
2027,3778-FOAQW,0,development
2028,4452-ROHMO,0,development
2029,6481-OGDOO,1,development
2030,3090-LETTY,0,holdout
2031,5349-AZPEW,0,development
2032,3753-TSEMP,1,holdout
2033,8305-VHZBZ,1,holdout
2034,9720-JJJOR,0,development
2035,8100-HZZLJ,0,holdout
2036,8775-ERLNB,0,development
2037,8309-IEYJD,0,development
2038,9172-JITSM,1,development
2039,6298-QDFNH,1,development
2040,7398-HPYZQ,0,holdout
2041,3546-GHEAE,0,development
2042,7361-YPXFS,0,development
2043,6557-BZXLQ,0,development
2044,2550-QHZGP,0,development
2045,7519-JTWQH,0,development
2046,2538-OIMXF,0,development
2047,8543-MSDMF,0,development
2048,9961-JBNMK,1,holdout
2049,1170-SASML,0,development
2050,4872-JCVCA,0,holdout
2051,5346-BZCHP,0,development
2052,2038-LLMLM,0,development
2053,6173-ITPWD,1,development
2054,9734-UYXQI,1,development
2055,1216-BGTSP,0,development
2056,4138-NAXED,0,development
2057,2189-UXTKY,1,development
2058,0744-BIKKF,0,development
2059,7483-IQWIB,0,development
2060,5248-KWLAR,0,development
2061,4958-GZWIY,1,development
2062,7996-MHXLW,0,development
2063,7833-PKIHD,0,development
2064,7061-OVMIM,0,development
2065,5153-RTHKF,0,development
2066,1852-QSWCD,0,development
2067,4832-VRBMR,0,development
2068,9079-LWTFD,0,holdout
2069,6356-ELRKD,1,development
2070,8624-GIOUT,1,development
2071,3392-EHMNK,0,development
2072,5986-WWXDV,0,development
2073,3061-BCKYI,0,development
2074,6179-GJPSO,1,development
2075,7901-TBKJX,0,development
2076,7228-PAQPD,0,holdout
2077,3177-LASXD,1,development
2078,7746-QYVCO,0,holdout
2079,5804-HYIEZ,0,holdout
2080,9919-FZDED,0,development
2081,5934-TSSAU,0,development
2082,3486-KHMLI,0,holdout
2083,4897-QSUYC,1,development
2084,1084-UQCHV,1,development
2085,8290-YWKHZ,1,development
2086,2955-BJZHG,1,development
2087,3806-DXQOM,1,development
2088,6784-XYJAE,0,development
2089,3933-DQPWX,0,development
2090,6661-EIPZC,0,development
2091,8957-THMOA,0,development
2092,2251-PYLPB,0,development
2093,5555-RNPGT,0,holdout
2094,1057-FOGLZ,0,development
2095,9300-RENDD,1,development
2096,0761-AETCS,1,development
2097,8087-LGYHQ,0,development
2098,4137-BTIKL,0,development
2099,2190-BCXEC,0,development
2100,6227-FBDXH,0,development
2101,2153-MREFK,1,holdout
2102,2911-WDXMV,0,development
2103,7206-PQBBZ,0,development
2104,3106-ULWFW,1,development
2105,0925-VYDLG,1,development
2106,4547-FZJWE,0,holdout
2107,7422-WNBTY,0,development
2108,0842-IWYCP,0,development
2109,3521-HTQTV,0,development
2110,3744-ZBHON,0,development
2111,3373-DIUUN,0,development
2112,8383-SGHJU,0,development
2113,7607-QKKTJ,0,development
2114,7707-PYBBH,0,development
2115,8984-HPEMB,0,development
2116,4349-GFQHK,1,development
2117,4139-DETXS,0,development
2118,9779-DPNEJ,0,holdout
2119,9805-FILKB,0,development
2120,5793-YOLJN,0,development
2121,0673-IGUQO,0,development
2122,4123-FCVCB,0,development
2123,8819-IMISP,0,development
2124,7802-EFKNY,1,holdout
2125,8311-UEUAB,0,development
2126,5858-EAFCZ,0,development
2127,8035-BUYVG,1,holdout
2128,1163-ONYEY,0,development
2129,9787-XVQIU,1,development
2130,8945-MUQUF,1,holdout
2131,5656-MJEFC,0,development
2132,6082-OQFBA,0,development
2133,8051-HJRLT,1,development
2134,8974-OVACP,0,development
2135,4010-YLMVT,0,holdout
2136,1379-FRVEB,0,development
2137,8612-GXIDD,0,holdout
2138,6288-CHQJB,0,holdout
2139,8160-HOWOX,0,holdout
2140,3023-GFLBR,1,development
2141,6648-INWPS,0,development
2142,4223-BKEOR,0,development
2143,4079-VTGLK,0,development
2144,1763-WQFUK,0,development
2145,1391-UBDAR,0,development
2146,8894-JVDCV,0,development
2147,2023-VQFDL,0,development
2148,1345-GKDZZ,0,development
2149,2014-MKGMH,0,development
2150,5628-FCGYG,0,holdout
2151,2560-WBWXF,0,development
2152,0248-IPDFW,0,holdout
2153,7978-DKUQH,0,development
2154,4335-UPJSI,0,development
2155,0524-IAVZO,1,development
2156,2737-YNGYW,1,development
2157,1784-EZDKJ,0,development
2158,9297-FVVDH,0,development
2159,8007-YYPWD,0,development
2160,7101-HRBLJ,0,development
2161,5159-YFPKQ,1,development
2162,6635-CPNUN,0,development
2163,4021-RQSNY,1,development
2164,5453-YBTWV,0,development
2165,5039-LZRQT,0,development
2166,2931-VUVJN,0,development
2167,9061-TIHDA,1,development
2168,8699-ASUFO,1,holdout
2169,6418-PIQSP,0,holdout
2170,8220-OCUFY,0,development
2171,3995-WFCSM,0,development
2172,1895-QTKDO,0,development
2173,2038-OEQZH,0,development
2174,1178-PZGAB,0,development
2175,7927-AUXBZ,1,development
2176,2626-VEEWG,0,development
2177,2878-RMWXY,0,development
2178,1657-DYMBM,0,development
2179,7311-MQJCH,0,holdout
2180,7375-WMVMT,0,development
2181,1136-XGEQU,0,holdout
2182,2530-FMFXO,0,development
2183,6844-DZKRF,0,development
2184,4695-WJZUE,1,development
2185,7619-ODSGN,1,development
2186,5970-GHJAW,0,development
2187,8879-XUAHX,0,holdout
2188,3689-MOZGR,0,development
2189,4195-PNGZS,0,holdout
2190,5003-XZWWO,0,holdout
2191,3988-RQIXO,1,development
2192,7622-FWGEW,0,development
2193,6922-NCEDI,0,development
2194,2514-GINMM,1,development
2195,9891-NQDBD,0,development
2196,6131-IUNXN,0,holdout
2197,8548-AWOFC,0,development
2198,9798-DRYDS,0,development
2199,8532-UEFWH,0,development
2200,6296-DDOOR,0,development
2201,7951-VRDVK,0,development
2202,5931-FLJJF,1,development
2203,4815-YOSUK,0,development
2204,2659-VXMWZ,1,development
2205,0380-NEAVX,0,development
2206,3207-OYBWH,1,holdout
2207,4285-GYRQC,1,holdout
2208,7216-EWTRS,1,development
2209,4365-MSDYN,0,development
2210,7036-TYDEC,0,holdout
2211,5802-ADBRC,0,development
2212,8076-FEZKJ,0,development
2213,5197-YPYBZ,0,development
2214,8337-MSSXB,1,development
2215,4312-GVYNH,0,development
2216,8495-LJDFO,0,development
2217,0839-JTCUD,0,holdout
2218,5494-WOZRZ,0,development
2219,1302-UHBDD,0,development
2220,2234-EOFPT,0,development
2221,8619-IJNDK,0,development
2222,8378-LKJAF,0,development
2223,8182-BJDSI,1,development
2224,2528-HFYZX,1,development
2225,1153-GNOLC,0,development
2226,3298-QEICA,0,development
2227,0788-DXBFY,0,development
2228,3597-YASZG,0,holdout
2229,3496-LFSZU,0,development
2230,5242-UOWHD,0,holdout
2231,2482-CZGBB,1,holdout
2232,6479-SZPLM,0,development
2233,8097-VBQTZ,0,development
2234,4500-HKANN,0,development
2235,9917-KWRBE,0,development
2236,3420-ZDBMA,0,development
2237,2212-LYASK,0,development
2238,1393-IMKZG,0,holdout
2239,8069-RHUXK,0,development
2240,3398-GCPMU,0,development
2241,2908-WGAXL,0,development
2242,3378-AJRAO,0,holdout
2243,1013-QCWAM,0,development
2244,0866-QLSIR,1,development
2245,6050-FFXES,0,development
2246,7181-BQYBV,1,holdout
2247,0362-RAOQO,0,development
2248,9554-DFKIC,0,holdout
2249,5527-ACHSO,0,development
2250,0829-DDVLK,0,development
2251,1399-UBQIU,0,development
2252,1813-JLKWR,0,development
2253,0336-PIKEI,0,development
2254,7322-OCWHC,0,development
2255,9537-VHDTA,0,development
2256,4957-TIALW,0,development
2257,2054-PJOCK,0,development
2258,9150-HEPMB,0,development
2259,9030-QGZNL,0,development
2260,6204-IEUXJ,1,holdout
2261,3126-WQMGH,0,development
2262,4529-CKBCL,1,development
2263,2506-CLAKW,1,development
2264,7176-WRTNX,0,development
2265,1583-IHQZE,1,holdout
2266,5732-IKGQH,0,holdout
2267,9239-GZHZE,0,development
2268,7205-BAIAD,0,development
2269,0151-ONTOV,1,development
2270,4140-MUHUG,1,development
2271,0093-EXYQL,0,development
2272,8064-RAVOH,0,development
2273,0219-QAERP,0,development
2274,0320-JDNQG,1,development
2275,7180-PISOG,1,holdout
2276,9168-INPSZ,0,development
2277,3571-RFHAR,1,development
2278,0015-UOCOJ,0,holdout
2279,5334-AFQJB,0,development
2280,2754-SDJRD,0,development
2281,9578-VRMNM,1,development
2282,1587-FKLZB,1,development
2283,6140-QNRQQ,1,development
2284,8963-JLGJT,0,development
2285,4307-KTUMW,1,development
2286,1465-LNTLJ,0,development
2287,5440-FLBQG,1,development
2288,2135-DQWAQ,0,holdout
2289,4056-QHXHZ,0,development
2290,7470-MCQTK,1,holdout
2291,7488-MXJIV,1,development
2292,7401-JIXNM,0,development
2293,9339-FIIJL,0,development
2294,2027-FECZV,1,development
2295,2672-DZUOY,1,development
2296,4706-DGAHW,0,development
2297,3870-MQAMG,1,development
2298,6670-MFRPK,0,holdout
2299,6177-PEVRA,0,development
2300,4800-CZMPC,1,holdout
2301,4813-HQMGZ,0,holdout
2302,7579-KKLOE,0,development
2303,7377-DMMRI,1,development
2304,8402-EIVQS,0,development
2305,4947-DSMXK,0,development
2306,7245-NIIWQ,0,development
2307,0002-ORFBO,0,development
2308,3324-OIRTO,0,development
2309,5414-OFQCB,0,development
2310,4967-WPNCF,0,development
2311,8552-OBVRU,0,development
2312,8499-BRXTD,0,development
2313,9154-QDGTH,0,development
2314,8197-BFWVU,0,holdout
2315,2577-GVSIL,0,holdout
2316,9367-OIUXP,0,development
2317,6770-UAYGJ,0,development
2318,6463-HHXJR,0,development
2319,7928-VJYAB,0,development
2320,1187-WILMM,0,development
2321,9776-OJUZI,0,development
2322,1306-RPWXZ,0,holdout
2323,8949-JTMAY,1,holdout
2324,2774-LVQUS,1,development
2325,3097-PYWXL,0,development
2326,2266-SJNAT,0,development
2327,0869-PAPRP,0,development
2328,4238-JSSWH,0,development
2329,2972-YDYUW,0,holdout
2330,1104-FEJAM,0,holdout
2331,2809-ILCYT,0,development
2332,5499-ECUTN,0,development
2333,4981-FLTMF,0,development
2334,9121-PHQSR,0,development
2335,3113-IWHLC,0,development
2336,3211-ILJTT,1,development
2337,4612-THJBS,1,development
2338,4277-BWBML,0,development
2339,4094-NSEDU,1,development
2340,0234-TEVTT,0,development
2341,4304-TSPVK,0,development
2342,1552-AAGRX,0,holdout
2343,2637-FKFSY,0,development
2344,9796-MVYXX,0,development
2345,7874-ECPQJ,0,development
2346,0020-INWCK,0,development
2347,7089-RKVSZ,0,development
2348,2683-JXWQQ,0,development
2349,9548-ZMVTX,0,development
2350,8739-XNIKG,0,development
2351,9755-JHNMN,0,development
2352,3981-QSVQI,0,development
2353,2789-HQBOU,0,development
2354,9424-CMPOG,0,development
2355,5067-WJEUN,0,development
2356,3450-WXOAT,0,development
2357,9251-WNSOD,0,holdout
2358,6974-DAFLI,0,development
2359,2616-UUTFK,0,holdout
2360,7064-JHXCE,0,development
2361,5103-MHMHY,1,holdout
2362,7989-AWGEH,0,development
2363,4373-VVHQL,0,development
2364,4559-UWIHT,0,development
2365,7268-IGMFD,0,development
2366,1846-XWOQN,1,holdout
2367,0235-KGSLC,1,development
2368,6650-BWFRT,0,holdout
2369,9570-KYEUA,0,development
2370,6993-YGFJV,0,development
2371,2712-SYWAY,0,holdout
2372,0730-BGQGF,0,development
2373,5498-IBWPI,0,holdout
2374,9101-NTIXF,0,development
2375,0013-SMEOE,0,development
2376,9314-QDMDW,0,holdout
2377,9308-ANMVE,0,development
2378,2884-GBPFB,1,development
2379,3757-NJYBX,1,development
2380,3413-DHLPB,0,development
2381,7649-PHJVR,0,holdout
2382,6114-TCFID,0,development
2383,3787-TRIAL,0,development
2384,2573-GYRUU,0,development
2385,5156-UMKOW,0,development
2386,1247-QBVSH,0,development
2387,6734-GMPVK,0,development
2388,9822-OAOVB,0,development
2389,6161-ERDGD,0,development
2390,1226-JZNKR,0,development
2391,7318-EIVKO,0,development
2392,3771-PZOBW,0,development
2393,5136-KCKGI,1,development
2394,8231-BSWXX,0,development
2395,6486-LHTMA,0,development
2396,4083-BFNYK,0,holdout
2397,3722-WPXTK,1,development
2398,7389-KBFIT,0,development
2399,7176-WIONM,0,development
2400,5141-ZUVBH,0,development
2401,1089-HDMKP,0,development
2402,7623-HKYRK,0,holdout
2403,0310-SUCIN,0,development
2404,5197-PYEPU,0,development
2405,2929-ERCFZ,1,development
2406,7548-SEPYI,1,development
2407,8835-VSDSE,1,development
2408,6619-RPLQZ,0,development
2409,3275-RHRNE,0,holdout
2410,3503-TYDAY,0,development
2411,6901-GOGZG,0,development
2412,1623-NLDOT,1,development
2413,7021-XSNYE,0,holdout
2414,9621-OUPYD,0,development
2415,9898-KZQDZ,1,development
2416,8982-NHAVY,0,development
2417,4307-KWMXE,0,development
2418,0141-YEAYS,0,development
2419,2450-ZKEED,0,holdout
2420,3694-DELSO,0,development
2421,3893-JRNFS,0,development
2422,9603-OAIHC,0,development
2423,1133-KXCGE,0,development
2424,5236-PERKL,1,development
2425,0142-GVYSN,0,development
2426,1049-FYSYG,0,development
2427,7854-FOKSF,1,development
2428,2519-FAKOD,1,development
2429,8406-LNMHF,0,holdout
2430,1821-BUCWY,0,development
2431,8263-JQAIK,1,development
2432,0023-UYUPN,0,development
2433,8314-DPQHL,0,holdout
2434,1465-WCZVT,0,development
2435,9481-SFCQY,0,development
2436,6360-SVNWV,0,development
2437,0567-GGCAC,0,holdout
2438,7089-IVVAZ,1,holdout
2439,8884-MRNSU,0,holdout
2440,2171-UDMFD,0,development
2441,9050-IKDZA,0,development
2442,2205-YMZZJ,1,development
2443,9802-CAQUT,0,development
2444,1254-IZEYF,1,development
2445,0187-WZNAB,0,development
2446,9492-TOKRI,1,development
2447,1475-VWVDO,0,development
2448,9221-OTIVJ,1,development
2449,1357-MVDOZ,0,development
2450,7602-MVRMB,0,development
2451,3325-FUYCG,1,development
2452,5908-QMGOE,1,development
2453,1197-BVMVG,0,holdout
2454,5406-KGRMX,0,holdout
2455,8481-YYXWG,1,development
2456,5968-HYJRZ,0,holdout
2457,5198-EFNBM,0,development
2458,7516-GMHUV,0,development
2459,7140-ADSMJ,0,development
2460,2230-XTUWL,0,development
2461,7706-YLMQA,0,development
2462,2585-KTFRE,0,development
2463,7994-UYIVZ,0,holdout
2464,2609-IAICY,1,development
2465,1740-CSDJP,1,holdout
2466,7717-BICXI,0,development
2467,6559-RAKOZ,0,development
2468,2636-OHFMN,1,development
2469,4716-MRVEN,0,development
2470,2143-LJULT,0,development
2471,1323-OOEPC,1,development
2472,3200-MNQTF,0,development
2473,6164-HXUGH,0,development
2474,5630-IXDXV,0,development
2475,0320-DWVTU,0,development
2476,9135-MGVPY,0,development
2477,1212-GLHMD,0,development
2478,7878-JGDKK,0,development
2479,1088-AUUZZ,0,holdout
2480,0397-GZBBC,1,development
2481,6614-YWYSC,0,development
2482,9588-OZDMQ,0,development
2483,7641-EUYET,1,development
2484,6476-EPYZR,0,development
2485,9921-ZVRHG,1,development
2486,1174-FGIFN,0,development
2487,6620-HVDUJ,0,development
2488,4701-MLJPN,1,holdout
2489,1032-MAELW,0,holdout
2490,7641-TQFHN,0,holdout
2491,1552-TKMXS,0,holdout
2492,9206-GVPEQ,1,development
2493,8622-ZLFKO,0,development
2494,1596-BBVTG,1,development
2495,6188-UXBBR,0,holdout
2496,2333-KWEWW,0,development
2497,5702-SKUOB,0,development
2498,1134-YWTYF,0,development
2499,6061-GWWAV,0,development
2500,0679-TDGAK,0,development
2501,6585-WCEWR,0,development
2502,9067-YGSCA,0,holdout
2503,9067-SQTNS,0,development
2504,8433-WXGNA,1,development
2505,1776-SPBWV,0,development
2506,8735-SDUFN,0,development
2507,9668-PUGNU,0,development
2508,9405-GPBBG,0,development
2509,1926-QUZNN,0,development
2510,3707-GNWHM,1,development
2511,7016-NVRIC,0,development
2512,5829-NVSQN,0,development
2513,9565-AXSMR,0,development
2514,8922-LIEGH,1,development
2515,8869-LIHMK,0,development
2516,8245-UMPYT,1,holdout
2517,5186-SAMNZ,1,holdout
2518,0447-RXSGD,0,holdout
2519,4927-WWOOZ,0,development
2520,5788-YPOEG,0,development
2521,5373-SFODM,1,development
2522,0661-KBKPA,0,development
2523,9081-WWXKP,0,development
2524,0784-ZQJZX,0,development
2525,3133-PZNSR,0,development
2526,5766-ZJYBB,1,development
2527,8931-GJJIQ,1,development
2528,4277-PVRAN,1,development
2529,0022-TCJCI,1,development
2530,0722-SVSFK,0,holdout
2531,3612-YVGSJ,0,development
2532,9825-YCXWZ,0,development
2533,5397-NSKQG,0,holdout
2534,8565-HBFNN,0,development
2535,2000-DHJUY,0,development
2536,0203-HHYIJ,1,development
2537,8670-ERCJH,0,development
2538,7758-UJWYS,0,development
2539,2050-ONYDQ,0,development
2540,7055-JCGNI,0,development
2541,0739-UUAJR,0,development
2542,4826-DXMUP,0,development
2543,0952-KMEEH,1,holdout
2544,7285-KLOTR,0,development
2545,0654-PQKDW,0,holdout
2546,7175-NTIXE,0,development
2547,7963-SHNDT,0,development
2548,9796-BPKIW,0,development
2549,0188-GWFLE,0,development
2550,8129-GMVGI,0,holdout
2551,2882-DDZPG,0,development
2552,3547-LQRIK,0,development
2553,9137-NOQKA,0,development
2554,5843-TTHGI,0,development
2555,1849-RJYIG,0,holdout
2556,8868-GAGIO,0,holdout
2557,4061-UKJWL,0,development
2558,5380-XPJNZ,0,development
2559,8263-QMNTJ,0,development
2560,8178-EYZUO,1,development
2561,3230-JCNZS,0,development
2562,0277-ORXQS,0,development
2563,5130-IEKQT,1,development
2564,3230-WYKIR,1,development
2565,7996-BPXHY,0,development
2566,3227-WLKLI,0,development
2567,0407-BDJKB,1,development
2568,2266-FUBDZ,0,development
2569,8237-ULIXL,0,holdout
2570,9600-UDOPK,1,development
2571,8216-AZUUZ,0,development
2572,9153-BTBVV,0,development
2573,4074-SJFFA,1,development
2574,3269-ATYWD,1,development
2575,5186-PEIZU,0,holdout
2576,1074-AMIOH,0,development
2577,4910-GMJOT,1,development
2578,0354-WYROK,1,holdout
2579,4361-FEBGN,0,development
2580,7748-UMTRK,0,holdout
2581,0380-ZCSBI,0,development
2582,7145-FEJWU,0,development
2583,6463-MVYRY,0,holdout
2584,3969-JQABI,0,holdout
2585,9624-EGDEQ,0,development
2586,1051-EQPZR,0,development
2587,5849-ASHZJ,0,holdout
2588,5780-INQIK,0,holdout
2589,7576-OYWBN,1,development
2590,4526-ZJJTM,0,development
2591,8384-FZBJK,0,holdout
2592,3750-RNQKR,0,development
2593,0962-CQPWQ,0,development
2594,3096-YXENJ,0,development
2595,1265-BCFEO,0,holdout
2596,5837-LXSDN,0,development
2597,5945-AZYHT,0,development
2598,8325-QRPZR,0,holdout
2599,6384-VMJHP,0,holdout
2600,2262-SLNVK,0,development
2601,7730-CLDSV,0,holdout
2602,1135-HIORI,0,development
2603,0164-APGRB,0,development
2604,6481-ESCNL,0,holdout
2605,1790-NESIO,0,holdout
2606,1550-EENBN,0,development
2607,5539-TMZLF,1,development
2608,4323-SADQS,1,development
2609,4446-BZKHU,1,development
2610,5202-IVJNU,1,development
2611,5976-JCJRH,1,holdout
2612,8198-RKSZG,0,development
2613,0137-OCGAB,1,development
2614,3351-NQLDI,1,development
2615,9297-EONCV,0,development
2616,7593-JNWRU,1,holdout
2617,4588-YBNIB,1,holdout
2618,1069-QJOEE,0,development
2619,3336-JORSO,1,development
2620,7799-DSEWS,0,development
2621,8766-PAFNE,0,development
2622,5315-CKEQK,0,development
2623,3130-ICDUP,0,holdout
2624,0820-FNRNX,0,development
2625,0880-FVFWF,0,development
2626,4611-ANLQC,0,development
2627,4213-HKBJO,0,development
2628,2792-LSHWX,0,development
2629,5028-GZLDO,1,development
2630,0014-BMAQU,0,development
2631,6861-XWTWQ,1,development
2632,9018-PCIOK,0,development
2633,4837-QUSFT,0,development
2634,6877-TJMBR,1,development
2635,9953-ZMKSM,0,holdout
2636,0907-HQNTS,0,holdout
2637,7665-NKLAV,0,development
2638,6769-DCQLI,1,holdout
2639,2433-KMEAS,1,holdout
2640,4391-LNRXK,0,holdout
2641,8250-ZNGGW,0,development
2642,2195-ZRVAX,1,development
2643,3550-SAHFP,1,development
2644,2011-TRQYE,1,development
2645,8562-GHPPI,0,development
2646,5893-PYOLZ,0,development
2647,4986-MXSFP,0,development
2648,6131-FOYAS,0,development
2649,3027-YNWZU,0,development
2650,5609-IMCGG,0,development
2651,4873-ILOLJ,1,development
2652,4727-MCYZG,0,holdout
2653,9481-WHGWY,0,holdout
2654,2725-KXXWT,1,development
2655,9565-DJPIB,1,development
2656,4328-VUFWD,0,development
2657,3301-LSLWQ,0,development
2658,7473-ZBDSN,0,development
2659,3166-PNEOF,0,development
2660,5639-NTUPK,0,holdout
2661,8780-YRMTT,0,holdout
2662,8348-HFYIV,1,development
2663,5140-FOMCQ,0,holdout
2664,6242-SGYTS,0,development
2665,8166-ORCHU,0,development
2666,8414-OOEEL,0,holdout
2667,8454-AATJP,0,development
2668,6849-WLEYG,1,development
2669,4659-NZRUF,1,development
2670,4531-AUZNK,0,development
2671,4191-XOVOM,0,development
2672,2150-OEGBV,0,development
2673,8429-XIBUM,1,development
2674,1855-CFULU,0,development
2675,4878-BUNFV,0,development
2676,1872-EBWSC,0,development
2677,2608-BHKFN,1,development
2678,7026-YMSBE,0,development
2679,7341-LXCAF,1,development
2680,6997-UVGOX,0,development
2681,9674-EHPPG,0,holdout
2682,9462-MJUAW,1,development
2683,8128-YVJRG,1,holdout
2684,5440-VHLUL,0,development
2685,5781-BKHOP,0,development
2686,4283-FUTGF,1,development
2687,5213-TWWJU,0,development
2688,1569-TTNYJ,1,development
2689,8628-MFKAX,0,development
2690,2397-BRLOM,1,development
2691,7629-WIXZF,0,holdout
2692,5445-GLVOT,0,development
2693,3976-HXHCE,0,development
2694,2466-NEJOJ,0,development
2695,0254-KCJGT,0,development
2696,5472-CVMDX,0,development
2697,6461-SZMCV,0,holdout
2698,8150-QUDFX,0,development
2699,9508-ILZDG,0,development
2700,2346-DJQTB,0,development
2701,1697-LYYYX,0,development
2702,1942-OQFRW,0,development
2703,4749-VFKVB,1,development
2704,9640-ZSLDC,0,development
2705,4231-LZUYM,0,development
2706,7598-UAASY,1,development
2707,7938-OUHIO,1,development
2708,8510-AWCXC,1,development
2709,6128-AQBMT,0,development
2710,3594-BDSOA,0,development
2711,0431-APWVY,1,development
2712,5133-VRSAB,0,holdout
2713,5996-DAOQL,0,development
2714,6838-YAUVY,0,development
2715,0484-JPBRU,0,holdout
2716,7883-ROJOC,0,development
2717,0244-LGNFY,0,development
2718,7274-CGTOD,0,development
2719,4295-YURET,0,development
2720,3426-NIYYL,1,development
2721,8225-BTJAU,1,development
2722,4635-EJYPD,0,holdout
2723,1866-ZSLJM,0,holdout
2724,4636-TVXVG,0,development
2725,4236-UJPWO,0,development
2726,9392-XBGTD,0,development
2727,3387-VATUS,1,development
2728,6402-SSEJG,0,holdout
2729,1143-NMNQJ,1,holdout
2730,1169-SAOCL,0,development
2731,1110-KYLGQ,0,holdout
2732,9929-PLVPA,0,development
2733,3518-PZXZQ,0,development
2734,2371-JUNGC,0,development
2735,7693-QPEFS,0,development
2736,0924-BJCRC,0,development
2737,5074-FBGHB,0,development
2738,2351-BKRZW,0,development
2739,4455-BFSPD,0,development
2740,0415-MOSGF,1,development
2741,1724-BQUHA,1,development
2742,3948-KXDUF,0,holdout
2743,2323-ARSVR,0,development
2744,0815-MFZGM,0,holdout
2745,4826-XTSOH,1,development
2746,5480-XTFFL,0,development
2747,8295-FHIVV,0,development
2748,2495-INZWQ,1,development
2749,9086-YJYXS,0,development
2750,1179-INLAT,0,development
2751,7909-FIOIY,0,development
2752,4139-SUGLD,1,development
2753,6857-VWJDT,1,holdout
2754,6351-SCJKT,0,development
2755,5468-BPMMO,0,development
2756,5624-BQSSA,1,development
2757,0197-PNKNK,0,development
2758,2439-QKJUL,0,development
2759,1194-SPVSP,0,development
2760,9534-NSXEM,0,development
2761,2408-WITXK,1,holdout
2762,8929-KSWIH,0,holdout
2763,2250-IVBWA,0,holdout
2764,1810-MVMAI,0,development
2765,9506-UXUSK,0,holdout
2766,1229-RCALF,0,development
2767,3572-UOLYZ,0,holdout
2768,1429-UYJSV,0,development
2769,5577-OTWWW,1,development
2770,6100-QQHEB,1,development
2771,6366-XIVKZ,0,development
2772,3470-OBUET,0,development
2773,2770-NSVDG,0,development
2774,9375-MHRRS,0,development
2775,2634-HCZGT,1,development
2776,7503-QQRVF,1,development
2777,4860-YZGZM,0,holdout
2778,6599-GZWCM,0,development
2779,2691-NZETQ,1,development
2780,4404-HIBDJ,1,development
2781,5533-NHFRF,0,development
2782,7037-MTYVW,0,development
2783,4760-THGOT,0,development
2784,7295-JOMMD,1,development
2785,4016-BJKTZ,0,holdout
2786,6584-VQMYT,0,development
2787,9838-BFCQT,0,development
2788,2790-XUYMV,0,holdout
2789,0581-MDMPW,0,holdout
2790,5013-SBUIH,1,development
2791,1023-BQXZE,0,development
2792,9163-GHAYE,0,development
2793,3904-UKFRE,0,development
2794,5353-WILCI,0,development
2795,0709-TVGUR,1,development
2796,0058-EVZWM,0,development
2797,6023-YEBUP,1,development
2798,7209-JCUDS,1,development
2799,7009-PCARS,0,development
2800,0519-DRGTI,0,development
2801,1017-FBQMM,0,holdout
2802,3001-CBHLQ,1,development
2803,1985-MBRYP,0,development
2804,6158-DWPZT,1,holdout
2805,9372-TXXPS,0,development
2806,3259-QMXUN,0,holdout
2807,1015-JPFYW,0,development
2808,6645-MXQJT,0,development
2809,4360-QRAVE,0,holdout
2810,8433-WPJTV,0,development
2811,5804-JMYIO,0,development
2812,3763-GCZHZ,1,holdout
2813,6484-LATFU,0,development
2814,7599-NTMDP,0,development
2815,0772-GYEQQ,1,development
2816,0536-ACXIP,0,development
2817,0936-NQLJU,0,development
2818,4831-EOBFE,1,development
2819,1575-KRZZE,0,development
2820,3251-YMVWZ,0,holdout
2821,4102-OQUPX,1,development
2822,9170-GYZJC,1,development
2823,4884-LEVMQ,0,development
2824,8857-CUPFQ,0,development
2825,7610-TVOPG,0,development
2826,3638-DIMPH,0,development
2827,1845-ZLLIG,0,development
2828,8559-WNQZS,0,development
2829,3999-QGRJH,1,development
2830,1699-UOTXU,0,holdout
2831,2454-RPBRZ,1,holdout
2832,0635-WKOLD,0,development
2833,5993-JSUWV,0,development
2834,4518-FZBSX,0,development
2835,5387-ASZNZ,0,development
2836,6988-CJEYV,0,holdout
2837,2002-MZHWP,1,holdout
2838,3097-FQTVJ,0,development
2839,5465-BUBFA,0,development
2840,7299-GNVPL,0,development
2841,9743-DQKQW,0,development
2842,1215-VFYVK,0,development
2843,9371-BITHB,0,development
2844,2265-CYWIV,1,holdout
2845,9093-FPDLG,0,development
2846,0541-FITGH,0,development
2847,6985-HAYWX,0,holdout
2848,7508-KBIMB,0,development
2849,6838-HVLXG,0,development
2850,2277-DJJDL,0,development
2851,1897-OKVMW,0,development
2852,5485-ITNPC,0,development
2853,0233-FTHAV,0,holdout
2854,4644-PIZRT,0,development
2855,8922-NPKBJ,0,development
2856,2740-TVLFN,0,development
2857,7771-CFQRQ,0,development
2858,9512-PHSMG,0,development
2859,6963-EZQEE,0,development
2860,2452-KDRRH,0,holdout
2861,2004-OCQXK,1,holdout
2862,5027-QPKTE,1,development
2863,4146-SVFUD,0,development
2864,1564-HJUVY,0,development
2865,3617-XLSGQ,0,development
2866,7517-LDMPS,0,holdout
2867,7244-KXYZN,0,development
2868,5226-NOZFC,0,development
2869,2672-HUYVI,1,development
2870,1400-WIVLL,0,development
2871,7508-MYBOG,1,development
2872,8148-NLEGT,0,development
2873,0148-DCDOS,1,development
2874,8347-GDTMP,0,development
2875,9992-RRAMN,1,holdout
2876,6746-WAUWT,0,holdout
2877,0310-MVLET,1,development
2878,0428-IKYCP,0,development
2879,4550-VBOFE,1,development
2880,2187-PKZAY,0,development
2881,4003-OCTMP,0,holdout
2882,6652-YFFJO,0,holdout
2883,7225-IILWY,0,development
2884,5248-RPYWW,0,development
2885,7923-IYJWY,0,holdout
2886,3170-GWYKC,0,holdout
2887,5696-QURRL,1,holdout
2888,7409-KIUTL,1,development
2889,9830-ECLEN,0,development
2890,1732-VHUBQ,1,development
2891,0495-RVCBF,1,development
2892,2668-TZSPS,0,development
2893,7854-EDSSA,1,holdout
2894,8869-TORSS,1,development
2895,7446-SFAOA,0,development
2896,9522-ZSINC,0,development
2897,8234-GSZYK,0,holdout
2898,6505-OZNPG,0,development
2899,6164-HAQTX,0,development
2900,0679-IDSTG,1,development
2901,7765-LWVVH,0,development
2902,1658-TJVOA,0,holdout
2903,0953-LGOVU,0,development
2904,2115-BFTIW,1,development
2905,4692-NNQRU,0,development
2906,7742-MYPGI,0,development
2907,0611-DFXKO,1,development
2908,7780-OTDSO,1,development
2909,9619-GSATL,0,holdout
2910,5622-UEJFI,0,holdout
2911,9747-DDZOS,1,holdout
2912,0674-DGMAQ,0,development
2913,6203-HBZPA,0,development
2914,0484-FFVBJ,0,development
2915,0301-FIDRB,0,development
2916,4139-JPIAM,0,development
2917,2181-TIDSV,0,development
2918,2761-XECQW,0,development
2919,1936-CZAKF,0,holdout
2920,9453-PATOS,0,holdout
2921,0564-JJHGS,1,holdout
2922,3348-CFRNX,1,development
2923,4402-FTBXC,0,holdout
2924,1428-GTBJJ,1,development
2925,2931-XIQBR,0,development
2926,0106-UGRDO,0,development
2927,5542-TBBWB,0,development
2928,1930-QPBVZ,0,development
2929,2606-PKWJB,0,development
2930,5322-ZSMZY,0,development
2931,8059-UDZFY,0,development
2932,7740-BTPUX,0,development
2933,5220-AGAAX,0,development
2934,0208-BPQEJ,0,development
2935,9435-JMLSX,0,holdout
2936,3352-ALMCK,0,development
2937,5312-IRCFR,0,development
2938,5294-IMHHT,0,holdout
2939,8802-UNOJF,1,development
2940,6313-GIDIT,1,development
2941,6176-YJWAS,0,holdout
2942,5310-NOOVA,0,development
2943,4526-EXKKN,0,development
2944,5311-IHLEI,0,development
2945,3987-KQDDU,0,development
2946,3404-JNXAX,0,development
2947,5131-PONJI,0,development
2948,2845-AFFTX,1,holdout
2949,3489-VSFRD,0,holdout
2950,3345-JHUEO,0,development
2951,5815-HGGHV,0,development
2952,5260-UMPWX,0,development
2953,2249-YPRNG,1,development
2954,7410-YTJIK,1,development
2955,4626-GYCZP,1,holdout
2956,5649-RXQTV,0,holdout
2957,2674-MIAHT,0,holdout
2958,2576-HXMPA,0,development
2959,7587-AOVVU,0,development
2960,5590-BYNII,1,development
2961,6898-MDLZW,0,development
2962,3237-AJGEH,1,development
2963,4707-YNOQA,0,development
2964,9357-UJRUN,0,development
2965,1591-NFNLQ,1,development
2966,8648-PFRMP,0,development
2967,7663-CUXZB,0,development
2968,0258-NOKBL,0,development
2969,1163-VIPRI,0,development
2970,2815-CPTUL,1,development
2971,9348-ROUAI,0,development
2972,9443-JUBUO,0,development
2973,0596-BQCEQ,1,development
2974,1481-ZUWZA,1,development
2975,3043-TYBNO,0,holdout
2976,4830-FAXFM,0,holdout
2977,5906-BFOZT,0,development
2978,2960-NKRSO,0,development
2979,8996-ZROXE,0,development
2980,5598-IKHQQ,0,development
2981,0397-ZXWQF,0,development
2982,5266-PFRQK,0,development
2983,4674-HGNUA,0,development
2984,6765-MBQNU,0,holdout
2985,9786-IJYDL,0,development
2986,1303-SRDOK,0,development
2987,3769-MHZNV,0,development
2988,6295-OSINB,0,development
2989,3308-MHOOC,0,development
2990,2309-OSFEU,1,development
2991,2207-QPJED,0,development
2992,4177-JPDFU,0,holdout
2993,2239-CFOUJ,0,holdout
2994,8046-DNVTL,0,development
2995,2209-XADXF,0,holdout
2996,6620-JDYNW,0,development
2997,1891-FZYSA,1,holdout
2998,4770-UEZOX,0,development
2999,1038-RQOST,0,development
3000,7613-LLQFO,1,development
3001,4568-TTZRT,0,development
3002,9513-DXHDA,0,development
3003,2640-PMGFL,1,development
3004,3801-HMYNL,1,development
3005,0516-QREYC,0,development
3006,9685-WKZGT,1,development
3007,6022-UGGSO,1,development
3008,8084-OIVBS,0,development
3009,8896-BQTTI,0,holdout
3010,3865-QBWSJ,0,development
3011,3352-RICWQ,0,development
3012,2160-GPFXD,0,development
3013,2065-MMKGR,0,development
3014,5857-TYBCJ,0,development
3015,1498-NHTLT,0,development
3016,4484-CGXFK,1,development
3017,1402-PTHGN,0,holdout
3018,4176-RELJR,0,holdout
3019,6214-EDAKZ,1,development
3020,5199-FPUSP,0,development
3021,6377-KSLXC,0,development
3022,1796-JANOW,0,holdout
3023,0238-WHBIQ,0,development
3024,8735-NBLWT,0,development
3025,6651-RLGGM,0,development
3026,6127-ISGTU,1,development
3027,1614-JBEBI,0,development
3028,8740-XLHDR,1,development
3029,1208-DNHLN,1,development
3030,1761-AEZZR,1,development
3031,3923-CSIHK,1,holdout
3032,5696-EXCYS,0,development
3033,5795-KTGUD,0,development
3034,7120-RFMVS,1,development
3035,7924-GJZFI,0,development
3036,4702-HDRKD,0,development
3037,8512-WIWYV,0,holdout
3038,5897-ZYEKH,0,holdout
3039,5456-ITGIC,0,holdout
3040,7317-GGVPB,1,holdout
3041,1406-PUQVY,0,development
3042,1322-AGOQM,1,holdout
3043,3677-IYRBF,1,development
3044,5692-FPTAH,1,development
3045,9114-AAFQH,0,holdout
3046,8715-KKTFG,0,development
3047,1550-LOAHA,1,development
3048,1728-BQDMA,0,development
3049,0268-QKIWO,1,holdout
3050,0876-WDUUZ,1,holdout
3051,5117-ZSMHQ,0,development
3052,5151-HQRDG,0,development
3053,0960-HUWBM,0,holdout
3054,6465-GSRCL,0,development
3055,0617-FHSGK,1,development
3056,0263-FJTQO,0,development
3057,7319-ZNRTR,0,holdout
3058,2858-MOFSQ,1,development
3059,7503-EPSZW,0,holdout
3060,7089-XXAYG,0,holdout
3061,8118-LSUEL,1,development
3062,8070-AAWZP,0,holdout
3063,1666-JXLKU,0,development
3064,7855-DIWPO,0,development
3065,5133-POWUA,0,development
3066,5652-MSDEY,0,development
3067,7005-CCBKV,1,development
3068,1810-BOHSY,0,development
3069,1784-BXEFA,0,development
3070,7351-MHQVU,0,development
3071,9224-VTYID,0,development
3072,9500-IWPXQ,0,holdout
3073,5762-TJXGK,0,holdout
3074,4504-YOULA,0,development
3075,5569-IDSEY,0,holdout
3076,4250-FDVOU,1,development
3077,7284-ZZLOH,0,development
3078,5277-ZLOOR,1,development
3079,2141-RRYGO,1,holdout
3080,1777-JYQPJ,0,development
3081,6376-GAHQE,1,holdout
3082,3401-URHDA,0,development
3083,1599-EAHXY,0,development
3084,8631-XVRZL,0,development
3085,5052-PNLOS,1,development
3086,3853-LYGAM,0,holdout
3087,6979-ZNSFF,1,development
3088,5751-USDBL,0,holdout
3089,5680-LQOGP,0,holdout
3090,2386-LAHRK,1,development
3091,8189-DUKMV,0,development
3092,6032-IGALN,1,development
3093,9931-DCEZH,0,development
3094,1898-JSNDC,0,development
3095,0315-LVCRK,0,development
3096,3911-RSNHI,0,development
3097,2410-CIYFZ,0,holdout
3098,4248-HCETZ,1,development
3099,5505-OVWQW,0,holdout
3100,7271-AJDTL,0,development
3101,1867-TJHTS,0,holdout
3102,0516-WJVXC,1,development
3103,9174-FKWZE,1,development
3104,6860-YRJZP,0,development
3105,4429-WYGFR,0,development
3106,2817-LVCPP,0,development
3107,5038-ETMLM,0,development
3108,5056-FIMPT,0,holdout
3109,4521-WFJAI,0,development
3110,6569-KTMDU,0,development
3111,8809-RIHDD,1,holdout
3112,8809-XKHMD,0,development
3113,0396-YCHWO,0,development
3114,0867-LDTTC,0,development
3115,4822-NGOCH,1,development
3116,9391-DXGGG,0,development
3117,9844-FELAJ,0,development
3118,2122-SZZZD,0,development
3119,5307-DZCVC,1,development
3120,3148-AOIQT,0,development
3121,8679-JOEVF,1,holdout
3122,8395-ETZKQ,0,development
3123,6692-YQHXC,0,development
3124,3889-VWBID,0,development
3125,5222-JCXZT,0,holdout
3126,9754-CLVZW,0,development
3127,1432-FPAXX,1,holdout
3128,2739-CCZMB,0,development
3129,7080-TNUWP,0,development
3130,0496-AHOOK,0,development
3131,8336-TAVKX,0,development
3132,2468-SJFLM,0,development
3133,3181-VTHOE,0,development
3134,7168-HDQHG,0,development
3135,4803-AXVYP,1,development
3136,3884-HCSWG,1,development
3137,4567-AKPIA,0,development
3138,5077-DXTCG,1,development
3139,1142-WACZW,1,development
3140,7901-HXJVA,0,development
3141,5649-ANRML,1,development
3142,4892-VLANZ,1,development
3143,5924-IFQTT,0,development
3144,7968-QUXNS,0,development
3145,2919-HBCJO,1,development
3146,4236-XPXAV,1,development
3147,8903-WMRNW,0,development
3148,2452-SNHFZ,0,development
3149,3629-WEAAM,0,development
3150,6029-CSMJE,0,development
3151,7993-NQLJE,0,holdout
3152,9909-DFRJA,0,development
3153,9099-FTUHS,0,development
3154,0581-BXBUB,0,development
3155,4962-CHQPW,0,development
3156,9467-ROOLM,0,holdout
3157,3030-YZADT,1,development
3158,7410-KTVFV,1,development
3159,5150-ITWWB,0,development
3160,2253-KPMNB,0,development
3161,1345-ZUKID,0,development
3162,6429-SHBCB,0,holdout
3163,9281-OFDMF,0,development
3164,2603-HVKCG,0,development
3165,1834-WULEG,0,holdout
3166,9097-ZUBYC,0,development
3167,5148-ORICT,0,development
3168,4893-GYUJU,0,development
3169,4578-PHJYZ,0,holdout
3170,7272-QDCKA,0,holdout
3171,8908-SLFCJ,0,development
3172,8393-DLHGA,1,development
3173,9766-HGEDE,0,development
3174,6968-MHOMU,0,development
3175,7395-IGJOS,1,development
3176,5044-XDPYX,0,development
3177,1814-WFGVS,0,holdout
3178,2834-SPCJV,1,holdout
3179,3721-WKIIL,0,development
3180,6734-CKRSM,0,development
3181,1265-ZFOSD,0,development
3182,6568-POCUI,0,development
3183,7890-VYYWG,1,development
3184,5197-LQXXH,0,holdout
3185,9907-SWKKF,1,holdout
3186,3457-PQBYH,0,development
3187,7682-AZNDK,0,development
3188,0587-DMGBH,1,development
3189,5384-ZTTWP,0,holdout
3190,3745-HRPHI,0,holdout
3191,7636-OWBPG,0,development
3192,1231-YNDEK,0,holdout
3193,1407-DIGZV,0,development
3194,6397-JNZZG,1,development
3195,0570-BFQHT,0,development
3196,4393-OBCRR,0,holdout
3197,3523-QRQLL,1,holdout
3198,8564-LDKFL,0,development
3199,3696-DFHHB,0,development
3200,0895-DQHEW,1,holdout
3201,4717-GHADL,0,development
3202,5501-TVMGM,0,development
3203,5879-HMFFH,0,development
3204,6772-WFQRD,0,development
3205,3810-DVDQQ,0,development
3206,6972-SNKKW,0,development
3207,3694-GLTJM,0,development
3208,8550-XSXUQ,0,development
3209,8149-RSOUN,1,holdout
3210,9055-MOJJJ,0,holdout
3211,4359-INNWN,0,holdout
3212,0585-EGDDA,0,development
3213,4032-RMHCI,0,development
3214,0549-CYCQN,0,development
3215,3481-JHUZH,0,development
3216,7250-EQKIY,1,development
3217,3594-IVHJZ,0,development
3218,6869-FGJJC,0,development
3219,3896-ZVNET,0,development
3220,8205-VSLRB,0,development
3221,5960-MVTUK,0,development
3222,6817-WTYHE,0,development
3223,3082-VQXNH,0,development
3224,4013-UBXWQ,1,development
3225,4931-TRZWN,0,development
3226,0750-EKNGL,0,development
3227,7669-LCRSD,0,development
3228,3567-PQTSO,0,development
3229,5519-NPHVG,1,development
3230,8043-PNYSD,0,development
3231,9938-EKRGF,0,development
3232,2703-AMTUL,0,development
3233,0928-JMXNP,0,development
3234,8173-RXAYP,0,development
3235,4825-XJGDM,0,development
3236,5402-HTOTQ,0,development
3237,6734-JDTTV,0,development
3238,7850-THJMU,0,development
3239,3890-RTCMS,0,development
3240,8849-GYOKR,1,development
3241,3148-BLQJT,1,development
3242,3717-FDJFU,0,development
3243,3665-JATSN,0,development
3244,7966-YOTQW,0,development
3245,0461-CVKMU,1,development
3246,8806-EAGWC,1,development
3247,8853-TZDGH,0,development
3248,7779-LGOVN,1,development
3249,4324-BZCKL,0,development
3250,6924-TDGMT,0,development
3251,9710-ZUSHQ,1,development
3252,1536-YHDOE,0,development
3253,8123-QBNAZ,0,development
3254,3629-ZNKXA,0,development
3255,4827-LTQRJ,0,holdout
3256,7711-YIJWC,0,holdout
3257,5482-VXSXJ,0,development
3258,7365-BVCJH,0,development
3259,9620-ENEJV,0,development
3260,4183-WCSEP,1,development
3261,2378-YIZKA,0,holdout
3262,5498-TXHLF,1,development
3263,0689-DSXGL,0,development
3264,6818-DJXAA,0,holdout
3265,9722-UJOJR,1,holdout
3266,0464-WJTKO,0,development
3267,8902-ZEOVF,0,development
3268,6778-EICRF,0,holdout
3269,2662-NNTDK,0,development
3270,4132-KALRO,0,development
3271,3902-FOIGH,1,development
3272,6772-KSATR,1,development
3273,7112-OPOTK,1,development
3274,2874-YXVVA,0,holdout
3275,1245-HARPS,0,development
3276,4210-QFJMF,1,development
3277,4323-ELYYB,0,development
3278,4293-ETKAP,0,development
3279,6064-PUPMC,0,holdout
3280,6504-VBLFL,0,development
3281,6322-PJJDJ,0,development
3282,0330-BGYZE,0,holdout
3283,1085-LDWAM,0,development
3284,7586-ZATGZ,0,development
3285,7197-VOJMM,0,holdout
3286,3318-OSATS,1,development
3287,5828-AVIPD,1,development
3288,1843-TLSGD,0,development
3289,9626-VFRGG,0,development
3290,7075-BNDVQ,0,development
3291,9143-CANJF,0,development
3292,7284-BUYEC,0,development
3293,2041-JIJCI,0,development
3294,1086-LXKFY,1,holdout
3295,4900-MSOMT,0,development
3296,2229-VWQJH,0,holdout
3297,9194-GFVOI,0,development
3298,1336-EZFZY,0,holdout
3299,4282-MSACW,0,development
3300,1403-LKLIK,0,development
3301,2636-ALXXZ,1,development
3302,7774-OJSXI,1,holdout
3303,7786-WBJYI,1,development
3304,0136-IFMYD,0,development
3305,5144-TVGLP,0,development
3306,9643-AVVWI,0,development
3307,0253-ZTEOB,0,development
3308,2706-QZIHY,0,development
3309,6061-PQHMK,0,development
3310,9885-CSMWE,1,development
3311,6137-MFAJN,0,holdout
3312,9122-UMROB,0,development
3313,4232-JGKIY,0,development
3314,2402-TAIRZ,0,development
3315,9659-ZTWSM,0,development
3316,9139-TWBAS,0,development
3317,6685-GBWJZ,0,development
3318,5016-ETTFF,1,development
3319,3866-MDTUB,1,development
3320,2195-VVRJF,0,development
3321,3913-RDSJZ,0,development
3322,8058-JMEQO,1,holdout
3323,4203-QGNZA,0,development
3324,5043-TRZWM,0,development
3325,0697-ZMSWS,1,development
3326,7657-DYEPJ,1,development
3327,9494-BDNNC,0,development
3328,1640-PLFMP,0,development
3329,5366-OBVMR,0,development
3330,8276-MQBYC,1,holdout
3331,7644-OMVMY,0,holdout
3332,7593-XFKDI,1,development
3333,4573-JKNAE,0,development
3334,0337-CNPZE,1,development
3335,9817-APLHW,0,development
3336,8380-MQINP,0,holdout
3337,0840-DFEZH,0,development
3338,1513-XNPPH,1,development
3339,8690-ZVLCL,0,development
3340,6015-VVHHE,1,development
3341,1125-SNVCK,0,development
3342,0384-LPITE,0,development
3343,4616-EWBNJ,0,development
3344,6347-DCUIK,1,development
3345,1335-HQMKX,0,development
3346,2545-EBUPK,0,holdout
3347,6923-AQONU,0,development
3348,2172-EJXVF,0,holdout
3349,0897-FEGMU,1,development
3350,7663-RGWBC,1,development
3351,1120-BMWUB,1,development
3352,9124-LHCJQ,1,holdout
3353,4536-PLEQY,0,development
3354,7029-IJEJK,0,development
3355,8871-JLMHM,0,development
3356,2235-ZGKPT,1,development
3357,3891-PUQOD,1,development
3358,5447-VYTKW,0,development
3359,3623-FQBOX,0,holdout
3360,0689-NKYLF,1,holdout
3361,8659-HDIYE,0,development
3362,3658-KIBGF,1,development
3363,3474-BAFSJ,0,development
3364,5519-YLDGW,1,development
3365,3865-ZFZIB,0,development
3366,1855-AGAWH,0,development
3367,7109-CQYUZ,0,holdout
3368,1370-GGAWX,0,development
3369,4680-KUTAJ,0,development
3370,5307-UVGNB,0,holdout
3371,4946-EDSEW,1,holdout
3372,2883-ILGWO,0,development
3373,2516-VQRRV,1,development
3374,7580-UGXNC,1,development
3375,3642-BYHDO,0,holdout
3376,9629-NHXFW,0,development
3377,2696-RZVZW,0,development
3378,5766-FTRTS,0,holdout
3379,0396-HUJBP,0,development
3380,5178-LMXOP,1,development
3381,8879-ZKJOF,0,development
3382,6285-FTQBF,0,development
3383,8185-UPYBR,1,development
3384,4585-HETAI,1,development
3385,7526-BEZQB,1,development
3386,1474-JUWSM,0,development
3387,3530-CRZSB,0,development
3388,8498-XXGWA,0,development
3389,9617-INGJY,0,development
3390,0621-TSSMU,0,development
3391,7234-KMNRQ,0,development
3392,7636-PEPNS,0,development
3393,4683-WYDOU,0,holdout
3394,9052-DHNKM,0,development
3395,6794-HKIAJ,0,development
3396,5578-NKCXI,0,development
3397,1642-HMARX,0,development
3398,3096-WPXBT,0,development
3399,8434-PNQZX,0,development
3400,5950-AAAGJ,0,holdout
3401,4299-OPXEJ,0,development
3402,4951-UKAAQ,1,holdout
3403,9618-LFJRU,0,development
3404,6693-DJWTY,0,development
3405,0744-GKNGE,0,development
3406,6447-EGDIV,0,development
3407,1167-OYZJF,0,development
3408,2108-YKQTY,1,development
3409,4806-DXQCE,0,development
3410,4918-QLLIW,1,development
3411,7056-IMHCC,1,development
3412,4854-SSLTN,0,development
3413,5294-DMSFH,0,development
3414,4837-PZTIC,0,holdout
3415,1625-JAIIY,1,holdout
3416,0603-OLQDC,0,development
3417,3272-VUHPV,0,development
3418,4176-FXYBO,0,development
3419,1063-DHQJF,0,development
3420,8663-UPDGF,0,holdout
3421,6719-FGEDO,0,development
3422,1837-YQUCE,0,development
3423,2947-DOMLJ,1,development
3424,4112-LUEIZ,1,development
3425,0369-ZGOVK,0,development
3426,4510-HIMLV,1,development
3427,9919-KNPOO,0,development
3428,8749-JMNKX,1,development
3429,7872-BAAZR,0,development
3430,9391-LMANN,0,development
3431,2430-USGXP,1,development
3432,8174-TBVCF,0,development
3433,1698-XFZCI,0,development
3434,1877-HKBQX,0,holdout
3435,4450-DLLMH,0,development
3436,0428-AXXLJ,0,holdout
3437,2746-DIJLO,0,development
3438,5955-ERIHD,1,development
3439,0917-EZOLA,1,development
3440,3508-VLHCZ,0,development
3441,4086-ATNFV,0,development
3442,0468-YRPXN,0,development
3443,5996-NRVXR,0,holdout
3444,3739-YBWAB,0,development
3445,7047-FWEYA,0,development
3446,2000-MPKCA,0,holdout
3447,9762-YAQAA,0,holdout
3448,5949-EBSQK,1,holdout
3449,5473-KHBPS,0,development
3450,0100-DUVFC,0,holdout
3451,5397-TUPSH,0,development
3452,8950-MTZNV,0,development
3453,0326-VDYXE,0,development
3454,6773-LQTVT,0,development
3455,7274-RTAPZ,1,development
3456,0436-TWFFZ,0,development
3457,8566-YPRGL,0,development
3458,0311-UNPFF,1,development
3459,6609-MXJHJ,0,holdout
3460,2669-OIDSD,0,development
3461,8400-WZICQ,0,development
3462,3834-XUIFC,1,holdout
3463,9576-SYUHJ,0,development
3464,0410-IPFTY,0,holdout
3465,2831-EBWRN,0,holdout
3466,9430-NKQLY,0,development
3467,8414-MYSHR,1,development
3468,0247-SLUJI,0,development
3469,9402-ORRAH,0,development
3470,6483-OATDN,0,holdout
3471,1293-HHSHJ,0,development
3472,4840-ORQXB,0,holdout
3473,7599-FKVXZ,1,holdout
3474,3982-DQLUS,0,development
3475,8610-ZIKJJ,0,holdout
3476,3756-VNWDH,0,development
3477,7801-KICAO,0,development
3478,7673-LPRNY,0,development
3479,8229-TNIQA,1,development
3480,6060-QBMGV,0,development
3481,7339-POGZN,0,development
3482,2828-SLQPF,0,development
3483,4465-VDKIQ,0,development
3484,2921-XWDJH,0,development
3485,6221-AVQYL,1,development
3486,2558-BUOZZ,0,development
3487,9257-AZMTZ,0,development
3488,0003-MKNFE,0,holdout
3489,0975-UYDTX,0,development
3490,7743-EXURX,1,development
3491,4682-BLBUC,0,development
3492,0975-VOOVL,0,development
3493,5968-VXZLG,0,development
3494,5569-KGJHX,1,development
3495,4988-IQIGL,1,development
3496,5201-FRKKS,0,development
3497,9799-CAYJJ,0,development
3498,7730-IUTDZ,1,development
3499,0426-TIRNE,1,development
3500,5443-SCMKX,0,development
3501,8295-KMENE,0,development
3502,6738-ISCBM,0,holdout
3503,9821-BESNZ,0,development
3504,3678-MNGZX,0,development
3505,1335-NTIUC,0,development
3506,2916-BQZLN,0,development
3507,4558-CGYCZ,0,development
3508,2368-GAKKQ,0,development
3509,8710-YGLWG,0,development
3510,3199-XGZCY,0,development
3511,3785-KTYSH,0,holdout
3512,6814-ZPWFQ,0,development
3513,4063-EIKNQ,0,development
3514,6993-YCOBK,0,development
3515,5206-HPJKM,0,holdout
3516,7587-RZNME,1,development
3517,0748-RDGGM,1,development
3518,8393-JMVMB,0,development
3519,5019-GQVCR,0,development
3520,6036-TTFYU,0,holdout
3521,2550-AEVRU,0,development
3522,0969-RGKCU,0,development
3523,0378-CJKPV,0,holdout
3524,4706-AXVKM,1,development
3525,5889-JTMUL,1,development
3526,9026-RNUJS,1,holdout
3527,3746-EUBYR,1,holdout
3528,2332-EFBJY,1,development
3529,2880-FPNAE,0,development
3530,1703-MGIAB,0,development
3531,4311-QTTAI,0,development
3532,9474-PHLYD,1,holdout
3533,4318-RAJVY,0,development
3534,2165-VOEGB,1,development
3535,3612-YUNGG,0,development
3536,2254-DLXRI,0,development
3537,5062-CJJKH,0,development
3538,9028-LIHRP,0,development
3539,2219-MVUSO,1,development
3540,1053-MXTTK,0,holdout
3541,1530-ZTDOZ,0,development
3542,1301-LOPVR,0,development
3543,0853-TWRVK,0,development
3544,8914-RBTSB,1,development
3545,6212-ATMLK,0,holdout
3546,8200-LGKSR,0,development
3547,1568-BEKZM,0,development
3548,0670-ANMUU,0,development
3549,6897-RWMUB,0,holdout
3550,0963-ZBDRN,1,development
3551,7594-RQHXR,1,development
3552,6999-CHVCF,0,development
3553,6134-KWTBV,0,development
3554,1077-HUUJM,0,development
3555,6331-EWIEB,1,holdout
3556,0895-LNKRC,0,development
3557,2045-BMBTJ,0,development
3558,8417-GSODA,0,development
3559,5171-EPLKN,0,development
3560,4452-QIIEB,0,development
3561,5998-VVEJY,1,development
3562,1624-NALOJ,1,development
3563,6741-EGCBI,0,development
3564,7820-ZYGNY,0,development
3565,4317-VTEOA,1,development
3566,9677-AVKED,0,development
3567,1670-SVOWZ,1,development
3568,2227-JRSJX,0,development
3569,9847-HNVGP,0,development
3570,6696-YDAYZ,0,development
3571,8980-WQFWL,0,development
3572,1730-ZMAME,0,holdout
3573,6506-EYCNH,0,development
3574,4634-JLRJT,0,development
3575,9501-UKKNL,0,holdout
3576,2560-QTSBS,0,development
3577,7541-YLXCL,1,development
3578,4795-WRNVT,0,development
3579,6080-TCMYC,0,development
3580,0260-ZDLGK,1,development
3581,7860-UXCRM,0,development
3582,6357-JJPQT,0,development
3583,2292-XQWSV,0,development
3584,9552-TGUZV,0,development
3585,5913-INRQV,0,holdout
3586,8722-NGNBH,1,development
3587,6210-KBBPI,1,development
3588,9643-YBLUR,0,development
3589,8734-FNWVH,0,holdout
3590,9447-YPTBX,0,development
3591,0133-BMFZO,1,holdout
3592,6128-CZOMY,1,development
3593,9540-JYROE,1,development
3594,9026-LHEVG,0,development
3595,2260-USTRB,1,development
3596,3656-TKRVZ,1,development
3597,7011-CVEUC,0,development
3598,6185-TASNN,0,development
3599,7925-PNRGI,0,development
3600,8623-TMRBY,1,development
3601,1552-CZCLL,0,holdout
3602,3038-PQIUY,0,development
3603,1501-SGHBW,1,development
3604,9313-CDOGY,0,holdout
3605,8148-BPLZQ,0,development
3606,2623-DRYAM,0,development
3607,9987-LUTYD,0,holdout
3608,3208-YPIOE,1,development
3609,4488-KQFDT,0,development
3610,2612-RANWT,1,development
3611,5693-PIPCS,0,development
3612,0491-KAPQG,0,development
3613,1925-LFCZZ,0,development
3614,8039-EQPIM,0,development
3615,6900-PXRMS,1,development
3616,8707-RMEZH,0,development
3617,3346-BRMIS,1,holdout
3618,3209-ZPKFI,0,development
3619,6479-VDGRK,0,development
3620,9373-WSLOY,0,development
3621,2933-FILNV,1,holdout
3622,3569-JFODW,0,development
3623,9819-FBNSV,0,development
3624,9544-PYPSJ,0,development
3625,1591-XWLGB,0,development
3626,0396-UKGAI,0,development
3627,3243-ZHOHY,0,holdout
3628,5186-EJEGL,0,holdout
3629,7527-QNRUS,0,development
3630,9986-BONCE,1,development
3631,2722-JMONI,1,development
3632,2203-GHNWN,0,development
3633,3878-AVSOQ,0,holdout
3634,3258-SYSWS,0,development
3635,5296-PSYVW,0,holdout
3636,6319-QSUSR,0,development
3637,4083-EUGRJ,1,development
3638,7579-OOPEC,1,development
3639,0512-FLFDW,0,development
3640,1771-OADNZ,1,holdout
3641,0487-CRLZF,0,development
3642,2107-FBPTK,0,development
3643,9451-WLYRI,0,development
3644,8219-VYBVI,0,development
3645,1991-VOPLL,0,holdout
3646,9738-QLWTP,0,development
3647,1016-DJTSV,0,development
3648,9419-IPPBE,0,holdout
3649,0174-QRVVY,0,development
3650,5699-BNCAS,0,development
3651,2900-PHPLN,0,development
3652,0612-RTZZA,1,holdout
3653,8106-GWQOK,0,development
3654,8751-EDEKA,0,development
3655,6878-GGDWG,0,development
3656,4039-PIMHX,0,development
3657,8450-LUGUK,0,development
3658,3604-WLABM,0,development
3659,0795-GMVQO,0,development
3660,2259-OUUSZ,0,development
3661,1142-IHLOO,0,holdout
3662,6410-LEFEN,1,holdout
3663,4633-MKHYU,0,development
3664,6257-RJOHI,0,development
3665,1545-JFUML,0,development
3666,3194-ORPIK,1,development
3667,7826-VVKWT,0,development
3668,1353-GHZOS,0,development
3669,2587-EKXTS,0,development
3670,5442-BXVND,0,holdout
3671,8816-VXNZD,1,holdout
3672,9378-FXTIZ,1,holdout
3673,1723-HKXJQ,1,development
3674,7825-GKXMW,1,development
3675,9753-OYLBX,0,development
3676,2364-UFROM,0,development
3677,6656-JWRQX,0,development
3678,6473-ULUHT,0,development
3679,1240-KNSEZ,1,holdout
3680,0836-SEYLU,1,development
3681,4433-JCGCG,1,holdout
3682,3716-BDVDB,1,development
3683,7688-AWMDX,0,holdout
3684,2842-BCQGE,0,development
3685,7244-QWYHG,0,holdout
3686,5899-MQZZL,1,development
3687,6849-OYAMU,1,development
3688,5312-UXESG,0,development
3689,9488-HGMJH,1,development
3690,6038-GCYEC,1,development
3691,2150-WLKUW,0,development
3692,7159-FVYPK,0,development
3693,7032-LMBHI,0,development
3694,1150-WFARN,1,development
3695,6088-BXMRG,0,development
3696,3144-AUDBS,1,holdout
3697,4821-SJHJV,0,holdout
3698,7346-MEDWM,0,development
3699,1137-DGOWI,0,development
3700,5616-PRTNT,1,development
3701,3812-LRZIR,0,development
3702,4818-QIUFN,1,development
3703,9483-GCPWE,0,development
3704,4227-OJHAL,0,development
3705,9220-CXRSC,0,development
3706,4993-JCRGJ,0,holdout
3707,9537-JALFH,0,holdout
3708,6698-OXETB,0,development
3709,2103-ZRXFN,0,development
3710,3724-BSCVH,0,holdout
3711,4877-TSOFF,0,development
3712,9209-NWPGU,0,development
3713,6961-VCPMC,1,development
3714,7306-YDSOI,0,development
3715,5288-AHOUP,0,holdout
3716,6688-UZPWD,1,development
3717,0655-YDGFJ,0,holdout
3718,8468-EHYJA,0,development
3719,6823-SIDFQ,0,holdout
3720,1097-FSPVW,0,development
3721,2839-RFSQE,1,holdout
3722,8328-SKJNO,0,holdout
3723,7010-ZMVBF,0,development
3724,5201-CBWYG,0,holdout
3725,0968-GSIKN,1,holdout
3726,1965-DDBWU,1,development
3727,9057-SIHCH,1,development
3728,6352-GIGGQ,0,development
3729,3635-QQRQD,0,development
3730,6771-XWBDM,1,development
3731,2897-DOVND,0,development
3732,3082-YVEKW,0,development
3733,0191-EQUUH,0,development
3734,7134-HBPBS,0,development
3735,3489-HHPFY,0,development
3736,2926-JEJJC,0,holdout
3737,8601-QACRS,1,holdout
3738,4950-BDEUX,0,holdout
3739,5789-LDFXO,0,development
3740,0508-OOLTO,0,holdout
3741,2984-TBYKU,0,development
3742,9822-WMWVG,0,development
3743,2391-SOORI,1,development
3744,9040-KZVWO,0,development
3745,2645-QTLMB,1,development
3746,4806-HIPDW,1,development
3747,1548-ARAGG,0,development
3748,6339-RZCBJ,0,development
3749,4424-TKOPW,1,development
3750,4415-WNGVR,0,development
3751,2522-AHJXR,0,development
3752,0412-UCCNP,0,development
3753,1816-FLZDK,0,development
3754,7096-UCLNH,0,development
3755,8443-ZRDBZ,1,holdout
3756,9136-ALYBR,1,development
3757,4615-PIVVU,0,development
3758,8885-QSQBX,0,development
3759,7479-NITWS,1,development
3760,8617-ENBDS,0,development
3761,9385-NXKDA,0,development
3762,0430-IHCDJ,0,holdout
3763,2959-MJHIC,1,development
3764,6674-KVJHG,0,development
3765,1814-DKOLC,0,development
3766,4201-JMNGR,1,holdout
3767,9351-HXDMR,0,development
3768,3537-HPKQT,0,development
3769,2129-ALKBS,0,development
3770,5821-MMEIL,0,development
3771,5960-WPXQM,1,development
3772,0684-AOSIH,1,holdout
3773,8260-NGFNY,1,development
3774,1309-XGFSN,0,development
3775,1866-RZZQS,1,development
3776,6968-URWQU,0,development
3777,4742-TXUEX,0,development
3778,9631-XEYKE,0,holdout
3779,8631-NBHFZ,1,development
3780,1335-MXCSE,0,holdout
3781,8873-TMKGR,0,development
3782,8800-JOOCF,0,development
3783,1469-LBJQJ,0,holdout
3784,4958-XCBDQ,1,development
3785,8337-UPOAQ,1,development
3786,0064-YIJGF,0,development
3787,2386-OWURY,0,development
3788,1725-IQNIY,1,development
3789,0310-VQXAM,0,development
3790,6598-RFFVI,1,development
3791,3453-RTHJQ,0,holdout
3792,6712-OAWRH,1,development
3793,6278-FEPBZ,0,development
3794,4280-DLSHD,0,development
3795,1508-DFXCU,0,development
3796,8614-VGMMV,1,development
3797,7868-BGSZA,0,development
3798,2800-QQUSO,0,development
3799,2930-UOTMB,1,development
3800,7973-DZRKH,0,development
3801,5914-DVBWJ,1,development
3802,7698-YFGEZ,0,development
3803,2533-QVMSK,1,development
3804,9773-PEQBZ,0,development
3805,8644-XLFBW,1,development
3806,0650-BWOZN,0,holdout
3807,8625-AZYZY,1,holdout
3808,7785-RDVIG,0,development
3809,9602-WCXPI,0,development
3810,2903-YYTBW,0,development
3811,3620-MWJNE,0,development
3812,8573-JGCZW,0,development
3813,6837-HAEVO,0,development
3814,6701-YVNQG,0,development
3815,9306-CPCBC,1,development
3816,4304-XUMGI,0,development
3817,9504-YAZWB,0,development
3818,8819-ZBYNA,0,holdout
3819,6174-NRBTZ,0,development
3820,9481-IEBZY,0,development
3821,1833-VGRUM,1,development
3822,6137-NICCO,0,development
3823,9065-ZCPQX,0,development
3824,6402-EJMWF,0,development
3825,3620-EHIMZ,0,development
3826,3213-VVOLG,0,development
3827,6870-ECSHE,0,development
3828,8747-UDCOI,0,development
3829,8374-XGEJJ,1,holdout
3830,2656-TABEH,1,development
3831,6946-LMSQS,1,holdout
3832,4626-OZDTJ,0,development
3833,9169-BSVIN,0,development
3834,2325-ZUSFD,1,development
3835,8194-PEEBY,0,development
3836,6872-HXFNF,0,development
3837,3932-CMDTD,1,development
3838,7714-YXSMB,0,development
3839,8387-UGUSU,0,holdout
3840,1080-BWSYE,0,development
3841,4039-HEUNW,1,development
3842,1194-HVAIF,0,development
3843,0812-WUPTB,1,development
3844,3594-UVONA,1,development
3845,0004-TLHLJ,1,development
3846,1767-TGTKO,0,holdout
3847,8439-LTUGF,0,development
3848,8805-JNRAZ,0,development
3849,5089-IFSDP,1,development
3850,6418-HNFED,0,development
3851,0206-OYVOC,0,development
3852,7291-CDTMJ,0,development
3853,7128-GGCNO,0,development
3854,0237-YFUTL,0,development
3855,7691-KGKGP,0,development
3856,6710-HSJRD,0,holdout
3857,3675-EQOZA,0,holdout
3858,0840-DCNZE,0,holdout
3859,1732-FEKLD,0,development
3860,9862-KJTYK,0,development
3861,0479-HMSWA,0,development
3862,5854-KSRBJ,0,development
3863,0365-BZUWY,0,holdout
3864,4817-VYYWS,1,development
3865,5701-SVCWR,0,development
3866,3129-AAQOU,0,development
3867,4922-CVPDX,0,development
3868,1396-QWFBJ,1,holdout
3869,1357-BIJKI,0,development
3870,1099-BTKWT,0,development
3871,5299-SJCZT,1,development
3872,2018-PZKMU,0,development
3873,7340-KEFQE,0,holdout
3874,4570-QHXHL,0,development
3875,2403-BCASL,1,development
3876,7392-YYPYJ,0,development
3877,2898-LSJGD,1,development
3878,2223-GDSHL,0,development
3879,7359-PTSXY,1,development
3880,9470-RTWDV,0,development
3881,2176-OSJUV,0,development
3882,9348-YVOMK,0,development
3883,8104-OSKWT,0,development
3884,4521-YEEHE,0,holdout
3885,4090-KPJIP,0,development
3886,3786-WOVKF,0,development
3887,4503-BDXBD,1,holdout
3888,6086-ESGRL,1,development
3889,2592-HODOV,0,development
3890,3886-CERTZ,1,development
3891,7995-ZHHNZ,0,development
3892,3824-RHKVR,0,development
3893,5816-SCGFC,0,development
3894,5989-AXPUC,0,holdout
3895,4979-HPRFL,0,development
3896,8590-OHDIW,0,development
3897,8015-IHCGW,0,development
3898,2332-TODQS,0,holdout
3899,9278-VZKCD,0,development
3900,8008-OTEZX,0,development
3901,2773-OVBPK,0,development
3902,5999-LCXAO,0,development
3903,5206-XZZQI,0,holdout
3904,4803-LBYPN,0,holdout
3905,5759-RCVCB,1,development
3906,6372-RFVNS,1,development
3907,2139-FQHLM,0,holdout
3908,8261-GWDBQ,0,holdout
3909,1093-YSWCA,0,development
3910,8938-UMKPI,1,holdout
3911,0991-BRRFB,1,development
3912,3882-IYOIJ,0,holdout
3913,8749-TZYEC,0,holdout
3914,1755-FZQEC,0,holdout
3915,3115-JPJDD,0,development
3916,5600-KTXFM,0,development
3917,3871-IKPYH,1,holdout
3918,6319-IEJWJ,1,development
3919,9025-AOMKI,1,development
3920,6339-TBELP,0,development
3921,7964-YESJC,0,development
3922,6173-GOLSU,0,holdout
3923,5275-SQEIZ,1,development
3924,7716-YTYHG,1,development
3925,9938-ZREHM,0,holdout
3926,7950-XWOVN,0,holdout
3927,4390-KYULV,1,development
3928,4647-MUZON,0,development
3929,9702-AIUJO,0,development
3930,8849-PRIQJ,0,holdout
3931,8851-RAGOV,0,development
3932,1304-NECVQ,1,development
3933,5396-IZEPB,0,development
3934,1729-VLAZJ,0,development
3935,8285-ABVLB,0,development
3936,0701-TJSEF,0,development
3937,5712-VBOXD,0,development
3938,6629-LADHQ,0,development
3939,8945-GRKHX,1,development
3940,1559-DTODC,0,development
3941,4797-MIWUM,0,development
3942,6959-UWKHF,1,development
3943,8720-RQSBJ,0,development
3944,4537-CIBHB,0,development
3945,3815-SLMEF,1,holdout
3946,5154-VEKBL,1,development
3947,4324-AHJKS,0,development
3948,4355-CVPVS,0,development
3949,4495-LHSSK,0,holdout
3950,5655-JSMZM,1,holdout
3951,5915-ANOEI,0,development
3952,9861-PDSZP,0,development
3953,4505-EXZHB,1,development
3954,7225-CBZPL,0,development
3955,6704-UTUKK,0,development
3956,4587-VVTOX,1,development
3957,2019-HDCZY,0,development
3958,4652-NNHNY,1,development
3959,8788-DOXSU,0,development
3960,7404-JLKQG,0,development
3961,7421-ZLUPA,0,development
3962,8972-HJWNV,1,development
3963,3274-NSDWE,0,development
3964,2632-IVXVF,0,development
3965,3692-JHONH,0,development
3966,8915-NNTRC,0,development
3967,5914-GXMDA,0,development
3968,7463-IFMQU,0,development
3969,2920-RNCEZ,0,development
3970,2541-YGPKE,0,development
3971,8515-OCTJS,1,development
3972,5382-TEMLV,0,development
3973,3441-CGZJH,0,development
3974,9592-ERDKV,0,development
3975,2860-RANUS,1,holdout
3976,5261-QSHQM,1,development
3977,4778-IZARL,0,holdout
3978,0432-CAJZV,0,holdout
3979,7008-LZVOZ,0,development
3980,8868-WOZGU,1,development
3981,1200-TUZHR,0,development
3982,9365-CSLBQ,0,development
3983,1334-FJSVR,1,development
3984,5884-FBCTL,0,development
3985,7130-CTCUS,0,development
3986,6242-FEGFD,0,development
3987,7625-XCQRH,1,development
3988,6194-HBGQN,0,development
3989,7634-WSWDB,0,development
3990,6986-IXNDM,0,development
3991,1731-TVIUK,1,development
3992,2987-BJXIK,0,holdout
3993,9769-TSBZE,0,development
3994,0406-BPDVR,1,development
3995,0618-XWMSS,1,development
3996,1395-WSWXR,0,development
3997,6023-GSSXW,0,holdout
3998,6752-APNJL,0,development
3999,5276-KQWHG,1,holdout
4000,0420-HLGXF,0,development
4001,7446-KQISO,0,development
4002,9823-EALYC,0,development
4003,0582-AVCLN,0,development
4004,5803-NQJZO,0,holdout
4005,2565-JSLRY,1,development
4006,2607-DHDAK,0,development
4007,1073-XXCZD,0,holdout
4008,0743-HRVFF,0,development
4009,4006-HKYHO,0,development
4010,3727-JEZTU,0,development
4011,8143-ETQTI,0,holdout
4012,6689-KXGBO,1,development
4013,9667-TKTVZ,0,development
4014,3657-COGMW,0,development
4015,8570-KLJYJ,0,development
4016,7754-IXRMC,0,holdout
4017,9473-CBZOP,0,development
4018,2969-WGHQO,0,holdout
4019,6615-NGGZJ,1,development
4020,4334-HOWRP,0,development
4021,4255-DDUOU,1,holdout
4022,5863-OOKCL,0,holdout
4023,1686-STUHN,0,development
4024,1329-VHWNP,0,development
4025,2984-MIIZL,1,development
4026,0266-GMEAO,0,development
4027,5590-YRFJT,1,development
4028,5574-NXZIU,0,development
4029,0019-GFNTW,0,development
4030,4256-ZWTZI,0,development
4031,8309-PPCED,0,development
4032,4098-NAUKP,0,development
4033,5196-WPYOW,0,development
4034,4608-LCIMN,0,development
4035,1485-YDHMM,0,development
4036,4054-CUMIA,0,development
4037,0603-TPMIB,0,development
4038,2525-GVKQU,0,development
4039,8161-QYMTT,0,development
4040,9581-GVBXT,0,development
4041,5862-BRIXZ,0,development
4042,5404-GGUKR,0,development
4043,3308-JSGML,0,development
4044,2126-GSEGL,0,holdout
4045,3677-TNKIO,1,development
4046,0440-QEXBZ,0,development
4047,2434-EEVDB,0,development
4048,6762-QVYJO,0,development
4049,6199-IWKGC,0,development
4050,2675-DHUTR,0,development
4051,8152-VETUR,0,development
4052,9667-EQRXU,1,development
4053,7446-YPODE,0,holdout
4054,9522-BNTHX,0,holdout
4055,4676-WLUHT,0,holdout
4056,3329-WDIOK,1,holdout
4057,7980-MHFLQ,0,holdout
4058,2873-ZLIWT,1,holdout
4059,3415-TAILE,1,development
4060,0757-WCUUZ,0,development
4061,1629-DQQVB,0,development
4062,1915-IOFGU,1,development
4063,3045-XETSH,1,development
4064,0374-AACSZ,0,development
4065,7239-HZZCX,1,holdout
4066,4872-VXRIL,0,development
4067,9140-CZQZZ,0,holdout
4068,3423-HHXAO,0,development
4069,9938-TKDGL,0,development
4070,0531-ZZJWQ,0,development
4071,6537-QLGEX,0,development
4072,2688-BHGOG,0,development
4073,7683-CBDKJ,1,development
4074,0946-CLJTI,1,holdout
4075,3160-TYXLT,0,development
4076,1325-USMEC,0,holdout
4077,0916-QOFDP,0,development
4078,0628-CNQRM,1,development
4079,5606-AMZBO,0,holdout
4080,6199-IPCAO,0,development
4081,7665-TOALD,1,development
4082,0112-QWPNC,1,development
4083,0324-BRPCJ,1,development
4084,2777-PHDEI,1,development
4085,5640-CAXOA,0,development
4086,2235-EZAIK,0,development
4087,3847-BAERP,0,development
4088,1196-AMORA,1,development
4089,4282-YMKNA,1,development
4090,1453-RZFON,0,development
4091,8263-OKETD,0,development
4092,0670-KDOMA,0,holdout
4093,2476-YGEFM,0,development
4094,8687-BAFGU,0,development
4095,0641-EVBOJ,0,development
4096,0829-XXPLX,0,development
4097,9974-JFBHQ,0,holdout
4098,5356-RHIPP,1,development
4099,6624-JDRDS,0,development
4100,0608-JDVEC,0,development
4101,9780-FKVVF,0,development
4102,1919-RTPQD,0,development
4103,5214-NLTIT,0,holdout
4104,3345-PBBFH,0,development
4105,5055-BRMNE,0,development
4106,9189-JWSHV,1,development
4107,2190-PHBHR,0,development
4108,2650-GYRYL,0,holdout
4109,0746-JTRFU,1,development
4110,5208-FVQKB,0,development
4111,7184-LRUUR,0,development
4112,6627-CFOSN,0,development
4113,3982-JGSFD,0,development
4114,1574-DYCWE,0,holdout
4115,7247-XOZPB,0,development
4116,2466-FCCPT,0,development
4117,6211-WWLTF,0,development
4118,4826-TZEVA,0,development
4119,6016-NXBNJ,0,development
4120,9138-EFSMO,0,development
4121,0576-WNXXC,1,development
4122,4632-XJMEX,0,development
4123,8910-LEDAG,0,development
4124,3452-GWUIN,0,holdout
4125,2716-GFZOR,0,development
4126,3724-UCSHY,0,development
4127,8626-XHBIE,0,development
4128,4628-CTTLA,1,development
4129,3192-LNKRK,0,development
4130,4439-YRNVD,0,development
4131,2876-VBBBL,1,holdout
4132,6834-NXDCA,1,holdout
4133,2208-UGTGR,0,development
4134,3005-TYFRD,0,development
4135,8670-MEFCP,0,development
4136,3079-BCHLN,0,development
4137,7777-UNYHB,0,development
4138,5597-GLBUC,1,development
4139,7278-CKDNC,0,development
4140,2748-MYRVK,1,development
4141,8450-UYIBU,0,development
4142,2969-VAPYH,0,development
4143,4822-YCXMX,1,holdout
4144,7181-OQCUT,0,holdout
4145,8474-UMLNT,0,development
4146,9821-POOTN,1,development
4147,3836-FZSDJ,0,development
4148,9142-XMYJH,0,development
4149,6559-ILWKJ,1,development
4150,0187-QSXOE,0,development
4151,7733-UDMTP,0,development
4152,2649-HWLYB,0,development
4153,5214-CHIWJ,0,development
4154,4229-CZMLL,1,development
4155,6904-JLBGY,0,holdout
4156,2465-BLLEU,0,development
4157,1685-VAYJF,0,development
4158,8874-EJNSR,0,holdout
4159,6917-YACBP,0,development
4160,5049-MUBWG,0,development
4161,4223-WOZCM,0,development
4162,0769-MURVM,0,development
4163,9253-VIFJQ,0,development
4164,7030-FZTFM,0,holdout
4165,9741-YLNTD,0,development
4166,5917-RYRMG,0,development
4167,5120-ZBLAI,0,development
4168,1194-BHJYC,0,development
4169,3663-MITLP,1,development
4170,0906-QVPMS,0,development
4171,9025-ZRPVR,1,holdout
4172,1905-OEILC,0,development
4173,7858-GTZSP,0,development
4174,3285-UCQVC,1,development
4175,6248-BSHKG,0,development
4176,4685-TFLLS,0,development
4177,3470-BTGQO,0,development
4178,1209-VFFOC,0,development
4179,8224-DWCKX,0,development
4180,5482-PLVPE,1,holdout
4181,4553-DVPZG,0,holdout
4182,4902-OHLSK,1,development
4183,6917-IAYHD,0,holdout
4184,0495-ZBNGW,1,development
4185,8620-RJPZN,0,development
4186,7572-KPVKK,0,development
4187,2642-MAWLJ,0,holdout
4188,2357-COQEK,1,development
4189,7103-ZGVNT,0,development
4190,3737-GCSPV,1,development
4191,2027-WKXMW,0,development
4192,7137-NAXML,0,development
4193,2428-ZMCTB,0,development
4194,2961-VNFKL,0,holdout
4195,1768-HNVGJ,0,development
4196,6963-KQYQB,0,holdout
4197,5934-RMPOV,0,development
4198,1207-BLKSA,0,development
4199,4088-YLDSU,1,holdout
4200,8316-BBQAY,0,development
4201,1166-PQLGG,0,development
4202,3146-JTQHR,0,development
4203,4291-YZODP,0,development
4204,4395-PZMSN,0,development
4205,6427-FEFIG,0,development
4206,0017-IUDMW,0,development
4207,8706-HRADD,0,development
4208,9955-QOPOY,0,development
4209,4385-ZKVNW,0,development
4210,5446-DKWYW,0,development
4211,2034-CGRHZ,1,development
4212,5797-APWZC,1,development
4213,3683-QKIUE,1,development
4214,4228-ZGYUW,1,development
4215,9031-ZVQPT,0,development
4216,2990-IAJSV,0,development
4217,8107-KNCIM,0,development
4218,9027-YFHQJ,0,development
4219,5176-LDKUH,0,holdout
4220,4644-OBGFZ,0,development
4221,7926-IJOOU,0,development
4222,6480-YAGIY,0,development
4223,4029-HPFVY,0,development
4224,7602-DBTOU,0,development
4225,5345-BMKWB,0,holdout
4226,3519-ZKXGG,1,holdout
4227,5457-COLHT,0,holdout
4228,6416-TVAIH,1,development
4229,5451-YHYPW,0,holdout
4230,5108-ADXWO,1,development
4231,7998-WNZEM,0,development
4232,3066-RRJIO,1,development
4233,4664-NJCMS,0,development
4234,0307-BCOPK,0,development
4235,7629-WFGLW,0,development
4236,2542-HYGIQ,0,development
4237,6715-OFDBP,1,development
4238,5016-LIPDW,0,development
4239,6481-LXPWL,0,development
4240,1567-DSCIC,1,development
4241,2150-UWTFY,1,development
4242,6124-ACRHJ,0,development
4243,9362-MWODR,0,development
4244,9975-GPKZU,0,holdout
4245,9625-RZFUK,0,holdout
4246,5153-LXKDT,0,development
4247,5161-UBZXI,0,development
4248,1020-JPQOW,0,holdout
4249,7919-ZODZZ,0,development
4250,0565-JUPYD,0,development
4251,6867-ACCZI,0,development
4252,5939-XAIXZ,0,development
4253,9054-FOWNV,0,development
4254,2683-BPJSO,1,holdout
4255,2157-MXBJS,1,holdout
4256,8207-VVMYB,0,development
4257,9732-EQMWY,0,development
4258,9360-AHGNL,1,holdout
4259,1087-UDSIH,1,development
4260,5269-NRGDP,0,development
4261,6195-MELTI,0,development
4262,5485-WUYWF,1,holdout
4263,2121-JAFOM,0,development
4264,8818-DOPVL,0,holdout
4265,2632-UCGVD,1,development
4266,5445-PZWGX,1,development
4267,1227-UDMZR,0,development
4268,5198-HQAEN,0,development
4269,9170-CCKOU,1,development
4270,2167-FQSTQ,0,development
4271,2819-GWENI,0,development
4272,1043-YCUTE,1,development
4273,3814-MLAXC,1,development
4274,3572-UUHRS,0,development
4275,2692-PFYTJ,0,development
4276,1226-UDFZR,1,holdout
4277,5955-EPOAZ,0,development
4278,6821-JPCDC,0,development
4279,8815-LMFLX,0,development
4280,9135-HSWOC,0,holdout
4281,8582-KRHPJ,0,development
4282,5811-IWXYM,0,development
4283,7044-YAACC,0,development
4284,8189-XRIKE,0,development
4285,1506-YJTYT,0,development
4286,4123-DVHPH,0,development
4287,6425-YQLLO,1,holdout
4288,5442-UTCVD,1,development
4289,2228-BZDEE,0,development
4290,7734-DBOAI,1,development
4291,2789-CZANW,0,holdout
4292,2091-RFFBA,1,holdout
4293,2114-MGINA,1,development
4294,7596-LDUXP,0,development
4295,3740-RLMVT,0,development
4296,4489-SNOJF,1,development
4297,2192-OZITF,0,development
4298,5651-CPDND,0,development
4299,2186-QZEYA,0,holdout
4300,1131-ALZWV,0,development
4301,7729-XBTWX,0,development
4302,9134-WYRVP,0,development
4303,3284-SVCRO,0,development
4304,9732-OUYRN,0,development
4305,0559-CKHUS,0,holdout
4306,2931-SVLTV,0,development
4307,6899-PPEEA,1,holdout
4308,7504-UWHNB,0,development
4309,2582-FFFZR,0,development
4310,8908-NMQTX,0,development
4311,2187-LZGPL,1,holdout
4312,1431-AIDJQ,0,holdout
4313,6288-LBEAR,0,holdout
4314,4597-NUCQV,1,development
4315,9019-QVLZD,1,development
4316,8413-YNHNV,0,development
4317,5808-TOTXO,0,development
4318,4369-NYSCF,0,development
4319,6333-YDVLT,0,development
4320,5324-KTGCG,0,development
4321,5599-HVLTW,0,development
4322,7394-LWLYN,0,development
4323,3707-LRWZD,1,development
4324,6873-UDNLD,0,holdout
4325,2700-LUEVA,0,development
4326,1455-ESIQH,1,development
4327,0958-YHXGP,0,development
4328,1101-SSWAG,0,development
4329,2979-SXESE,1,development
4330,4013-TLDHQ,1,development
4331,5743-KHMNA,0,development
4332,4194-FJARJ,0,holdout
4333,5325-UWTWJ,0,development
4334,3969-GYXEL,0,holdout
4335,9208-OLGAQ,0,development
4336,3244-CQPHU,0,development
4337,2674-MLXMN,0,development
4338,9708-HPXWZ,0,development
4339,6992-TKNYO,0,development
4340,4468-YDOVK,0,development
4341,3754-DXMRT,1,development
4342,5792-JALQC,0,development
4343,7130-VTEWQ,1,development
4344,2200-DSAAL,0,holdout
4345,4302-ZYFEL,0,development
4346,9351-LZYGF,0,holdout
4347,4366-CTOUZ,0,development
4348,6121-VZNQB,1,development
4349,7903-CMPEY,1,development
4350,1518-OMDIK,0,development
4351,6671-NGWON,0,development
4352,0595-ITUDF,0,holdout
4353,6996-KNSML,1,holdout
4354,1955-IBMMB,0,development
4355,0096-BXERS,0,development
4356,3806-YAZOV,0,holdout
4357,7998-ZLXWN,0,development
4358,6253-WRFHY,0,development
4359,9133-AYJZG,0,development
4360,2675-OTVVJ,0,holdout
4361,8680-CGLTP,0,development
4362,8430-TWCBX,0,development
4363,5018-GWURO,0,development
4364,6741-QRLUP,0,development
4365,4737-HOBAX,0,development
4366,0537-QYZZN,0,development
4367,3340-QBBFM,0,development
4368,1704-NRWYE,1,development
4369,2592-SEIFQ,1,development
4370,8200-KLNYW,0,development
4371,3372-CDXFJ,0,development
4372,4781-ZXYGU,0,development
4373,7632-YUTXB,0,development
4374,2718-YSKCS,0,development
4375,9896-UYMIE,0,development
4376,0853-NWIFK,0,development
4377,8212-CRQXP,0,development
4378,6980-CDGFC,0,holdout
4379,7691-XVTZH,0,development
4380,2520-SGTTA,0,development
4381,7481-ATQQS,1,development
4382,2277-VWCNI,0,development
4383,1088-CNNKB,0,development
4384,8642-GVWRF,1,development
4385,1930-BZLHI,0,development
4386,3400-ESFUW,1,holdout
4387,5868-YTYKS,0,development
4388,3525-DVKFN,0,development
4389,1482-OXZSY,0,development
4390,0377-JBKKT,0,development
4391,5778-BVOFB,0,development
4392,3373-YZZYM,0,holdout
4393,2057-ZBLPD,1,holdout
4394,0228-MAUWC,0,development
4395,5502-RLUYV,1,holdout
4396,0023-HGHWL,1,holdout
4397,7663-YJHSN,0,development
4398,4915-BFSXL,0,development
4399,3086-RUCRN,0,development
4400,5215-LNLDJ,0,development
4401,7576-JMYWV,0,holdout
4402,9039-RBEEE,1,development
4403,0257-KXZGU,0,development
4404,1307-ATKGB,0,development
4405,8417-FMLZI,1,development
4406,3714-XPXBW,0,holdout
4407,1850-AKQEP,0,development
4408,2824-DXNKN,0,development
4409,5227-JSCFE,0,development
4410,0848-ZGQIJ,0,development
4411,3621-CHYVB,0,development
4412,8042-RNLKO,0,development
4413,1792-UXAFY,1,development
4414,5372-FBKBN,0,development
4415,0420-TXVSG,0,development
4416,6217-TOWGS,0,development
4417,0515-YPMCW,1,development
4418,0378-XSZPU,1,development
4419,1045-LTCYT,0,development
4420,1544-JJMYL,0,development
4421,4636-JGAAI,0,development
4422,6874-SGLHU,0,development
4423,5951-AOFIH,0,development
4424,4729-XKASR,1,holdout
4425,3059-NGMXB,0,development
4426,8652-YHIYU,0,development
4427,5278-PNYOX,0,development
4428,5449-FIBXJ,1,holdout
4429,3486-HOOGQ,0,development
4430,5061-PBXFW,0,development
4431,8630-FJLIB,0,development
4432,3891-NLXJB,0,development
4433,4749-OJKQU,0,development
4434,0577-WHMEV,0,development
4435,5453-AXEPF,0,development
4436,3639-XJHKQ,0,development
4437,3716-LRGXK,0,development
4438,2263-SFSQZ,0,development
4439,9950-MTGYX,0,development
4440,3397-AVTKU,0,holdout
4441,4825-FUREZ,0,development
4442,9837-BMCLM,1,development
4443,2672-OJQZP,0,development
4444,0137-UDEUO,1,development
4445,3134-DSHVC,0,development
4446,6161-UUUTA,1,holdout
4447,7821-DPRQE,0,development
4448,6543-XRMYR,1,development
4449,2001-EWBQU,0,development
4450,4925-LMHOK,1,development
4451,1608-GMEWB,0,development
4452,6695-AMZUF,0,development
4453,1455-UGQVH,1,development
4454,8410-BGQXN,0,development
4455,8280-MQRQN,1,development
4456,1619-YWUBB,0,development
4457,7611-YKYTC,0,holdout
4458,2037-SGXHH,1,holdout
4459,3178-FESZO,1,development
4460,0365-GXEZS,0,development
4461,0082-OQIQY,0,development
4462,6087-MVHJH,1,development
4463,4603-JANFB,1,development
4464,3018-TFTSU,1,development
4465,3606-SBKRY,0,holdout
4466,4806-KEXQR,1,development
4467,0667-NSRGI,0,development
4468,7083-YNSKY,1,development
4469,6893-ODYYE,0,development
4470,8242-JSVBO,0,holdout
4471,2479-BRAMR,1,development
4472,9541-ZPSEA,0,development
4473,2665-NPTGL,0,holdout
4474,1139-WUOAH,0,development
4475,4693-VWVBO,0,development
4476,7434-SHXLS,1,development
4477,6937-GCDGQ,0,development
4478,0988-JRWWP,0,development
4479,5075-JSDKI,0,development
4480,7908-QCBCA,1,development
4481,8644-XYTSV,0,development
4482,6711-FLDFB,1,development
4483,3873-WOSBC,0,development
4484,7465-ZZRVX,0,development
4485,7975-JMZNT,0,development
4486,7251-XFOIL,0,development
4487,4116-IQRFR,0,development
4488,3714-JTVOV,1,development
4489,8259-DZLIZ,0,development
4490,0442-ZXKVS,0,development
4491,7853-WNZSY,0,development
4492,3120-FAZKD,0,development
4493,8606-OEGQZ,0,development
4494,0225-ZORZP,0,development
4495,4702-IOQDC,1,development
4496,9489-JMTTN,0,development
4497,0575-CUQOV,0,development
4498,0967-BMLBD,0,development
4499,6178-KFNHS,1,development
4500,2830-LEWOA,0,development
4501,5006-MXVRN,0,holdout
4502,1264-BYWMS,1,development
4503,9658-WYUFB,1,development
4504,8327-WKMIE,0,development
4505,6917-FIJHC,0,development
4506,5329-KRDTM,0,holdout
4507,7797-EJMDP,0,development
4508,3530-VWVGU,0,development
4509,2013-SGDXK,1,development
4510,6368-NWMCE,0,development
4511,3633-CDBUW,0,development
4512,0707-HOVVN,0,development
4513,8580-QVLOC,1,development
4514,3956-MGXOG,0,development
4515,9274-UARKJ,0,development
4516,4077-HWUYD,0,development
4517,2012-NWRPA,1,development
4518,8808-ELEHO,1,development
4519,0103-CSITQ,0,holdout
4520,3506-LCJDC,1,holdout
4521,8671-KKKOS,0,development
4522,7305-ZWMAJ,0,development
4523,9518-XXBXE,0,holdout
4524,3934-HXCFZ,1,holdout
4525,6578-KRMAW,0,development
4526,4860-IJUDE,0,development
4527,7666-WKRON,1,development
4528,9688-YGXVR,0,development
4529,0423-UDIJQ,0,development
4530,1945-XISKS,0,development
4531,4910-AQFFX,1,development
4532,2154-KVJFF,1,development
4533,5360-LJCNJ,0,development
4534,2607-FBDFF,0,holdout
4535,9647-ERGBE,1,holdout
4536,3428-XZMAZ,1,development
4537,1100-DDVRV,0,holdout
4538,0378-TOVMS,1,development
4539,4355-HBJHH,1,development
4540,6728-WYQBC,0,development
4541,9058-CBREO,1,holdout
4542,9029-FEGVJ,0,development
4543,7216-KAOID,0,holdout
4544,0318-QUUOB,1,development
4545,6145-NNPNO,0,development
4546,5520-FVEWJ,1,development
4547,5339-TJFEK,0,development
4548,5572-ZDXHY,1,holdout
4549,2074-GUHPQ,0,development
4550,4625-XMOYM,0,development
4551,5827-MWCZK,0,development
4552,1385-TQOZW,0,holdout
4553,5914-XRFQB,0,development
4554,4329-YPDDQ,0,development
4555,4804-NCPET,0,development
4556,3750-CKVKH,1,development
4557,5944-UGLLK,0,development
4558,8063-GBATB,1,holdout
4559,7787-BNTZM,0,development
4560,2252-ISRNH,0,development
4561,9415-TPKRV,0,development
4562,5322-TEUJK,0,development
4563,4547-KQRTM,1,development
4564,4877-EVATK,1,development
4565,1866-DIOQZ,0,development
4566,8375-KVTHK,0,holdout
4567,2697-NQBPF,0,development
4568,3709-OIJEA,0,development
4569,7639-SUPCW,1,development
4570,1386-ZIKUV,0,development
4571,0599-XNYDO,0,development
4572,6377-WHAOX,0,development
4573,6855-VLGOS,0,development
4574,8999-XXGNS,0,development
4575,8746-OQQRW,0,development
4576,3181-MIZBN,0,development
4577,0471-ARVMX,0,development
4578,7766-CLTIC,0,development
4579,5650-YLIBA,0,holdout
4580,0825-CPPQH,0,development
4581,9084-OAYKL,0,development
4582,6122-LJADA,0,development
4583,2400-XIWIO,0,holdout
4584,7524-VRLPL,0,holdout
4585,1069-XAIEM,1,development
4586,7569-NMZYQ,0,development
4587,5201-USSQZ,0,holdout
4588,2105-PHWON,0,development
4589,1494-EJZDW,0,development
4590,4884-TVUQF,0,holdout
4591,8003-EWNDZ,0,development
4592,1897-RCFUM,0,development
4593,9256-JTBNZ,0,holdout
4594,4658-HCOHW,1,development
4595,2211-RMNHO,0,development
4596,2432-TFSMK,0,development
4597,3440-JPSCL,1,development
4598,4929-ROART,0,development
4599,1834-ABKHQ,0,development
4600,1741-WTPON,0,development
4601,3932-IJWDZ,0,development
4602,1240-HCBOH,0,development
4603,3594-KADLU,0,development
4604,8065-BVEPF,0,development
4605,3796-ENZGF,0,development
4606,1734-ZMNTZ,0,development
4607,2853-CWQFQ,0,holdout
4608,0813-TAXXS,0,development
4609,2519-TWKFS,0,development
4610,2889-FPWRM,1,development
4611,0626-QXNGV,0,development
4612,6723-CEGQI,0,development
4613,6987-XQSJT,1,development
4614,4732-RRJZC,0,development
4615,9499-XPZXM,0,development
4616,4338-EYCER,0,development
4617,3007-FDPEA,0,development
4618,6350-XFYGW,0,development
4619,4290-BSXUX,1,development
4620,8513-OLYGY,0,development
4621,0311-QYWSS,0,holdout
4622,8705-DWKTI,0,development
4623,8755-IWJHN,0,development
4624,0325-XBFAC,1,holdout
4625,4480-QQRHC,0,development
4626,0929-PECLO,0,development
4627,3680-CTHUH,0,development
4628,1202-KKGFU,0,development
4629,6112-KTHFQ,0,development
4630,1852-XEMDW,0,development
4631,2462-XIIJB,1,development
4632,4760-XOHVN,1,development
4633,1820-DJFPH,0,development
4634,9426-SXNHE,0,holdout
4635,9068-FHQHD,0,development
4636,1269-FOYWN,0,development
4637,9470-YFUYI,0,development
4638,7817-BOQPW,1,development
4639,7402-EYFXX,0,development
4640,1853-UDXBW,1,development
4641,9895-VFOXH,0,development
4642,5458-CQJTA,1,development
4643,1230-QAJDW,0,development
4644,5701-ZIKJE,0,holdout
4645,5219-YIPTK,1,development
4646,5032-MIYKT,0,development
4647,7396-VJUZB,0,development
4648,9717-QEBGU,0,development
4649,5172-RKOCB,0,holdout
4650,6509-TSGWN,0,holdout
4651,3540-RZJYU,1,holdout
4652,3178-CIFOT,0,development
4653,2091-MJTFX,1,development
4654,4530-NDRKU,0,development
4655,5985-TBABQ,0,development
4656,9800-ONTFE,0,development
4657,6743-HHQPF,0,holdout
4658,8455-HIRAQ,0,development
4659,6616-AALSR,0,development
4660,0883-EIBTI,1,development
4661,9415-ZNBSX,0,development
4662,4018-KJYUY,0,development
4663,0722-TROQR,1,development
4664,7571-YXDAD,1,development
4665,3884-UEBXB,0,holdout
4666,8780-RSYYU,0,development
4667,5537-UXXVS,0,holdout
4668,1791-PQHBB,0,development
4669,8701-DGLVH,0,holdout
4670,8741-LQOBK,0,development
4671,3393-FMZPV,1,development
4672,8082-GHXOP,0,development
4673,6402-ZFPPI,1,development
4674,0980-FEXWF,0,holdout
4675,7486-KSRVI,1,development
4676,3011-WQKSZ,0,development
4677,8443-WVPSS,1,development
4678,3006-XIMLN,1,holdout
4679,8218-FFJDS,0,development
4680,1986-PHGZF,0,development
4681,9965-YOKZB,1,holdout
4682,0504-HHAPI,1,holdout
4683,9360-OMDZZ,0,holdout
4684,6305-YLBMM,1,holdout
4685,0345-XMMUG,0,development
4686,8024-XNAFQ,0,development
4687,3647-GMGDH,1,development
4688,2988-GBIVW,0,development
4689,2832-SCUCO,0,development
4690,7036-ZZKBD,0,development
4691,3791-LGQCY,1,holdout
4692,0265-PSUAE,0,development
4693,0463-TXOAK,0,development
4694,0594-UFTUL,0,holdout
4695,9509-MPYOD,0,development
4696,9128-CPXKI,0,development
4697,0129-KPTWJ,0,development
4698,8166-ZZTFS,1,development
4699,5855-EIBDE,0,holdout
4700,5365-LLFYV,0,holdout
4701,5956-YHHRX,0,development
4702,6008-NAIXK,0,holdout
4703,2956-GGUCQ,1,development
4704,1928-BXYIV,0,holdout
4705,5760-FXFVO,0,development
4706,6595-COKXZ,1,development
4707,0961-ZWLVI,0,development
4708,5181-OABFK,0,development
4709,4007-NHVHI,0,development
4710,7816-VGHTO,0,development
4711,5871-DGTXZ,0,development
4712,7550-WIQVA,0,development
4713,7544-ZVIKX,0,development
4714,0016-QLJIS,0,development
4715,7508-DQAKK,0,development
4716,5176-OLSKT,0,development
4717,9356-AXGMP,0,development
4718,3556-BVQGL,0,development
4719,0362-ZBZWJ,1,development
4720,8979-CAMGB,0,development
4721,4211-MMAZN,1,development
4722,7581-EBBOU,0,development
4723,4274-OWWYO,1,development
4724,5073-RZGBK,0,development
4725,1541-ETJZO,1,development
4726,2192-CKRLV,0,development
4727,3154-HMWUU,0,development
4728,6119-SPUDB,0,holdout
4729,6522-OIQSX,0,development
4730,7813-ZGGAW,0,development
4731,8748-HFWBO,0,development
4732,1052-QJIBV,0,development
4733,1319-YLZJG,0,development
4734,4106-HADHQ,1,development
4735,0723-FDLAY,0,development
4736,3050-RLLXC,0,development
4737,9298-WGMRW,0,development
4738,2369-UAPKZ,1,development
4739,3088-LHEFH,0,development
4740,2778-OCLGR,1,holdout
4741,6583-KQJLK,0,development
4742,8544-JNBOX,0,holdout
4743,6681-ZSEXG,0,development
4744,6139-ZZRBQ,0,holdout
4745,6116-RFVHN,0,development
4746,0637-KVDLV,1,development
4747,8884-FEEWR,0,development
4748,3125-RAHBV,0,development
4749,6633-MPWBS,1,development
4750,0373-AIVNJ,0,development
4751,8785-EPNCG,1,development
4752,1682-VCOIO,0,development
4753,5729-KLZAR,1,holdout
4754,2072-ZVJJX,0,development
4755,8849-AYPTR,0,holdout
4756,9518-IMLHK,0,holdout
4757,1582-RAFML,1,development
4758,3646-ITDGM,0,development
4759,8740-CRYFY,1,development
4760,3569-VLDHH,0,development
4761,8224-KDLKN,0,development
4762,7594-LZNWR,0,development
4763,4001-TSBTV,0,holdout
4764,2962-XPMCQ,1,development
4765,8727-XDPUD,0,holdout
4766,1043-UXOVO,0,development
4767,1064-FBXNK,0,holdout
4768,3996-ZNWYK,0,development
4769,2878-DHMIN,0,development
4770,7762-ONLJY,0,development
4771,1678-FYZOW,1,development
4772,5795-BKOYE,0,development
4773,8627-EHGIP,1,development
4774,7402-PWYJJ,0,holdout
4775,5480-TBGPH,1,development
4776,0018-NYROU,0,development
4777,7501-VTYLJ,0,development
4778,7608-RGIRO,0,development
4779,0480-BIXDE,0,development
4780,5895-QSXOD,0,development
4781,9814-AOUDH,0,development
4782,6175-IRFIT,0,development
4783,8760-ZRHKE,0,holdout
4784,1622-HSHSF,0,development
4785,8854-CCVSQ,1,development
4786,6749-UTDVX,0,development
4787,5542-DHSXL,0,development
4788,9102-OXKFY,0,development
4789,0511-JTEOY,1,development
4790,5216-WASFJ,0,development
4791,7808-DVWEP,0,development
4792,7067-KSAZT,1,development
4793,2284-VFLKH,0,development
4794,0366-NQSHS,0,development
4795,6532-YLWSI,1,holdout
4796,3807-BPOMJ,0,holdout
4797,3892-NXAZG,0,development
4798,4948-WBBKL,0,holdout
4799,4182-BGSIQ,0,development
4800,9300-AGZNL,1,development
4801,0988-AADSA,0,development
4802,9972-NKTFD,0,holdout
4803,3717-LNXKW,0,holdout
4804,5734-EJKXG,0,development
4805,2207-RYYRL,0,development
4806,6729-FZWSY,0,holdout
4807,9695-IDRZR,0,holdout
4808,8144-DGHXP,0,development
4809,7814-LEEVE,0,development
4810,1112-CUNAO,1,development
4811,5175-AOBHI,1,development
4812,5174-RNGBH,1,development
4813,8631-WUXGY,0,development
4814,7270-BDIOA,1,development
4815,9565-JSNFM,1,development
4816,5906-DVAPM,0,holdout
4817,6654-QGBZZ,0,development
4818,8348-JLBUG,0,holdout
4819,0607-DAAHE,1,development
4820,5641-DMBFJ,0,development
4821,9200-NLNPD,0,development
4822,2664-XJZNO,0,development
4823,9732-KPKBW,1,development
4824,3339-EAQNV,0,holdout
4825,0921-OHLVP,0,holdout
4826,3389-YGYAI,1,development
4827,9560-ARGQJ,1,holdout
4828,8350-NYMVI,0,development
4829,1600-DILPE,0,development
4830,0536-ESJEP,0,development
4831,4654-GGUII,0,holdout
4832,6478-HRRCZ,0,development
4833,8510-BBWMU,0,development
4834,6857-TKDJV,0,development
4835,2360-RDGRO,0,development
4836,0584-BJQGZ,0,development
4837,5134-IKDAY,1,development
4838,1360-XFJMR,0,development
4839,3070-DVEYC,1,development
4840,5730-RIITO,0,development
4841,9058-MJLZC,0,development
4842,5707-ORNDZ,1,development
4843,0902-XKXPN,0,development
4844,5177-RVZNU,0,development
4845,0056-EPFBG,0,development
4846,8993-IZEUX,0,development
4847,8696-JKZNU,1,development
4848,5380-AFSSK,1,development
4849,8190-ZTQFB,0,development
4850,0931-MHTEM,0,development
4851,2055-PDADH,1,development
4852,7515-LODFU,0,development
4853,0440-UEDAI,0,development
4854,1337-BOZWO,0,development
4855,0868-VJRDR,0,development
4856,8714-EUHJO,1,development
4857,6344-SFJVH,0,development
4858,3950-VPYJB,0,development
4859,8041-TMEID,0,development
4860,7321-ZNSLA,0,development
4861,6941-KXRRV,0,development
4862,3721-CNEYS,1,development
4863,8727-JQFHV,0,development
4864,9475-NNDGC,0,development
4865,1355-KUSBG,0,development
4866,3688-FTHLT,0,development
4867,0899-LIIBW,0,development
4868,2568-OIADY,1,development
4869,1384-RCUXW,0,development
4870,5825-XJOCM,0,development
4871,6848-YLDFR,0,development
4872,8125-QPFJD,0,development
4873,2320-YKQBO,0,holdout
4874,1193-RTSLK,1,development
4875,2302-ANTDP,1,holdout
4876,5923-GXUOC,1,development
4877,4973-RLZVI,0,holdout
4878,7869-ZYDST,0,development
4879,4501-UYKBC,0,development
4880,1215-EXRMO,0,development
4881,2305-MRGLV,0,development
4882,8404-VIOMB,0,development
4883,5233-GEEAX,1,development
4884,2359-KLTEK,0,holdout
4885,5304-EFJLP,0,holdout
4886,2673-ZALNP,0,holdout
4887,9184-GALIL,0,development
4888,4393-RYCRE,0,development
4889,9746-MDMBK,0,development
4890,3162-ZJZFU,0,development
4891,8404-GFGCZ,0,development
4892,8875-AKBYH,0,development
4893,4432-ADRLB,1,development
4894,0533-UCAAU,0,development
4895,1394-SUIUH,0,development
4896,3521-MNKLV,0,development
4897,2533-TIBIX,0,development
4898,8993-PHFWD,1,development
4899,1565-RHDJD,1,development
4900,7137-RYLPP,1,holdout
4901,3765-JXVKY,1,development
4902,5092-STPKP,0,holdout
4903,7330-WZLNC,1,development
4904,0114-PEGZZ,0,development
4905,3359-DSRKA,0,development
4906,8639-NHQEI,0,holdout
4907,7161-DFHUF,0,development
4908,3957-LXOLK,1,development
4909,3720-DBRWL,0,development
4910,6635-MYYYZ,1,holdout
4911,8565-WUXZU,0,development
4912,5281-BUZGT,1,holdout
4913,4994-OBRSZ,0,development
4914,0562-FGDCR,0,development
4915,2436-QBZFP,0,development
4916,3420-YJLQT,0,development
4917,6040-CGACY,0,development
4918,6582-PLFUU,0,development
4919,8242-PDSGJ,0,development
4920,0264-CNITK,0,development
4921,0089-IIQKO,0,development
4922,7839-NUIAA,0,development
4923,6075-QMNRR,0,development
4924,5378-IKEEG,1,holdout
4925,5966-EMAZU,0,development
4926,0440-EKDCF,0,development
4927,4774-HHGGS,0,development
4928,2718-GAXQD,1,development
4929,2055-BFOCC,0,development
4930,8180-AKMJV,0,holdout
4931,4298-OYIFC,0,development
4932,5566-SOEZD,0,holdout
4933,9842-EFSYY,0,development
4934,2272-WUSPA,0,development
4935,4584-LBNMK,0,development
4936,3898-GUYTS,0,development
4937,0930-EHUZA,0,development
4938,6413-XKKPU,1,development
4939,9975-SKRNR,0,holdout
4940,3703-KBKZP,0,development
4941,1449-XQEMT,1,development
4942,2626-URJFX,1,development
4943,4973-MGTON,0,development
4944,3682-YEUWS,0,development
4945,1223-UNPKS,0,development
4946,2612-RRIDN,1,holdout
4947,4735-ASGMA,1,development
4948,3446-QDSZF,0,development
4949,3669-LVWZB,1,development
4950,6892-EZDTG,1,holdout
4951,5117-IFGPS,0,development
4952,7379-FNIUJ,0,development
4953,1627-AFWVJ,0,development
4954,9725-SCPZG,1,holdout
4955,5884-GCYMI,1,development
4956,3217-FZDMN,1,holdout
4957,4486-EFAEB,0,development
4958,0060-FUALY,0,development
4959,7853-GVUDZ,1,development
4960,7480-QNVZJ,1,development
4961,6954-OOYZZ,0,development
4962,7088-FBAWU,0,development
4963,8313-AFGBW,0,development
4964,3943-KDREE,1,development
4965,9239-ZBZZV,1,development
4966,3097-IDVPU,0,development
4967,4398-HSCJH,1,development
4968,2197-OMWGI,0,development
4969,2303-PJYHN,0,development
4970,9795-VOWON,0,holdout
4971,1237-WIYYZ,0,development
4972,1987-AUELQ,0,holdout
4973,7852-LECYP,0,development
4974,4430-UZIPO,1,development
4975,4822-LPTYJ,0,development
4976,8165-CBKXO,0,development
4977,6527-PZFPV,0,development
4978,4855-SNKMY,1,development
4979,9593-CVZKR,0,development
4980,8595-SIZNC,0,development
4981,8008-HAWED,1,development
4982,7124-UGSUR,1,development
4983,1862-SKORY,1,development
4984,5236-XMZJY,0,holdout
4985,4827-DPADN,0,development
4986,2694-CIUMO,0,holdout
4987,5846-ABOBJ,0,development
4988,1439-LCGVL,0,development
4989,0909-SDHNU,0,development
4990,4647-XXZAM,0,holdout
4991,1502-XFCVR,1,development
4992,7740-KKCXF,0,development
4993,5360-XGYAZ,0,development
4994,9692-TUSXH,1,development
4995,7912-SYRQT,1,development
4996,3557-HTYWR,0,development
4997,4816-JBHOV,1,development
4998,8920-NAVAY,0,development
4999,1699-TLDLZ,0,development
5000,5600-PDUJF,0,development
5001,8292-TYSPY,1,development
5002,0567-XRHCU,0,development
5003,1867-BDVFH,1,holdout
5004,2067-QYTCF,0,development
5005,2359-QWQUL,1,development
5006,9103-TCIHJ,1,development
5007,7407-SUJIZ,0,development
5008,9150-KPBJQ,0,development
5009,0052-DCKON,0,development
5010,3654-ARMGP,0,holdout
5011,9699-UBQFS,0,development
5012,9367-TCUYN,0,development
5013,1261-FWTTE,0,development
5014,3528-HFRIQ,0,development
5015,0708-SJDIS,0,holdout
5016,4140-WJAWW,1,development
5017,2073-QBVBI,0,development
5018,6928-ONTRW,0,development
5019,3320-VEOYC,0,development
5020,5231-FIQPA,0,development
5021,6617-WLBQC,0,development
5022,2599-CIPQE,0,development
5023,6653-CBBOM,1,development
5024,8774-GSBUN,0,development
5025,7326-RIGQZ,0,development
5026,1401-FTHFQ,0,development
5027,3247-ZVOUO,1,development
5028,0254-FNMCI,0,development
5029,1848-LBZHY,0,development
5030,6101-IMRMM,1,holdout
5031,8118-TJAFG,0,development
5032,5429-LWCMV,0,holdout
5033,7298-IZWLY,0,development
5034,9758-MFWGD,0,development
5035,3955-JBZZM,0,development
5036,1268-ASBGA,1,holdout
5037,8943-URTMR,1,development
5038,4815-TUMEQ,0,development
5039,4713-LZDRV,1,development
5040,9909-IDLEK,0,development
5041,4092-OFQZS,0,development
5042,1561-BWHIN,0,development
5043,4325-NFSKC,1,development
5044,9927-DSWDF,0,holdout
5045,9500-LTVBP,0,holdout
5046,7252-NTGSS,0,development
5047,8149-AIQCG,0,development
5048,1360-JYXKQ,0,holdout
5049,2955-PSXOE,1,development
5050,7762-URZQH,1,development
5051,0899-WZRSD,0,development
5052,3255-GRXMG,0,development
5053,4828-FAZPK,0,holdout
5054,6094-ZIVKX,0,development
5055,6925-BAYGL,0,development
5056,3262-EIDHV,0,development
5057,7354-OIJLX,0,holdout
5058,1376-HHBDV,0,holdout
5059,6907-NZZIJ,1,development
5060,6133-OZILE,0,holdout
5061,4135-FRWKJ,0,development
5062,2911-UREFD,1,development
5063,3744-ZRRDZ,1,holdout
5064,5673-TIYIB,1,development
5065,6551-ZCOTS,0,development
5066,7191-ADRGF,0,development
5067,5018-LXQQG,0,development
5068,6892-BOGQE,0,development
5069,1602-IJQQE,1,development
5070,4628-WQCQQ,1,holdout
5071,1746-TGTWV,0,development
5072,5995-SNNEW,0,development
5073,8050-WYBND,0,development
5074,2821-WARNZ,0,development
5075,4879-GZLFH,0,development
5076,1644-IRKSF,1,development
5077,8314-HTWVE,0,development
5078,9402-ROUMJ,0,development
5079,2507-QZPQS,0,development
5080,7159-NOKYQ,0,development
5081,5707-ZMDJP,0,development
5082,8779-YIQQA,0,development
5083,7136-IHZJA,0,development
5084,8966-OIQHG,0,holdout
5085,7074-STDCN,0,holdout
5086,3705-PSNGL,1,development
5087,8739-QOTTN,0,development
5088,1399-OUPJN,0,development
5089,0277-BKSQP,0,development
5090,6502-HCJTI,1,development
5091,2606-RMDHZ,1,development
5092,5774-XZTQC,0,development
5093,2676-SSLTO,0,development
5094,6266-QHOJZ,0,holdout
5095,7269-JISCY,0,development
5096,0363-SVHYR,0,development
5097,8547-NSBBO,0,development
5098,8258-GSTJK,1,development
5099,6861-OKBCE,1,development
5100,9940-RHLFB,1,development
5101,6591-QGOYB,0,development
5102,9070-BCKQP,0,holdout
5103,6421-SZVEM,0,holdout
5104,1328-EUZHC,0,development
5105,2995-UPRYS,1,development
5106,8878-RYUKI,0,development
5107,9633-DENPU,0,development
5108,7811-JIVPF,0,development
5109,7113-HIPFI,0,development
5110,8541-QVFKM,0,development
5111,6686-YPGHK,1,development
5112,1383-EZRWL,1,development
5113,9258-CNWAC,0,development
5114,5371-VYLSX,0,development
5115,6374-AFWOX,0,development
5116,4759-TRPLW,1,development
5117,5317-FLPJF,0,development
5118,7621-VPNET,0,holdout
5119,6034-YMTOB,0,development
5120,8563-IIOXK,1,development
5121,4903-CNOZC,0,development
5122,4353-HYOJD,0,holdout
5123,8020-BWHYL,1,development
5124,7267-FRMJW,0,development
5125,2982-VPSGI,1,development
5126,4188-FRABG,0,development
5127,8199-ZLLSA,1,development
5128,4128-ETESU,0,development
5129,0620-DLSLK,0,holdout
5130,4625-EWPTF,1,development
5131,5980-NOPLP,1,development
5132,3850-OKINF,0,holdout
5133,6892-XPFPU,1,development
5134,8010-EZLOU,1,development
5135,1156-ZFYDO,0,development
5136,3295-YVUSR,0,development
5137,8016-NCFVO,0,development
5138,4119-ZYPZY,0,development
5139,5549-ZGHFB,0,development
5140,7577-SWIFR,0,development
5141,0303-WMMRN,0,development
5142,6408-OTUBZ,0,development
5143,5204-HMGYF,0,holdout
5144,1078-TDCRN,0,holdout
5145,3727-OVPRY,0,holdout
5146,3797-FKOGQ,0,development
5147,7622-NXQZR,0,holdout
5148,6196-HBOBZ,0,development
5149,3970-XGJDU,0,development
5150,7017-VFULY,0,development
5151,5562-YJQGT,0,development
5152,8807-OPMBM,0,development
5153,5439-WIKXB,0,development
5154,9874-QLCLH,1,development
5155,8294-UIMBA,0,development
5156,8109-YUOHE,0,development
5157,5840-NVDCG,0,development
5158,8092-NLTGF,0,development
5159,5928-QLDHB,0,holdout
5160,9840-EFJQB,0,development
5161,0696-UKTOX,0,development
5162,4801-KFYKL,0,development
5163,3472-OAOOR,0,development
5164,6135-OZQVA,0,development
5165,8062-YBDOE,1,holdout
5166,2252-JHJGE,0,development
5167,4188-PCPIG,0,development
5168,6000-APYLU,1,development
5169,7105-BENQF,0,development
5170,7721-DVEKZ,0,development
5171,3566-VVORZ,0,development
5172,9507-HSMMZ,0,holdout
5173,2480-SQIOB,0,holdout
5174,0947-IDHRQ,1,development
5175,7813-TKCVO,0,development
5176,0128-MKWSG,0,development
5177,3672-YITQD,1,development
5178,4350-ZTLPI,0,development
5179,9048-JVYVF,1,holdout
5180,0361-HJRDX,0,development
5181,5727-MYATE,0,development
5182,3823-KYNQY,0,holdout
5183,8988-ECPJR,1,development
5184,7570-WELNY,0,holdout
5185,3021-VLNRJ,0,development
5186,3776-EKTKM,1,development
5187,2080-CAZNM,0,development
5188,1028-FFNJK,0,development
5189,6907-FLBER,0,holdout
5190,3001-UNBTL,0,development
5191,5982-PSMKW,0,holdout
5192,3507-GASNP,0,holdout
5193,7096-ZNBZI,0,development
5194,1902-XBTFB,1,development
5195,1676-MQAOA,0,development
5196,0786-IVLAW,0,development
5197,7566-DSRLQ,0,development
5198,0643-OKLRP,1,development
5199,7245-JMTTQ,0,development
5200,6050-IJRHS,0,development
5201,6202-JVYEU,0,development
5202,8591-TKMZH,0,development
5203,0734-OXWBT,0,holdout
5204,4282-ACRXS,0,holdout
5205,0365-TRTPY,0,holdout
5206,7349-ALMUX,0,development
5207,9381-NDKME,1,development
5208,6502-KUGLL,0,development
5209,1841-YSJGV,0,development
5210,2794-XIMMO,1,development
5211,8382-SHQEH,1,holdout
5212,3511-BFTJW,0,holdout
5213,7668-XCFYV,0,development
5214,2983-ZANRP,1,development
5215,7845-URHJN,1,development
5216,3034-ZBEQN,1,development
5217,5018-HEKFO,0,development
5218,2923-ARZLG,0,development
5219,3976-NLDEZ,0,development
5220,2282-YGNOR,0,development
5221,5336-UFNZP,0,development
5222,6854-EXGSF,0,development
5223,1241-EZFMJ,0,development
5224,9233-PSYHO,0,development
5225,5376-PCKNB,0,development
5226,8044-BGWPI,0,holdout
5227,4060-LDNLU,0,development
5228,3589-PPVKW,0,development
5229,8327-LZKAS,1,development
5230,5887-IKKYO,0,development
5231,1075-BGWOH,1,development
5232,1755-RMCXH,0,development
5233,0302-JOIVN,1,development
5234,3858-XHYJO,0,development
5235,4299-SIMNS,0,development
5236,7025-IWFHT,0,development
5237,6261-LHRTG,0,holdout
5238,7841-FCRQD,0,development
5239,2056-EVGZL,0,development
5240,8777-MBMTS,0,holdout
5241,7753-USQYQ,0,development
5242,5366-IJEQJ,1,development
5243,7661-CPURM,0,development
5244,6233-HXJMX,0,development
5245,5902-WBLSE,0,holdout
5246,1981-INRFU,1,development
5247,4971-PUYQO,1,development
5248,3239-TPHPZ,0,development
5249,5115-GZDEL,0,holdout
5250,3338-CVVEH,0,development
5251,8485-GJCDN,1,development
5252,2615-YVMYX,0,development
5253,2851-STERV,0,development
5254,4393-GEADV,0,development
5255,8486-AYEQH,0,holdout
5256,1527-SXDPN,1,holdout
5257,6029-WTIPC,1,development
5258,8634-CILSZ,1,development
5259,5419-JKZNQ,0,development
5260,2495-KZNFB,0,development
5261,1409-PHXTF,0,development
5262,4560-WQAQW,0,development
5263,9591-YVTEB,0,holdout
5264,9309-BZGNT,0,development
5265,4274-DRSQT,0,development
5266,2027-DNKIV,0,development
5267,8075-GXIUB,0,development
5268,2885-HIJDH,0,development
5269,5424-RLQLC,0,development
5270,6682-QJDGB,1,holdout
5271,6507-DTJZV,0,holdout
5272,8780-IXSTS,1,development
5273,7673-BQGKU,0,development
5274,6723-WSNTY,0,development
5275,9530-EHPOH,1,development
5276,2725-IWWBA,0,development
5277,0345-HKJVM,1,development
5278,1061-PNTHC,0,development
5279,0394-YONDK,0,development
5280,6574-MCOEH,0,holdout
5281,7399-QHBJS,0,holdout
5282,3049-SOLAY,1,development
5283,0997-YTLNY,0,development
5284,3317-HRTNN,1,development
5285,9479-HYNYL,0,development
5286,3235-ETOOB,1,development
5287,9708-KFDBY,0,development
5288,8058-INTPH,1,development
5289,3642-GKTCT,0,development
5290,0774-RMNUW,0,holdout
5291,1334-PDUKM,0,holdout
5292,0756-MPZRL,0,development
5293,2242-MFOTG,0,development
5294,2927-CVULT,0,development
5295,2144-BFDSO,0,development
5296,8745-PVESG,0,development
5297,7647-GYYKX,0,development
5298,5647-FXOTP,0,development
5299,5569-OUICF,1,holdout
5300,8821-XNHVZ,1,development
5301,2082-OJVTK,1,holdout
5302,9700-ISPUP,0,development
5303,9839-ETQOE,0,development
5304,6078-VESFR,0,development
5305,9027-TMATR,0,development
5306,5940-NFXKV,1,development
5307,1941-HOSAM,0,holdout
5308,9110-HSGTV,0,holdout
5309,0704-VCUMB,0,development
5310,6171-ZTVYB,0,holdout
5311,8053-WWDRO,1,development
5312,9564-KCLHR,1,development
5313,1935-IMVBB,0,development
5314,2535-PBCGC,0,development
5315,2082-CEFLT,1,development
5316,1470-PSXNM,0,development
5317,1213-NGCUN,1,development
5318,2498-XLDZR,0,development
5319,9866-OCCKE,0,development
5320,5338-YHWYT,0,development
5321,7718-UPSKJ,0,development
5322,8731-WBBMB,0,development
5323,1448-CYWKC,0,development
5324,7901-IIDQV,0,development
5325,2690-DVRVK,0,holdout
5326,5688-KZTSN,1,holdout
5327,1270-XKUCC,0,development
5328,0334-ZFJSR,0,development
5329,2894-QOJRX,1,development
5330,5747-PMBSQ,1,holdout
5331,5583-EJXRD,0,holdout
5332,4565-EVZMJ,0,development
5333,3143-JQEGI,1,development
5334,6386-SZZKH,1,development
5335,3327-YBAKM,0,development
5336,9441-QHEVC,0,development
5337,6705-LNMDD,0,development
5338,2580-ASVVY,0,development
5339,3370-GQEAL,0,holdout
5340,5032-USPKF,0,holdout
5341,2982-IHMFT,1,development
5342,3521-SYVOR,1,development
5343,4254-QPEDE,0,development
5344,6283-GITPX,0,development
5345,9526-JAWYF,1,holdout
5346,0771-CHWSK,0,development
5347,9788-HNGUT,0,development
5348,9495-REDIY,0,development
5349,5375-XLDOF,0,development
5350,1172-VIYBP,0,development
5351,5649-VUKMC,1,development
5352,6559-PDZLR,0,development
5353,8992-OBVDG,0,development
5354,4273-MBHYA,0,holdout
5355,4724-WXVWF,0,development
5356,5701-GUXDC,0,development
5357,1460-UZPRJ,0,development
5358,6082-GLJIX,0,development
5359,5143-EGQFK,1,development
5360,4919-IKATY,1,development
5361,2495-TTHBQ,0,development
5362,0485-ZBSLN,0,development
5363,3810-PJUHR,0,development
5364,9050-QLROH,1,development
5365,0847-HGRML,0,development
5366,8232-CTLKO,0,holdout
5367,9227-YBAXE,0,holdout
5368,6168-WFVVF,1,development
5369,9860-LISIZ,0,development
5370,0112-QAWRZ,0,development
5371,0877-SDMBN,1,holdout
5372,2786-GCDPI,0,development
5373,4043-MKDTV,0,development
5374,8065-YKXKD,1,development
5375,9637-EIHEQ,1,development
5376,9229-RQABD,0,development
5377,8313-KTIHG,0,development
5378,5320-BRKGK,0,development
5379,6284-KMNUF,0,development
5380,9689-PTNPG,1,development
5381,9465-RWMXL,1,development
5382,6229-UOLQL,0,development
5383,2362-IBOOY,1,development
5384,3137-LUPIX,0,holdout
5385,0843-WTBXE,1,development
5386,6143-JQKEA,0,holdout
5387,8676-OOQEJ,0,holdout
5388,5515-IDEJJ,1,development
5389,9701-CDXHR,0,development
5390,7450-NWRTR,1,holdout
5391,8124-NZVGJ,0,holdout
5392,2162-FRZAA,0,development
5393,5376-DEQCP,1,development
5394,5118-MUEYH,0,development
5395,9095-HFAFX,1,development
5396,5627-TVBPP,0,development
5397,2379-ENZGV,1,holdout
5398,3936-QQFLL,0,development
5399,2589-AYCRP,0,development
5400,4067-HLYQI,0,development
5401,5124-EOGYE,0,development
5402,5057-RKGLH,0,development
5403,0292-WEGCH,0,development
5404,8910-ICHIU,0,development
5405,4097-YODCF,0,development
5406,9715-WZCLW,0,holdout
5407,9786-YWNHU,0,development
5408,6407-GSJNL,0,development
5409,6005-OBZPH,1,holdout
5410,4049-ZPALD,0,development
5411,7932-WPTDS,1,development
5412,3733-UOCWF,0,development
5413,6833-JMZYP,0,development
5414,2722-VOJQL,1,holdout
5415,1310-QRITU,0,development
5416,8961-QDZZJ,0,development
5417,9715-SBVSU,0,development
5418,8490-BXHEO,0,development
5419,7173-TETGO,0,holdout
5420,7929-SKFGK,0,development
5421,2300-RQGOI,0,holdout
5422,3563-SVYLG,0,holdout
5423,5228-EXCET,1,development
5424,6435-VWCCY,0,development
5425,4998-IKFSE,0,development
5426,8630-QSGXK,0,development
5427,2455-USLMV,0,development
5428,7394-FKDNK,1,development
5429,9488-FVZCC,0,development
5430,6331-LWDTQ,1,development
5431,5995-WWKKG,0,development
5432,1597-FZREH,1,development
5433,7879-CGSFV,0,development
5434,9921-EZKBY,0,development
5435,7432-FFVAR,0,development
5436,7246-ZGQDF,0,holdout
5437,7000-WCEVQ,1,development
5438,0727-IWKVK,1,development
5439,5959-BELXA,1,development
5440,4456-RHSNB,0,holdout
5441,3512-IZIKN,1,holdout
5442,2481-SBOYW,0,development
5443,7109-MFBYV,0,development
5444,1833-TCXKK,0,development
5445,1832-PEUTS,0,development
5446,6141-OOXUQ,1,development
5447,8660-BUETV,0,development
5448,0580-PIQHM,0,development
5449,5696-CEIQJ,0,holdout
5450,7503-ZGUZJ,1,development
5451,1696-HXOWK,0,development
5452,3026-ATZYV,0,holdout
5453,4012-YCFAI,0,development
5454,2506-TNFCO,1,development
5455,9970-QBCDA,0,holdout
5456,8718-PTMEZ,1,holdout
5457,9496-IVVRP,0,development
5458,2207-OBZNX,1,holdout
5459,2657-VPXTA,0,development
5460,6551-VLJMV,0,development
5461,1221-GHZEP,0,holdout
5462,9289-LBQVU,0,development
5463,6142-VSJQO,1,holdout
5464,3458-IDMFK,0,development
5465,6933-FHBZC,0,development
5466,0221-NAUXK,0,development
5467,9770-KXGQU,0,development
5468,6437-UKHMV,1,development
5469,6538-POCHL,0,development
5470,6726-NNFWD,0,development
5471,3002-WQZWT,0,development
5472,4277-UDIEF,0,development
5473,1208-NBVFH,0,development
5474,4912-PIGUY,0,development
5475,1114-CENIM,1,development
5476,6060-DRTNL,1,holdout
5477,2725-TTRIQ,0,development
5478,3374-TTZTK,0,development
5479,8990-ZXLSU,0,development
5480,2275-RBYQS,0,development
5481,8473-VUVJN,1,holdout
5482,6289-CPNLD,1,development
5483,5536-SLHPM,1,development
5484,4419-UJMUS,0,development
5485,7794-JASDG,0,development
5486,7609-YBPXG,0,development
5487,5519-TEEUH,0,development
5488,7856-GANIL,0,development
5489,0804-XBFBV,0,holdout
5490,2676-OXPPQ,0,development
5491,3703-TTEPD,0,development
5492,2799-TSLAG,0,development
5493,0196-VULGZ,1,holdout
5494,8837-VVWLQ,1,development
5495,2696-NARTR,1,development
5496,2208-NKVVH,0,development
5497,7614-QVWQL,1,holdout
5498,1976-CFOCS,1,development
5499,4631-OACRM,1,development
5500,7139-JZFVG,0,holdout
5501,4987-GQWPO,0,development
5502,3755-JBMNH,1,holdout
5503,1757-TCATG,0,holdout
5504,6345-ULYRW,1,development
5505,4776-XSKYQ,0,development
5506,8048-DSDFQ,0,development
5507,5753-QQWPW,0,development
5508,6010-DDPPW,0,development
5509,1809-DMJHQ,1,holdout
5510,6693-FRIRW,0,development
5511,6586-MYGKD,0,holdout
5512,3173-NVMPX,0,development
5513,0248-PGHBZ,0,development
5514,0623-GDISB,0,development
5515,2892-GESUL,0,development
5516,6923-EFPNL,1,development
5517,7472-EQOAV,0,development
5518,9574-RKJIF,1,development
5519,2043-WVTQJ,0,holdout
5520,8034-RYTVV,0,development
5521,3863-QSTYI,0,holdout
5522,2619-WFQWU,1,development
5523,5044-LRQAQ,0,development
5524,1716-LSAMB,0,holdout
5525,1333-PBMXB,0,development
5526,6546-OPBBH,0,development
5527,5985-BEHZK,0,development
5528,9127-QRZMH,0,holdout
5529,5919-VCZYM,0,holdout
5530,9644-KVCNC,0,development
5531,2137-DQMEV,0,holdout
5532,8174-LNWMW,0,development
5533,9279-CJEOJ,0,development
5534,7964-VEXDG,0,development
5535,2404-JIBFC,0,development
5536,0778-NELLA,1,development
5537,8029-XYPWT,0,development
5538,4614-NUVZD,1,development
5539,4632-PAOYU,0,holdout
5540,3803-KMQFW,1,development
5541,6804-GDMOI,1,development
5542,2990-OGYTD,0,holdout
5543,6646-JPPHA,0,development
5544,9572-MTILT,1,development
5545,7658-UYUQS,0,development
5546,7880-XSOJX,0,development
5547,9611-CTWIH,1,development
5548,4589-IUAJB,0,development
5549,0329-GTIAJ,1,holdout
5550,8746-BFOAJ,0,development
5551,8457-XIGKN,0,holdout
5552,6072-NUQCB,0,development
5553,6629-CZTTH,1,development
5554,8838-GPHZP,0,holdout
5555,8750-QWZAJ,0,development
5556,5364-EVNIB,1,holdout
5557,6918-UMQCG,0,development
5558,0675-NCDYU,0,development
5559,6339-DKLMK,0,development
5560,1346-PJWTK,0,development
5561,5088-QZLRL,0,development
5562,8023-QHAIO,0,development
5563,4397-FRLTA,0,holdout
5564,3057-VJJQE,0,development
5565,5087-SUURX,1,development
5566,2302-OUZXB,0,development
5567,8133-ANHHJ,0,development
5568,2270-CHBFN,0,development
5569,0013-EXCHZ,1,development
5570,5982-FPVQN,0,development
5571,9107-UKCKY,0,development
5572,4654-ULTTN,0,holdout
5573,5550-VFRLC,1,holdout
5574,5546-BYZSM,0,development
5575,1492-KGETH,0,development
5576,4929-BSTRX,1,development
5577,4163-HFTUK,0,development
5578,8215-NGSPE,0,holdout
5579,2225-ZRGSG,1,development
5580,8859-YSTWS,0,development
5581,5271-YNWVR,1,development
5582,7601-DHFWZ,0,development
5583,2657-ALMWY,1,holdout
5584,6330-JKLPC,1,development
5585,4667-OHGKG,1,development
5586,1998-VHJHK,0,development
5587,1707-HABPF,0,holdout
5588,1660-HSOOQ,1,development
5589,7253-UVNDW,1,development
5590,0487-VVUVK,0,holdout
5591,7228-OMTPN,1,development
5592,5063-IUOKK,0,development
5593,4508-OEBEY,0,development
5594,0027-KWYKW,0,holdout
5595,2308-STERM,0,development
5596,5982-XMDEX,0,development
5597,6284-AHOOQ,1,holdout
5598,6051-PTVNS,0,development
5599,2344-JMOGN,1,development
5600,3799-ISUZQ,1,development
5601,2877-VDUER,0,holdout
5602,9152-AMKAK,0,development
5603,1794-HBQTJ,1,holdout
5604,9432-VOFYX,0,holdout
5605,8049-WJCLQ,0,holdout
5606,6586-PSJOX,0,development
5607,2460-FPSYH,1,development
5608,9705-ZJBCG,0,holdout
5609,4818-DRBQT,1,development
5610,1320-HTRDR,1,holdout
5611,6847-KJLTS,0,development
5612,9670-BPNXF,0,development
5613,3913-FCUUW,0,development
5614,3301-VKTGC,0,holdout
5615,1493-AMTIE,1,development
5616,9555-SAHUZ,0,development
5617,0816-TSPHQ,0,development
5618,9932-WBWIK,0,development
5619,4619-EVPHY,0,development
5620,5286-YHCVC,0,development
5621,6424-ELEYH,1,development
5622,4391-RESHN,1,development
5623,9115-YQHGA,0,development
5624,4462-CYWMH,0,holdout
5625,8963-MQVYN,0,development
5626,2458-EOMRE,0,holdout
5627,9334-GWGOW,0,holdout
5628,6821-BUXUX,1,development
5629,5028-HTLJB,1,development
5630,9801-GDWGV,1,holdout
5631,6542-LWGXJ,0,development
5632,5567-GZKQY,0,development
5633,1222-LRYKO,0,development
5634,2320-JRSDE,1,development
5635,2087-QAREY,0,development
5636,0601-WZHJF,1,development
5637,4423-JWZJN,0,holdout
5638,5143-WMWOG,1,development
5639,6490-FGZAT,0,development
5640,5393-RXQSZ,1,development
5641,7452-FOLON,0,development
5642,2320-TZRRH,0,development
5643,0231-LXVAP,1,holdout
5644,9444-JTXHZ,1,development
5645,4942-VZZOM,0,development
5646,5510-BOIUJ,1,development
5647,7502-BNYGS,0,development
5648,4291-HYEBC,0,development
5649,6147-CBCRA,0,development
5650,6047-SUHPR,0,development
5651,4471-KXAUH,1,development
5652,9752-ZNQUT,0,development
5653,7638-QVMVY,1,development
5654,1576-PFZIW,0,holdout
5655,5666-MBJPT,0,holdout
5656,7312-XSBAT,0,development
5657,3096-GKWEB,0,development
5658,2371-JQHZZ,0,holdout
5659,0674-GCDXG,0,development
5660,1121-QSIVB,0,development
5661,4396-KLSEH,0,development
5662,3244-DCJWY,1,development
5663,2824-MYYBN,0,development
5664,0875-CABNR,1,development
5665,6345-HOVES,0,development
5666,8318-LCNBW,0,development
5667,6469-QJKZW,0,holdout
5668,0147-ESWWR,0,holdout
5669,1217-VASWC,0,development
5670,7812-FZHPE,1,holdout
5671,6370-ZVHDV,0,development
5672,5915-DGNVC,0,development
5673,6260-XLACS,0,holdout
5674,3566-CAAYU,0,development
5675,4983-CCWMC,0,holdout
5676,9103-CXVOK,0,development
5677,2896-TBNBE,0,holdout
5678,4797-AXPXK,1,development
5679,5229-PRWKT,1,development
5680,6982-UQZLY,1,development
5681,2522-WLNSF,0,development
5682,3841-CONLJ,0,holdout
5683,5057-LCOUI,1,development
5684,0193-ESZXP,1,development
5685,4475-NVTLU,0,development
5686,4369-HTUIF,1,holdout
5687,9386-LDCZR,0,development
5688,9585-KKMFD,0,holdout
5689,5399-ZIMKF,0,development
5690,0336-KXKFK,0,holdout
5691,5619-XZZKR,0,holdout
5692,3948-FVVRP,0,holdout
5693,5327-XOKKY,0,development
5694,0983-TATYJ,0,development
5695,1813-JYWTO,0,development
5696,0156-FVPTA,1,development
5697,1984-FCOWB,1,holdout
5698,0654-HMSHN,1,development
5699,6719-OXYBR,0,development
5700,3312-ZWLGF,0,holdout
5701,6476-YHMGA,0,development
5702,5287-QWLKY,1,holdout
5703,0795-XCCTE,0,development
5704,0168-XZKBB,0,development
5705,3785-NRHYR,0,holdout
5706,5196-SGOAK,1,development
5707,4537-DKTAL,0,development
5708,7072-MBHEV,0,holdout
5709,5602-BVFMK,0,development
5710,6297-NOOPG,0,development
5711,1891-UAWWU,1,development
5712,8204-TIFGJ,0,holdout
5713,8050-DVOJX,0,development
5714,6108-OQZDQ,1,development
5715,0363-QJVFX,1,holdout
5716,8903-XEBGX,0,development
5717,8169-SAEJD,0,development
5718,9840-DVNDC,1,development
5719,1089-XZWHH,0,development
5720,2325-WINES,0,development
5721,6064-ZATLR,0,holdout
5722,3096-JRDSO,1,development
5723,7824-PANSQ,0,development
5724,8042-JVNFH,1,development
5725,9648-BCHKM,0,holdout
5726,2888-ADFAO,0,development
5727,8707-HOEDG,0,development
5728,3374-LXDEV,1,development
5729,4072-IPYLT,0,development
5730,7167-PCEYD,0,development
5731,4936-YPJNK,0,development
5732,1580-BMCMR,0,holdout
5733,4817-KEQSP,0,development
5734,6408-WHTEF,0,development
5735,9251-AWQGT,0,holdout
5736,8749-CLJXC,0,holdout
5737,7989-VCQOH,0,development
5738,5049-GLYVG,1,development
5739,4199-QHJNM,0,development
5740,8882-TLVRW,0,development
5741,5883-GTGVD,1,development
5742,5135-GRQJV,0,development
5743,2384-OVPSA,0,development
5744,1371-WEPDS,0,holdout
5745,3580-GICBM,0,development
5746,4817-QRJSX,1,holdout
5747,9730-DRTMJ,0,development
5748,4686-UXDML,0,development
5749,3349-ANQNH,0,development
5750,2398-YPMUR,1,development
5751,0932-YIXYU,0,development
5752,7480-SPLEF,0,development
5753,7636-XUHWW,0,development
5754,1431-CYWMH,0,development
5755,5937-EORGB,0,development
5756,6349-JDHQP,0,holdout
5757,5539-HIVAK,0,development
5758,5847-MXBEO,0,holdout
5759,9985-MWVIX,1,development
5760,4583-PARNH,0,development
5761,1116-FRYVH,0,development
5762,1421-HCERK,0,development
5763,9633-XQABV,0,development
5764,0716-BQNDX,0,development
5765,1265-XTECC,1,development
5766,1183-CANVH,0,holdout
5767,1972-XMUWV,0,holdout
5768,8679-LZBMD,0,development
5769,3407-JMJQQ,0,development
5770,6252-DFGTK,0,development
5771,1539-LNKHM,0,development
5772,8645-KOMJQ,0,development
5773,0289-IVARM,0,holdout
5774,9761-XUJWD,0,development
5775,4057-FKCZK,0,development
5776,4291-TPNFG,0,development
5777,6087-YPWHO,0,holdout
5778,3090-QFUVD,0,development
5779,2237-ZFSMY,1,development
5780,1722-LDZJS,0,development
5781,1818-ESQMW,0,development
5782,4871-JTKJF,1,development
5783,1415-YFWLT,1,development
5784,7401-RUBNK,0,development
5785,0506-YLVKJ,0,holdout
5786,8661-BOYNW,0,development
5787,6711-VTNRE,1,development
5788,4815-GBTCD,0,development
5789,2805-AUFQN,0,development
5790,0980-PVMRC,0,development
5791,7233-DRTRF,0,development
5792,3500-RMZLT,1,development
5793,3873-NFTGI,0,holdout
5794,1162-ECVII,0,development
5795,7048-GXDAY,0,development
5796,8571-ZCMCX,0,development
5797,1169-WCVAK,0,development
5798,4548-SDBKE,1,development
5799,8066-POXGX,1,development
5800,7129-CAKJW,0,development
5801,8695-ARGXZ,0,development
5802,3570-YUEKJ,0,development
5803,4143-OOBWZ,1,development
5804,1555-HAPSU,0,development
5805,1697-NVVGY,0,development
5806,7854-EKTJL,1,holdout
5807,8464-EETCQ,0,development
5808,2419-FSORS,0,development
5809,8132-YPVBX,0,development
5810,9102-IAYHT,1,holdout
5811,6754-LZUKA,0,development
5812,3422-LYEPQ,1,development
5813,8099-MZPUJ,0,development
5814,0787-LHDYT,0,development
5815,2642-DTVCO,1,development
5816,0374-IOEGQ,0,development
5817,4361-JEIVL,1,development
5818,3197-NNYNB,0,development
5819,3396-DKDEL,0,development
5820,1752-OZXFY,0,development
5821,9066-QRSDU,0,development
5822,9112-WSNPU,0,holdout
5823,9867-NNXLC,0,holdout
5824,5321-NTRKC,0,holdout
5825,1363-TXLSL,1,development
5826,9507-EXLTT,1,development
5827,3161-GETRM,0,development
5828,0402-OAMEN,0,holdout
5829,6933-VLYFX,0,development
5830,6754-WKSHP,0,development
5831,9846-GKXAS,1,development
5832,6017-PPLPX,1,development
5833,4976-LNFVV,0,holdout
5834,5055-MGMGF,0,development
5835,4641-FROLU,0,holdout
5836,2862-JVEOY,0,holdout
5837,2969-QWUBZ,0,development
5838,9822-BIIGN,0,development
5839,2077-MPJQO,0,development
5840,1534-OULXE,0,development
5841,7136-RVDTZ,1,development
5842,2971-SGAFL,0,development
5843,1480-IVEVR,0,development
5844,2905-KFQUV,0,development
5845,4581-SSPWD,1,holdout
5846,3370-HXOPH,0,development
5847,9391-YZEJW,0,development
5848,9958-MEKUC,0,development
5849,0281-CNTZX,0,development
5850,6927-WTFIV,1,development
5851,4118-CEVPF,0,holdout
5852,3398-ZOUAA,1,development
5853,9114-VEPUF,0,holdout
5854,7876-BEUTG,0,development
5855,2338-BQEZT,0,development
5856,9873-MNDKV,0,development
5857,0378-NHQXU,1,development
5858,8241-JUIQO,0,development
5859,2194-IIQOF,0,holdout
5860,4512-ZUIYL,1,development
5861,9631-RXVJM,0,development
5862,9584-EXCDZ,0,development
5863,7969-AULMZ,1,holdout
5864,5093-FEGLU,0,holdout
5865,2621-UDNLU,0,development
5866,7526-IVLYU,0,development
5867,2428-HYUNX,0,development
5868,9214-EKVXR,0,development
5869,3410-MHHUM,0,development
5870,0568-ONFPC,1,development
5871,0733-VUNUW,1,development
5872,4550-EVXNY,1,development
5873,2122-YWVYA,0,holdout
5874,2968-SSGAA,1,holdout
5875,2296-DKZFP,0,development
5876,4844-JJWUY,1,development
5877,6777-TGHTM,1,development
5878,8909-BOLNL,0,development
5879,6603-YRDCJ,0,holdout
5880,3538-WZPHD,1,holdout
5881,3229-USWAR,0,development
5882,2138-VFAPZ,0,holdout
5883,6131-JLWZM,0,development
5884,4785-QRJHC,1,holdout
5885,0269-XFESX,0,development
5886,1709-EJDOX,0,development
5887,4316-XCSLJ,0,development
5888,8610-WFCJF,1,development
5889,9693-XMUOB,0,development
5890,0383-CLDDA,0,holdout
5891,4905-JEFDW,1,development
5892,2709-UQGNP,0,development
5893,3549-ZTMNH,0,development
5894,7881-INRLC,1,development
5895,8033-ATFAS,0,development
5896,1635-NZATJ,0,development
5897,0562-HKHML,0,development
5898,8277-RVRSV,0,development
5899,9943-VSZUV,0,development
5900,0117-LFRMW,1,holdout
5901,6172-FECYY,1,development
5902,7054-ENNGU,0,development
5903,1455-HFBXA,0,holdout
5904,9402-CXWPL,0,development
5905,1628-BIZYP,0,development
5906,1965-AKTSX,1,development
5907,0082-LDZUE,0,development
5908,4786-UKSNZ,1,development
5909,5343-SGUBI,0,development
5910,0856-NAOES,0,development
5911,1976-AZZPJ,0,development
5912,7248-VZQLC,1,development
5913,6156-UZDLF,0,development
5914,3099-OONVS,0,development
5915,9500-WBGRP,0,development
5916,5183-KLYEM,0,development
5917,5144-PQCDZ,0,development
5918,8514-VZHEB,0,development
5919,6625-IUTTT,0,development
5920,9355-NPPFS,0,development
5921,0068-FIGTF,0,development
5922,5965-GGPRW,0,development
5923,8035-PWSEV,0,holdout
5924,2236-HILPA,0,development
5925,1840-BIUOG,0,development
5926,1356-MKYSK,0,development
5927,6080-LNESI,0,development
5928,1830-IPXVJ,0,holdout
5929,5828-DWPIL,0,development
5930,8398-TBIYD,0,development
5931,0011-IGKFF,1,development
5932,4192-GORJT,1,development
5933,6496-SLWHQ,1,development
5934,9912-GVSEQ,1,development
5935,2931-FSOHN,0,development
5936,9418-RUKPH,0,development
5937,5383-MMTWC,1,development
5938,9971-ZWPBF,0,development
5939,4712-AUQZO,0,holdout
5940,9711-FJTBX,0,development
5941,2908-ZTPNF,0,development
5942,7240-ETPTR,1,development
5943,2202-CUYXZ,1,development
5944,5995-OIGLP,1,development
5945,8421-WZOOW,0,development
5946,6261-RCVNS,1,development
5947,7951-QKZPL,1,development
5948,1414-YADCW,0,development
5949,8756-RDDLT,0,development
5950,2862-PFNIK,0,development
5951,5816-QVHRX,0,development
5952,4430-YHXGG,0,development
5953,6888-SBYAI,0,development
5954,7395-XWZOY,0,development
5955,7169-YWAMK,0,development
5956,3640-PHQXK,1,development
5957,6877-LGWXO,1,development
5958,6859-RKMZJ,0,development
5959,2729-VNVAP,0,development
5960,2957-JIRMN,0,development
5961,2049-BAFNW,0,development
5962,3842-QTGDL,0,development
5963,7163-OCEQI,0,development
5964,9782-LGXMC,0,development
5965,5975-BAICR,0,development
5966,8019-ENHXU,1,development
5967,5167-GBFRE,1,development
5968,9033-EOXWV,1,development
5969,4673-KKSLS,0,development
5970,4853-OITSN,0,development
5971,9800-OUIGR,0,development
5972,1324-NLTJE,1,development
5973,2324-EFHVG,0,development
5974,7094-MSZAO,0,development
5975,1522-VVDMG,1,development
5976,6907-CQGPN,0,holdout
5977,0780-XNZFN,0,development
5978,0239-OXEXL,0,development
5979,2675-IJRGJ,0,development
5980,7049-GKVZY,0,holdout
5981,8577-QSOCG,0,development
5982,3721-CNZHX,0,development
5983,0212-ISBBF,0,development
5984,9185-TQCVP,1,development
5985,3585-YNADK,0,holdout
5986,5271-DBYSJ,0,development
5987,1099-GODLO,0,development
5988,6828-HMKWP,0,development
5989,5567-WSELE,1,development
5990,1472-TNCWL,0,holdout
5991,8063-RJYNF,1,holdout
5992,0687-ZVTHB,1,development
5993,2080-GKCWQ,0,development
5994,9661-ACXBS,1,holdout
5995,2193-SFWQW,0,development
5996,5656-JAMLX,0,development
5997,3462-BJQQA,0,development
5998,0442-TDYUO,0,development
5999,6733-LRIZX,0,development
6000,9503-XJUME,0,development
6001,4367-NHWMM,0,development
6002,3727-RJMEO,1,development
6003,3779-OSWCF,0,development
6004,6736-DHUQI,0,development
6005,3915-ODIYG,0,development
6006,1360-RCYRT,0,development
6007,2724-FJDYW,0,development
6008,4451-RWASJ,0,development
6009,6646-VRFOL,1,holdout
6010,3460-TJBWI,0,development
6011,5917-HBSDW,0,development
6012,5685-IIXLY,1,development
6013,5671-UUNXD,0,development
6014,0956-ACVZC,0,development
6015,2325-NBPZG,0,development
6016,4250-ZBWLV,1,development
6017,4482-FTFFX,0,development
6018,8859-DZTGQ,0,holdout
6019,0440-MOGPM,0,development
6020,0020-JDNXP,0,development
6021,3752-CQSJI,0,development
6022,5025-GOOKI,0,development
6023,4698-KVLLG,0,development
6024,5095-AESKG,1,holdout
6025,2887-JPYLU,0,development
6026,4770-QAZXN,0,development
6027,4896-CPRPF,0,holdout
6028,1871-MOWRM,1,development
6029,9714-EDSUC,0,holdout
6030,2027-OAQQC,1,development
6031,0282-NVSJS,0,development
6032,9090-SGQXL,1,development
6033,6595-YGXIT,1,development
6034,7353-YOWFP,0,development
6035,9835-ZIITK,1,development
6036,8008-ESFLK,0,development
6037,7537-CBQUZ,0,development
6038,1555-DJEQW,1,development
6039,5649-TJHOV,1,development
6040,0519-XUZJU,1,development
6041,3363-EWLGO,0,development
6042,4750-UKWJK,0,holdout
6043,6338-AVWCY,1,development
6044,1689-YQBYY,0,holdout
6045,4487-ZYJZK,0,development
6046,2959-FENLU,0,holdout
6047,0708-LGSMF,0,development
6048,9253-QXKBE,1,development
6049,7634-HLQJR,0,development
6050,0487-RPVUM,0,development
6051,4079-ULGFR,0,development
6052,2516-XSJKX,0,development
6053,0057-QBUQH,0,development
6054,9445-SZLCH,1,development
6055,6599-SFQVE,0,development
6056,8331-ZXFOE,0,development
6057,4003-FUSHP,0,development
6058,0356-ERHVT,0,development
6059,7325-ENZFI,0,development
6060,4884-ZTHVF,0,development
6061,3920-HIHMQ,0,development
6062,3055-OYMSE,0,development
6063,0613-WUXUM,0,development
6064,7568-PODML,1,development
6065,4458-KVRBJ,0,holdout
6066,5349-IECLD,1,development
6067,1397-XKKWR,0,development
6068,3945-GFWQL,1,development
6069,8097-OMULG,0,development
6070,6013-BHCAW,0,development
6071,0401-WDBXM,0,development
6072,3387-PLKUI,0,development
6073,6096-EGVTU,0,holdout
6074,3797-VTIDR,1,holdout
6075,5081-NWSUP,0,development
6076,2580-ATZSQ,0,holdout
6077,8085-MSNLK,0,holdout
6078,9691-HKOVS,0,development
6079,9881-VCZEP,0,development
6080,9526-BIHHD,1,holdout
6081,8757-TFHHJ,0,holdout
6082,4523-WXCEF,1,development
6083,1468-DEFNC,0,holdout
6084,5119-KEPFY,0,development
6085,8364-TRMMK,1,development
6086,0916-KNFAJ,0,development
6087,8319-QBEHW,0,development
6088,3063-QFSZL,1,development
6089,8775-LHDJH,1,development
6090,9625-QNLUX,0,development
6091,3097-NQYSN,1,development
6092,4024-CSNBY,0,development
6093,7110-BDTWG,0,holdout
6094,7493-GVFIO,0,development
6095,0690-SRQID,0,development
6096,9605-WGJVW,0,holdout
6097,9114-DPSIA,0,development
6098,4700-UBQMV,0,development
6099,7711-GQBZC,0,holdout
6100,3565-UNOCC,1,development
6101,4627-MIHJH,0,holdout
6102,9795-NREXC,0,development
6103,8573-CGOCC,0,development
6104,7356-AYNJP,0,development
6105,9249-FXSCK,1,development
6106,5493-SDRDQ,1,development
6107,6286-SUUWT,0,development
6108,4819-HJPIW,0,development
6109,8654-DHAOW,0,development
6110,5438-QMDDL,0,holdout
6111,9812-GHVRI,0,development
6112,5553-AOINX,0,development
6113,1228-ZLNBX,0,development
6114,4226-KKDON,0,development
6115,3831-YCPUO,0,holdout
6116,7445-WMRBW,0,development
6117,3308-DGHKL,0,development
6118,9924-JPRMC,0,holdout
6119,0080-EMYVY,0,development
6120,6218-KNUBD,0,development
6121,7337-CINUD,0,development
6122,7609-NRNCA,0,development
6123,0623-EJQEG,0,development
6124,7153-CHRBV,0,development
6125,0871-URUWO,1,development
6126,9190-MFJLN,1,development
6127,6198-PNNSZ,0,development
6128,3317-VLGQT,0,holdout
6129,4132-POCZS,0,development
6130,5614-DNZCE,0,holdout
6131,1095-JUDTC,1,holdout
6132,3896-RCYYE,0,holdout
6133,9638-JIQYA,0,development
6134,3258-SANFR,0,holdout
6135,3726-TBHQT,0,development
6136,3190-ITQXP,0,development
6137,0870-VEMYL,1,development
6138,4833-QTJNO,0,holdout
6139,3039-MJSLN,0,development
6140,0178-CIIKR,0,development
6141,5385-SUIRI,1,development
6142,3982-XWFZQ,1,development
6143,5774-QPLTF,0,development
6144,2322-VCZHZ,0,holdout
6145,5010-IPEAQ,0,development
6146,4009-ALQFH,1,development
6147,6383-ZTSIW,0,development
6148,8990-YOZLV,0,development
6149,3069-SSVSN,0,development
6150,5222-IMUKT,0,holdout
6151,3627-FCRDW,1,development
6152,7562-GSUHK,1,holdout
6153,6685-XSHHU,0,development
6154,8901-UPRHR,0,development
6155,4903-UYAVB,1,development
6156,0118-JPNOY,0,development
6157,6776-TLWOI,1,development
6158,3845-FXCYS,0,development
6159,5857-XRECV,0,holdout
6160,0725-CXOTM,0,holdout
6161,4343-EJVQB,0,development
6162,9000-PLFUZ,0,development
6163,3427-GGZZI,0,holdout
6164,7779-ORAEL,0,development
6165,0644-OQMDK,0,holdout
6166,4077-CROMM,1,holdout
6167,3154-CFSZG,0,development
6168,2868-MZAGQ,1,development
6169,4847-QNOKA,1,development
6170,2220-IAHLS,0,development
6171,1658-XUHBX,0,holdout
6172,6379-RXJRQ,1,development
6173,2378-HTWFW,0,development
6174,8650-RHRKE,1,development
6175,4377-VDHYI,0,development
6176,0475-RIJEP,1,development
6177,1260-TTRXI,1,development
6178,3719-TDVQB,0,development
6179,6328-ZPBGN,1,development
6180,0201-MIBOL,0,development
6181,4937-QPZPO,0,development
6182,2925-VDZHY,0,development
6183,6981-TDRFT,0,development
6184,3413-CSSTH,0,development
6185,8033-VCZGH,0,development
6186,4789-KWMXN,1,development
6187,0224-NIJLP,0,development
6188,7542-CYDDM,0,holdout
6189,4718-WXBGI,0,holdout
6190,2867-UIMSS,1,development
6191,8495-PRWFH,0,holdout
6192,0439-IFYUN,0,development
6193,5716-LIBJC,0,development
6194,2868-LLSKM,0,development
6195,8111-RKSPX,1,development
6196,2988-QRAJY,0,development
6197,1585-MQSSU,1,holdout
6198,0071-NDAFP,0,development
6199,2856-NNASM,1,development
6200,7328-ZJAJO,0,development
6201,6458-CYIDZ,0,development
6202,8559-CIZFV,1,development
6203,1090-PYKCI,0,development
6204,3058-WQDRE,0,development
6205,7547-EKNFS,1,development
6206,2279-AXJJK,0,development
6207,6769-DYBQN,1,development
6208,0909-SELIE,0,development
6209,3417-TSCIC,0,development
6210,1042-HFUCW,0,holdout
6211,4439-JMPMT,1,development
6212,6537-OTKMY,0,holdout
6213,8999-EXMNO,0,development
6214,6725-TPKJO,0,holdout
6215,2446-BEGGB,1,development
6216,7162-WPHPM,0,development
6217,1599-MMYRQ,0,development
6218,8821-KVZKQ,0,development
6219,1496-GGSUK,1,development
6220,6434-TTGJP,0,development
6221,0042-JVWOJ,0,development
6222,0130-SXOUN,0,development
6223,2575-GFSOE,1,development
6224,2330-PQGDQ,0,development
6225,1452-UZOSF,0,development
6226,2097-YVPKN,0,development
6227,2842-JTCCU,1,holdout
6228,8597-CTXVJ,0,development
6229,6631-HMANX,0,development
6230,9962-BFPDU,0,development
6231,3296-SILRA,1,development
6232,9681-OXGVC,1,holdout
6233,6394-HHHZM,0,development
6234,5995-LFTLE,0,holdout
6235,5180-UCIIQ,1,holdout
6236,1932-UEDCX,0,development
6237,7153-OANIO,1,development
6238,5188-HGMLP,0,development
6239,0665-XHDJU,0,development
6240,6521-YYTYI,1,holdout
6241,8878-HMWBV,1,development
6242,8265-HKSOW,0,holdout
6243,3544-FBCAS,0,holdout
6244,5331-RGMTT,0,holdout
6245,4759-PXTAN,0,development
6246,7054-DMVAS,0,development
6247,3428-MMGUB,0,development
6248,6549-BTYPG,0,development
6249,7823-JSOAG,0,holdout
6250,3705-RHRFR,0,development
6251,9374-YOLBJ,0,development
6252,9074-KGVOX,0,development
6253,6128-DAFVY,0,holdout
6254,9933-QRGTX,0,holdout
6255,4476-OSWTN,0,development
6256,3751-KTZEL,1,holdout
6257,1977-STDKI,1,development
6258,5066-GFJMM,0,development
6259,2661-GKBTK,0,development
6260,0458-HEUZG,0,holdout
6261,7268-WNTCP,0,development
6262,0824-VWDPO,0,development
6263,8409-WQJUX,0,development
6264,2578-JQPHZ,0,holdout
6265,3278-FSIXX,0,development
6266,5813-UECBU,1,development
6267,0328-GRPMV,1,holdout
6268,9746-UGFAC,0,development
6269,2946-KIQSP,0,development
6270,0625-AFOHS,0,development
6271,6726-WEXXK,0,development
6272,4636-OLWOE,0,development
6273,4342-HENTK,1,development
6274,4685-ERGHK,0,development
6275,0885-HMGPY,0,development
6276,5003-OKNNK,0,development
6277,4195-SMMNX,1,holdout
6278,7208-PSIHR,0,development
6279,4012-ZTHBR,0,development
6280,0489-WMEMG,0,development
6281,7435-ZNUYY,0,development
6282,1354-YZFNB,0,development
6283,6956-SMUCM,1,development
6284,2985-FMWYF,0,development
6285,2812-ENYMO,0,development
6286,2717-HVIZY,0,development
6287,3223-WZWJM,1,development
6288,3422-GALYP,0,development
6289,9053-JZFKV,1,development
6290,2530-ENDWQ,1,development
6291,2890-WFBHU,0,development
6292,0327-WFZSY,0,holdout
6293,7977-HXJKU,0,development
6294,6615-ZGEDR,1,development
6295,7033-CLAMM,0,development
6296,4023-RTIQM,0,holdout
6297,0864-FVJNJ,0,development
6298,7356-IWLFW,0,development
6299,9541-PWTWO,0,development
6300,3967-VQOGC,0,development
6301,7872-RDDLZ,0,development
6302,9250-WYPLL,1,development
6303,6308-CQRBU,0,development
6304,2754-XBHTB,1,development
6305,1597-LHYNC,1,development
6306,0186-CAERR,0,development
6307,3043-SUDUA,0,holdout
6308,5442-BHQNG,0,development
6309,2169-RRLFW,0,holdout
6310,5872-OEQNH,0,development
6311,3162-KKZXO,0,development
6312,7055-VKGDA,1,development
6313,0754-UKWQP,1,holdout
6314,8873-GLDMH,0,holdout
6315,5696-JVVQY,0,development
6316,8946-BFWSG,0,development
6317,7493-TPUWZ,1,development
6318,0547-HURJB,0,development
6319,8904-OPDCK,0,development
6320,8845-LWKGE,0,holdout
6321,1577-HKTFG,1,development
6322,8752-STIVR,1,development
6323,0691-NIKRI,0,development
6324,5022-JNQEQ,0,holdout
6325,4558-FANTW,1,development
6326,3249-VHRIP,0,development
6327,3736-BLEPA,0,development
6328,4701-LKOZD,0,development
6329,6603-QWSPR,0,development
6330,9921-QFQUL,0,development
6331,1929-ZCBHE,0,development
6332,4378-MYPGO,0,holdout
6333,8651-ENBZX,1,development
6334,4129-LYCOI,0,holdout
6335,7798-JVXYM,0,development
6336,8647-SDTWQ,0,development
6337,2696-ECXKC,0,holdout
6338,2081-KJSQF,0,development
6339,7623-TRNQN,1,holdout
6340,3323-CPBWR,0,development
6341,9330-IJWIO,1,development
6342,3384-CTMSF,0,development
6343,0902-RFHOF,0,holdout
6344,9286-DOJGF,1,development
6345,6048-QBXKL,0,development
6346,9661-MHUMO,1,holdout
6347,7718-RXDGG,0,development
6348,1025-FALIX,0,holdout
6349,3451-VAWLI,0,development
6350,3407-QGWLG,0,development
6351,1842-EZJMK,1,development
6352,2347-WKKAE,0,development
6353,8735-DCXNF,0,development
6354,3214-IYUUQ,0,development
6355,1936-UAFEH,0,holdout
6356,3587-PMCOY,0,development
6357,8079-XRJRS,1,development
6358,1027-LKKQQ,0,holdout
6359,7148-XZPHA,0,development
6360,8073-IJDCM,1,holdout
6361,5309-TAIKL,0,development
6362,6856-RAURS,0,development
6363,8778-LMWTJ,0,development
6364,9717-IOAAF,0,development
6365,8884-ADFVN,1,development
6366,2845-KDHVX,0,holdout
6367,0848-SOMKO,0,development
6368,2720-WGKHP,1,development
6369,6734-FQAJX,0,development
6370,2869-ADAWR,1,holdout
6371,1535-VTJOQ,0,development
6372,6368-TZZDT,0,development
6373,0943-ZQPXH,0,development
6374,1293-BSEUN,0,development
6375,9894-EZEWG,1,development
6376,1302-TPUBN,0,development
6377,7851-FLGGQ,1,holdout
6378,0637-UBJRP,1,development
6379,0940-OUQEC,1,development
6380,2378-VTKDH,0,development
6381,0927-CNGRH,0,development
6382,8608-OZTLB,0,development
6383,2335-GSODA,0,development
6384,1952-DVVSW,0,holdout
6385,0702-PGIBZ,1,development
6386,6656-GULJQ,0,development
6387,9853-JFZDU,0,development
6388,1963-VAUKV,1,development
6389,3777-XROBG,0,development
6390,6994-FGRHH,0,development
6391,4000-VGMQP,0,development
6392,3999-WRNGR,0,development
6393,3466-RITXD,0,development
6394,2680-XKKNJ,0,development
6395,3058-HJCUY,1,development
6396,2974-GGUXS,0,holdout
6397,7994-XIRTR,0,development
6398,3259-FDWOY,1,holdout
6399,2101-RANCD,0,development
6400,7921-BEPCI,0,development
6401,0807-ZABDG,1,development
6402,8510-TMWYB,0,development
6403,3258-ZKPAI,0,development
6404,1428-IEDPR,0,development
6405,5298-GSTLM,0,development
6406,4450-YOOHP,0,development
6407,6728-CZFEI,0,development
6408,5748-RNCJT,1,development
6409,3653-NCRDJ,0,development
6410,6121-TNHBO,0,development
6411,5119-NZPTV,0,development
6412,6519-ZHPXP,0,development
6413,7739-LAXOG,1,development
6414,3472-QPRCH,0,development
6415,8224-UAXBZ,0,development
6416,9610-WCESF,0,holdout
6417,9776-CLUJA,1,development
6418,2486-WYVVE,0,development
6419,3865-ZYKAD,0,development
6420,1422-DGUBX,0,development
6421,2999-AANRQ,0,development
6422,8668-KNZTI,0,development
6423,0480-KYJVA,0,development
6424,6034-ZRYCV,1,holdout
6425,9746-YKGXB,0,development
6426,3926-YZVVX,0,development
6427,6000-UKLWI,0,holdout
6428,2079-FBMZK,1,holdout
6429,6332-FBZRI,0,development
6430,2096-XOTMO,0,development
6431,3266-FTKHB,0,development
6432,8221-EQDGL,0,development
6433,2346-LOCWC,0,development
6434,6608-QQLVK,1,development
6435,0298-XACET,0,development
6436,7560-QJAVJ,0,development
6437,2995-YWTCD,0,holdout
6438,3551-HUAZH,1,development
6439,9137-UIYPG,0,development
6440,2809-ZMYOQ,0,development
6441,5084-OOVCJ,0,development
6442,0254-WWRKD,0,development
6443,7727-SHVZV,0,development
6444,6302-JGYRJ,1,development
6445,5339-PXDVH,0,development
6446,2205-LPVGL,0,holdout
6447,8782-NUUOL,0,development
6448,3685-YLCMQ,1,development
6449,7601-WFVZV,0,development
6450,4609-KNNWG,0,holdout
6451,4868-AADLV,0,holdout
6452,9529-OFXHY,0,development
6453,8634-MPHTR,1,development
6454,2669-QVCRG,0,development
6455,2478-EEWWM,0,holdout
6456,9174-IHETN,0,development
6457,2233-TXSIU,0,development
6458,9644-UMGQA,0,development
6459,3256-EZDBI,0,holdout
6460,8761-NSOBC,1,development
6461,0419-YAAPX,0,development
6462,8413-VONUO,1,development
6463,0872-CASZJ,0,holdout
6464,4726-DLWQN,0,holdout
6465,8164-OCKUJ,0,development
6466,3094-JOJAI,0,development
6467,9494-MRNYX,0,development
6468,2599-CZABP,0,development
6469,7945-PRBVF,0,development
6470,4544-RXFMG,0,development
6471,0859-YGKFW,0,holdout
6472,1150-FTQGN,0,development
6473,9223-UCPVT,1,development
6474,7196-LIWRH,0,development
6475,5448-VWNAM,0,holdout
6476,1177-XZBJL,0,development
6477,3518-FSTWG,0,holdout
6478,9330-VOFSZ,0,development
6479,4351-QLCSU,1,development
6480,0939-EREMR,0,holdout
6481,9389-ACWBI,0,development
6482,5419-JPRRN,1,development
6483,3644-QXEHN,0,development
6484,2911-IJORQ,0,development
6485,5921-NGYRH,0,development
6486,2100-BDNSN,1,development
6487,5998-DZLYR,0,development
6488,0488-GSLFR,1,development
6489,9318-NKNFC,1,development
6490,3985-HOYPM,0,development
6491,9728-FTTVZ,1,development
6492,9548-LERKT,0,development
6493,6576-FBXOJ,0,development
6494,4310-KEDTB,0,development
6495,7254-IQWOZ,1,development
6496,2474-BRUCM,1,development
6497,4062-HBMOS,0,development
6498,0742-NXBGR,1,development
6499,2676-ISHSF,0,development
6500,9236-NDUCW,0,development
6501,4753-PADAS,0,holdout
6502,6103-QCKFX,0,development
6503,7781-EWARA,0,holdout
6504,6110-OHIHY,1,development
6505,7018-FPXHH,0,development
6506,5889-LFOLL,1,development
6507,5708-EVONK,1,development
6508,8708-XPXHZ,1,development
6509,0616-ATFGB,1,development
6510,0572-ZJKLT,0,development
6511,5135-RDDQL,0,development
6512,1353-LJWEM,0,holdout
6513,1794-SWWKL,0,development
6514,6166-YIPFO,0,development
6515,7016-BPGEU,1,development
6516,6876-ADESB,1,holdout
6517,9332-GYWLO,0,development
6518,1963-SVUCV,1,development
6519,4184-VODJZ,0,development
6520,0220-EBGCE,1,development
6521,1092-WPIVQ,0,development
6522,7233-IOQNP,0,development
6523,2834-JKOOW,0,holdout
6524,2754-VDLTR,1,development
6525,2400-FEQME,0,development
6526,3190-XFANI,1,development
6527,7551-DACSP,1,development
6528,4957-SREEC,0,development
6529,7235-NXZCP,1,holdout
6530,0230-UBYPQ,0,development
6531,4923-ADWXJ,0,development
6532,1763-KUAAW,0,development
6533,1104-TNLZA,0,development
6534,5195-KPUNQ,0,development
6535,0520-FDVVT,1,holdout
6536,3439-GVUSX,0,development
6537,1444-VVSGW,1,development
6538,5712-PTIWW,1,development
6539,5949-HGVJL,0,development
6540,5203-XEHAX,0,development
6541,1635-HDGFT,0,holdout
6542,3315-TOTBP,1,development
6543,8050-XGRVL,0,development
6544,6661-HBGWL,1,development
6545,1518-VOWAV,1,holdout
6546,9828-QHFBK,0,holdout
6547,3908-MKIMJ,0,development
6548,5012-YSPJJ,0,holdout
6549,5909-ECHUI,1,development
6550,1309-BXVOQ,1,development
6551,6728-VOIFY,0,holdout
6552,9317-WZPGV,1,holdout
6553,4891-NLUBA,0,holdout
6554,2856-HYAPG,1,holdout
6555,8969-PRHFK,0,development
6556,0661-KQHNK,0,development
6557,8709-KRDVL,0,development
6558,4488-PSYCG,1,development
6559,1427-VERSM,0,holdout
6560,9801-NOSHQ,0,development
6561,6339-YPSAH,0,development
6562,3621-CEOVK,1,development
6563,6906-ANDWJ,1,development
6564,2159-TURXX,0,development
6565,1548-FEHVL,0,development
6566,3795-CAWEX,0,development
6567,6215-NQCPY,0,development
6568,5647-URDKA,0,development
6569,2229-DPMBI,0,development
6570,9626-WEQRM,0,development
6571,2188-SXWVT,0,development
6572,6258-PVZWJ,0,holdout
6573,1094-BKOSX,0,development
6574,6969-MVBAI,0,development
6575,2978-XXSOG,0,development
6576,2342-CKIAO,0,development
6577,6953-PBDIN,0,development
6578,3898-BSJYF,0,development
6579,3938-YFPXD,0,development
6580,7696-AMHOD,0,development
6581,2453-SAFNS,0,development
6582,9558-IHEZX,0,development
6583,9617-UDPEU,0,development
6584,6340-DACFT,0,development
6585,4955-VCWBI,0,holdout
6586,6813-GZQCG,0,holdout
6587,7426-GSWPO,0,development
6588,3389-KTRXV,0,development
6589,3118-UHVVQ,0,development
6590,1031-IIDEO,1,development
6591,5832-XKAES,1,development
6592,3205-MXZRA,0,development
6593,4701-AHWMW,1,development
6594,8317-BVKSO,0,holdout
6595,5702-KVQRD,0,development
6596,0083-PIVIK,0,development
6597,9210-IAHGH,1,development
6598,6169-PGNCD,0,development
6599,0023-XUOPT,1,development
6600,4592-IWTJI,1,development
6601,4909-JOUPP,0,development
6602,4657-FWVFY,0,development
6603,2257-BOVXD,0,development
6604,7729-JTEEC,0,holdout
6605,7632-MNYOY,1,development
6606,6518-LGAOV,1,development
6607,7242-QZLXF,1,holdout
6608,4576-CSAJH,1,development
6609,1000-AJSLD,1,development
6610,9696-RMYBA,0,development
6611,8690-UPCZI,0,development
6612,1062-LHZOD,1,development
6613,9770-LXDBK,0,development
6614,4086-WITJG,0,development
6615,8344-WFMFH,0,development
6616,9600-NAXZN,1,holdout
6617,8822-KNBHV,0,development
6618,8404-FYDIB,0,development
6619,2791-SFVEW,0,development
6620,6457-USBER,1,holdout
6621,6762-NSODU,0,development
6622,4662-EKDPQ,1,development
6623,9248-OJYKK,1,development
6624,9888-ZCUMM,0,development
6625,3398-FSHON,1,development
6626,3319-DWOEP,1,development
6627,1074-WVEVG,0,development
6628,9979-RGMZT,0,development
6629,6437-UDQJM,0,development
6630,1226-IENZN,0,holdout
6631,2108-GLPQB,0,development
6632,9259-PACGQ,1,development
6633,4415-IJZTP,1,development
6634,1465-VINDH,1,development
6635,5474-LAMUQ,0,development
6636,3468-DRVQJ,0,development
6637,1122-YJBCS,0,development
6638,4990-ALDGW,0,development
6639,4816-OKWNX,0,development
6640,3315-IKYZQ,0,development
6641,2810-FTLEM,1,holdout
6642,4747-LCAQL,0,holdout
6643,3411-WLRSQ,0,development
6644,0898-XCGTF,0,development
6645,8006-PYCSW,0,development
6646,8249-THVEC,0,development
6647,8722-PRFDV,0,development
6648,2164-SOQXL,0,development
6649,4020-KIUDI,0,development
6650,5850-BDWCY,0,development
6651,2038-YSEZE,0,holdout
6652,0827-ITJPH,0,development
6653,8799-OXZMD,0,development
6654,1925-TIBLE,1,holdout
6655,1705-GUHPV,0,development
6656,4779-ZGICK,0,development
6657,0048-PIHNL,0,development
6658,0818-OCPZO,1,development
6659,3967-KXAPS,0,development
6660,1447-GIQMR,1,development
6661,3704-IEAXF,0,development
6662,6810-VCAEX,0,development
6663,0674-EYYZV,0,development
6664,4480-MBMLB,0,development
6665,1395-OFUWC,0,development
6666,0822-QGCXA,0,development
6667,0872-NXJYS,1,holdout
6668,2832-KJCRD,0,holdout
6669,3588-WSTTJ,0,holdout
6670,4075-WKNIU,0,development
6671,5090-EMGTC,0,development
6672,2346-CZYIL,0,development
6673,3798-EPWRR,0,development
6674,6258-NGCNG,0,holdout
6675,4186-ZBUEW,0,holdout
6676,5274-XHAKY,0,development
6677,1442-BQPVU,0,holdout
6678,3978-YNKDD,0,holdout
6679,4940-KHCWD,0,development
6680,9412-ARGBX,1,development
6681,1389-CXMLU,1,holdout
6682,9589-ABEPT,0,holdout
6683,9388-ZEYVT,0,development
6684,0305-SQECB,0,development
6685,7605-SNLQG,0,development
6686,4670-TABXH,0,development
6687,5561-NWEVX,1,holdout
6688,0064-SUDOG,0,development
6689,8561-NMTBD,0,holdout
6690,5161-XEUVX,0,development
6691,8292-FRFZQ,0,development
6692,8591-NXRCV,0,development
6693,7895-VONWT,0,development
6694,4526-RMTLL,0,development
6695,6253-GNHWH,0,development
6696,4566-NECEV,0,development
6697,8080-POTJR,0,development
6698,6906-MPARY,0,development
6699,3662-FXJFO,0,development
6700,8107-RZLNV,0,holdout
6701,0516-OOHAR,0,development
6702,2027-CWDNU,0,development
6703,2737-WFVYW,1,development
6704,9912-OMZDS,0,development
6705,3733-ZEECP,0,development
6706,7878-RTCZG,0,development
6707,2452-MRMZF,0,development
6708,2272-QAGFO,1,development
6709,7103-IPXPJ,0,development
6710,4342-HFXWS,0,development
6711,3545-CNWRG,0,development
6712,1785-BPHTP,0,development
6713,4989-LIXVT,0,development
6714,7315-WYOAW,0,development
6715,1173-XZPYF,0,development
6716,9850-OWRHQ,1,development
6717,3768-NLUBH,1,development
6718,8676-TRMJS,1,holdout
6719,2509-TFPJU,0,holdout
6720,9530-GRMJG,0,development
6721,6898-RBTLU,0,development
6722,5481-NTDOH,0,development
6723,2068-WWXQZ,0,development
6724,7359-SSBJK,1,development
6725,2061-VVFST,0,development
6726,0685-MLYYM,1,development
6727,0749-IRGQE,0,development
6728,2380-DAMQP,0,development
6729,2256-YLYLP,0,development
6730,1272-ILHFG,0,holdout
6731,0164-XAIRP,0,holdout
6732,5666-CYCYZ,0,holdout
6733,4011-ARPHK,0,development
6734,8182-PNAGI,1,development
6735,6365-HITVU,0,development
6736,7558-IMLMT,0,development
6737,9488-FYQAU,0,holdout
6738,3590-TCXTB,0,holdout
6739,6994-KERXL,0,holdout
6740,7957-RYHQD,1,development
6741,2180-DXNEG,1,development
6742,1960-UOTYM,0,development
6743,2740-JFBOK,0,development
6744,6500-JVEGC,0,development
6745,5515-AKOAJ,1,development
6746,8976-OQHGT,1,holdout
6747,5245-VDBUR,0,holdout
6748,6230-BSUXY,1,development
6749,8469-SNFFH,0,development
6750,2144-ESWKO,0,holdout
6751,1241-FPMOF,0,development
6752,9928-BZVLZ,0,holdout
6753,4114-QMKVN,0,development
6754,2775-SEFEE,0,development
6755,9003-CPATH,0,development
6756,1754-GKYPY,0,development
6757,5294-CDGWY,1,holdout
6758,7956-XQWGU,0,development
6759,1591-MQJTP,0,development
6760,5295-PCJOO,1,development
6761,2369-FEVNO,0,development
6762,9863-JZAIC,1,development
6763,7471-MQPOS,0,development
6764,7660-HDPJV,1,holdout
6765,5115-SQAAU,0,development
6766,9845-QOMAD,0,development
6767,7672-VFMXZ,0,development
6768,9739-JLPQJ,0,development
6769,9916-AYHTC,0,development
6770,3855-ONCAR,0,holdout
6771,1488-SYSFC,0,development
6772,7931-PXHFC,1,development
6773,3990-QYKBE,1,development
6774,0970-QXPXW,0,holdout
6775,3259-KNMRR,0,development
6776,6120-RJKLU,0,development
6777,9572-WUKSB,0,holdout
6778,5893-KCLGT,0,development
6779,0076-LVEPS,0,development
6780,3640-JQGJG,0,development
6781,4919-MOAVT,1,development
6782,1596-OQSPS,0,development
6783,9867-XOBQA,0,development
6784,9546-KDTRB,0,development
6785,3090-HAWSU,1,holdout
6786,9820-RMCQV,1,development
6787,3174-RKMOW,0,holdout
6788,1760-CAZHT,0,development
6789,7839-QRKXN,1,development
6790,8441-SHIPE,0,development
6791,5204-QZXPU,1,development
6792,4597-ELFTS,1,development
6793,1320-GVNHT,0,development
6794,1047-RNXZV,0,development
6795,3541-ZNUHK,0,development
6796,8450-JOVAH,1,development
6797,8725-JEDFD,0,development
6798,7562-UXTPG,0,development
6799,8071-SBTRN,0,development
6800,1113-IUJYX,1,development
6801,6668-CNMFP,0,development
6802,5626-MGTUK,0,development
6803,5681-LLOEI,0,development
6804,8212-DJRCH,0,development
6805,4323-OHFOW,0,development
6806,4933-BSAIP,0,development
6807,2030-BTZRO,0,development
6808,1116-DXXDF,0,development
6809,9274-CNFMO,1,development
6810,7758-XKCBS,1,development
6811,8992-JQYUN,1,development
6812,6563-VNPMN,0,development
6813,0617-AQNWT,1,development
6814,2267-WTPYD,0,development
6815,0270-THENM,0,development
6816,2446-PLQVO,1,holdout
6817,4707-MAXGU,0,development
6818,2710-WYVXG,0,development
6819,3005-NFMTA,1,development
6820,6300-BWMJX,0,development
6821,8784-CGILN,1,development
6822,5389-FFVKB,1,development
6823,7009-LGECI,0,holdout
6824,8444-WRIDW,1,development
6825,5022-KVDQT,0,development
6826,7976-CICYS,0,development
6827,1036-GUDCL,0,development
6828,2005-DWQZJ,0,development
6829,8148-WOCMK,0,holdout
6830,7815-PDTHL,0,development
6831,9451-LPGOO,1,holdout
6832,9173-IVZVP,0,development
6833,9129-UXERG,0,holdout
6834,3635-JBPSG,0,development
6835,7964-ZRKKG,0,development
6836,5868-YWPDW,1,development
6837,6229-LSCKB,0,development
6838,2025-JKFWI,1,development
6839,4078-SAYYN,1,development
6840,1724-IQWNM,0,holdout
6841,8217-QYOHV,0,development
6842,5546-QUERU,0,development
6843,9940-HPQPG,1,development
6844,6897-UUBNU,0,holdout
6845,6127-IYJOZ,0,development
6846,6618-RYATB,1,holdout
6847,8930-XOTDP,0,development
6848,5916-QEWPT,0,development
6849,5060-TQUQN,0,development
6850,0531-XBKMM,0,development
6851,8465-SBRXP,0,development
6852,2408-PSJVE,0,development
6853,9079-YEXQJ,1,development
6854,9700-ZCLOT,0,development
6855,8738-JOKAR,0,holdout
6856,4534-WGCIR,0,development
6857,1930-WNXSB,0,development
6858,2685-SREOM,1,holdout
6859,3508-CFVZL,0,development
6860,0402-CQAJN,1,development
6861,6692-UDPJC,1,development
6862,1273-MTETI,1,development
6863,0657-DOGUM,0,development
6864,5480-HPRRX,1,development
6865,8792-AOROI,0,development
6866,0295-PPHDO,1,development
6867,5146-YYFRZ,0,development
6868,1195-OIYEJ,1,development
6869,5906-CVLHP,1,development
6870,3452-SRFEG,0,development
6871,4070-OKWVH,0,development
6872,5297-MDOIR,0,development
6873,6369-MCAKO,0,development
6874,4926-UMJZD,0,development
6875,6848-HJTXY,0,development
6876,6341-AEVKX,0,development
6877,4501-EQDRN,1,development
6878,2990-HWIML,1,development
6879,0682-USIXD,0,development
6880,6976-BWGLQ,0,development
6881,7078-NVFAM,0,development
6882,8065-QBYTO,0,development
6883,2133-TSRRM,0,development
6884,7384-GHBPI,1,development
6885,7603-USHJS,1,development
6886,7234-FECYN,1,development
6887,2511-ALLCS,0,development
6888,3191-CSNMG,0,development
6889,7952-OBOYL,0,holdout
6890,7470-DYNOE,0,development
6891,7853-OETYL,0,holdout
6892,1545-ACTAS,0,development
6893,5876-HZVZM,1,development
6894,1400-MMYXY,1,development
6895,5126-RCXYW,0,development
6896,3085-QUOZK,1,development
6897,2363-BJLSL,0,development
6898,1956-YIFGE,0,development
6899,3926-CUQZX,1,development
6900,7921-LMDFQ,0,development
6901,2925-MXLSX,0,development
6902,5820-PTRYM,0,development
6903,9609-BENEA,0,holdout
6904,6211-WHMYA,0,development
6905,4459-BBGHE,0,development
6906,9945-PSVIP,0,development
6907,1041-RXHRA,1,development
6908,1750-CSKKM,1,holdout
6909,9108-EJFJP,0,development
6910,0530-IJVDB,0,development
6911,0508-SQWPL,0,development
6912,2215-ZAFGX,0,development
6913,8213-TAZPM,0,development
6914,7142-HVGBG,1,holdout
6915,1304-SEGFY,0,development
6916,7242-EDTYC,0,holdout
6917,2904-GGUAZ,0,development
6918,8267-ZNYVZ,1,development
6919,5136-GFPMB,0,development
6920,2595-KIWPV,0,development
6921,5243-SAOTC,0,development
6922,9398-MMQTO,0,development
6923,7619-PLRLP,0,development
6924,6457-GIRWB,1,development
6925,6508-NJYRO,0,holdout
6926,1450-SKCVI,1,development
6927,4710-NKCAW,0,development
6928,5306-BVTKJ,0,development
6929,0357-NVCRI,0,development
6930,5570-PTWEH,1,development
6931,2371-KFUOG,0,development
6932,0463-ZSDNT,0,development
6933,6502-MJQAE,1,development
6934,6257-DTAYD,0,development
6935,4616-ULAOA,0,development
6936,7693-LCKZL,1,development
6937,7746-AWNQW,0,holdout
6938,5996-EBTKM,0,holdout
6939,2758-RNWXS,0,development
6940,2314-TNDJQ,0,holdout
6941,2405-LBMUW,0,holdout
6942,3454-JFUBC,0,holdout
6943,0032-PGELS,1,development
6944,9039-ZVJDC,0,development
6945,6797-LNAQX,1,development
6946,9013-AQORL,0,development
6947,2898-MRKPI,0,development
6948,2750-BJLSB,0,holdout
6949,3648-GZPHF,0,development
6950,2075-RMJIK,0,development
6951,9588-YRFHY,0,development
6952,6394-MFYNG,1,development
6953,1564-NTYXF,1,holdout
6954,9364-YKUVW,0,development
6955,5392-AKEMH,0,development
6956,2451-YMUXS,0,holdout
6957,3914-FDRHP,0,development
6958,3078-ZKNTS,0,development
6959,1024-KPRBB,0,development
6960,4690-PKDQG,0,development
6961,8155-IBNHG,1,development
6962,0886-QGENL,1,development
6963,9547-ITEFG,0,development
6964,1264-FUHCX,0,development
6965,7789-CRUVC,0,development
6966,6598-KELSS,0,development
6967,8739-WWKDU,1,holdout
6968,8685-WHQPW,1,development
6969,4745-LSPLO,1,development
6970,8083-YTZES,1,holdout
6971,7240-FQLHE,1,development
6972,6664-FPDAC,1,holdout
6973,9972-VAFJJ,0,development
6974,0422-UXFAP,0,development
6975,1904-WAJAA,0,holdout
6976,5130-YPIRV,0,development
6977,2843-CQMEG,0,development
6978,6439-PKTRR,0,development
6979,5351-QESIO,0,development
6980,0786-VSSUD,1,holdout
6981,5568-DMXZS,0,holdout
6982,8468-FZTOE,0,development
6983,6633-SYEUS,0,development
6984,6447-GORXK,0,development
6985,6967-PEJLL,0,development
6986,3976-BWUCK,1,development
6987,5981-ZVXOT,0,development
6988,1684-FLBGS,0,development
6989,1389-WNUIB,0,development
6990,0376-OIWME,0,development
6991,3585-ISXZP,1,development
6992,0218-QNVAS,0,development
6993,6583-QGCSI,1,development
6994,0804-YGEQV,0,development
6995,7164-BPTUT,0,holdout
6996,4174-LPGTI,1,development
6997,2523-EWWZL,0,development
6998,0928-XUTSN,0,development
6999,2108-XWMPY,1,holdout
7000,0052-YNYOT,0,development
7001,6304-IJFSQ,1,development
7002,9586-JGQKH,0,holdout
7003,4501-VCPFK,0,development
7004,6075-SLNIL,0,development
7005,9347-AERRL,0,development
7006,0093-XWZFY,1,development
7007,2274-XUATA,0,development
7008,1980-KXVPM,1,holdout
7009,7703-ZEKEF,1,development
7010,0723-DRCLG,1,development
7011,5482-NUPNA,1,development
7012,6691-CCIHA,0,development
7013,1685-BQULA,0,holdout
7014,9053-EJUNL,0,holdout
7015,0666-UXTJO,0,holdout
7016,1471-GIQKQ,0,development
7017,4807-IZYOZ,0,holdout
7018,1122-JWTJW,1,holdout
7019,9710-NJERN,0,development
7020,9837-FWLCH,0,development
7021,1699-HPSBG,1,holdout
7022,7203-OYKCT,0,development
7023,1035-IPQPU,0,holdout
7024,7398-LXGYX,0,development
7025,2823-LKABH,0,development
7026,8775-CEBBJ,1,development
7027,0550-DCXLH,0,holdout
7028,9281-CEDRU,0,development
7029,2235-DWLJU,0,development
7030,0871-OPBXW,0,development
7031,3605-JISKB,0,development
7032,6894-LFHLY,1,holdout
7033,9767-FFLEM,0,development
7034,0639-TSIQW,1,development
7035,8456-QDAVC,0,development
7036,7750-EYXWZ,0,holdout
7037,2569-WGERO,0,development
7038,6840-RESVB,0,development
7039,2234-XADUH,0,holdout
7040,4801-JZAZL,0,development
7041,8361-LTMKD,1,development
7042,3186-AJIEK,0,development
